UPG;Country;CC;PopulationTotal;Latitude;Longitude;PrimaryLanguage;Religion;Continent;PChrn
Gawar-Bati;Afghanistan;AF;38000;35.22045;71.53814;Gawar-Bati;Islam;Asia;0
Dadupanthi;India;IN;101000;26.912416;75.787288;Marwari (India);Hinduism;Asia;0
Turks;Kazakhstan;KZ;91000;43.287186;76.896232;Turkish;Islam;Asia;0
Jimdar;India;IN;98000;30.36508152;78.43825791;Garhwali;Hinduism;Asia;0
Ahiska Turks;Russian Federation;RS;80000;45.038046;39.022423;Turkish;Islam;Europe;0
Galo;Pakistan;PK;4000;35.0073;72.9674;Kohistani, Indus;Islam;Asia;0
Olubogo;South Sudan;OD;24500;4.6242;31.91031;Olu’bo;Islam;Africa;0
Wakhi;China;CH;9600;37.38;75.402;Wakhi;Islam;Asia;0
Pangwal Buddhists;India;IN;2100;33.15328;76.49206;Pangwali;Buddhism;Asia;0
Macedonians;Canada;CA;24000;43.7062;-79.3123;Macedonian;Christianity;Americas;0
Katu Hanna;Laos;LA;750;15.590595;107.142317;Katu, Western;Ethnoreligion;Asia;0
Katu Triew;Laos;LA;2500;15.590595;107.142317;Katu, Western;Ethnoreligion;Asia;0
Ta-Oy Pras;Laos;LA;1300;16.266094;106.707533;Ta’oih, Upper;Ethnoreligion;Asia;0
Ta-Oy Ralok;Laos;LA;850;15.975755;106.625407;Ta’oih, Upper;Ethnoreligion;Asia;0
Ta-Oy Tamla;Laos;LA;1600;15.63766;107.211813;Ta’oih, Upper;Ethnoreligion;Asia;0
Baga Fore;Guinea;GV;9500;10.7941;-14.7132;Mbulungish;Islam;Africa;0
Baga Koga;Guinea;GV;5400;10.048028;-12.853688;Susu;Islam;Africa;0
Bhattra (Bhatri);India;IN;335000;19.0814;82.0213;Bhatri;Hinduism;Asia;0
Cape Malay;South Africa;SF;248000;-33.97554;18.44811;Afrikaans;Islam;Africa;0
Tajiks;Germany;GM;25000;52.5149789226;13.3443563628;Tajik;Islam;Europe;0
Vietnamese;Macao;MC;18500;22.1320499852;113.561457193;Vietnamese;Buddhism;Asia;0
Nepalis;Hong Kong;HK;29500;22.3089987285;114.170687868;Nepali;Hinduism;Asia;0
Japanese;Hong Kong;HK;10000;22.2867323206;114.216387942;Japanese;Buddhism;Asia;0
South Asians;Hong Kong;HK;15500;22.3004534722;114.17258091;Urdu;Islam;Asia;0
Akha Eurba;Laos;LA;5900;21.356205;102.107169;Akha;Ethnoreligion;Asia;0
Akha Jijor;Laos;LA;5100;21.222051;101.108595;Akha;Ethnoreligion;Asia;0
Akha Jipea;Laos;LA;9700;21.131453;101.88011;Akha;Buddhism;Asia;0
Akha Jowhoi;Laos;LA;550;21.185418;101.381256;Akha;Ethnoreligion;Asia;0
Akha Ker;Laos;LA;3300;22.152479;101.817706;Akha;Ethnoreligion;Asia;0
Akha Nuver;Laos;LA;6400;22.02299;101.880051;Akha;Ethnoreligion;Asia;0
Akha Pala;Laos;LA;6500;21.0944602;102.1641847;Akha;Ethnoreligion;Asia;0
Akha Piso;Laos;LA;5500;21.578035;101.882316;Akha;Ethnoreligion;Asia;0
Akha Muji;Laos;LA;5300;21.368391;102.131034;Akha;Ethnoreligion;Asia;0
Sida;Laos;LA;2700;21.007379;101.474317;Sila;Ethnoreligion;Asia;0
Akha Luma;Laos;LA;6700;21.160488;102.118674;Akha;Ethnoreligion;Asia;0
Xingmoun Laomai;Laos;LA;6100;20.889184;104.244566;Puoc;Ethnoreligion;Asia;0
Oy Kamsang;Laos;LA;1400;14.811466;106.749345;Oy;Ethnoreligion;Asia;0
Phongset;Laos;LA;1100;21.673561;102.188065;Phunoi;Buddhism;Asia;0
Pong Phen;Laos;LA;3900;20.005982;103.866851;Phong-Kniang;Buddhism;Asia;0
Pong Puang;Laos;LA;3800;20.1757328;104.0074688;Phong-Kniang;Buddhism;Asia;0
Xingmoun Kor;Laos;LA;750;20.931766;104.077998;Puoc;Ethnoreligion;Asia;0
Thai Toum;Laos;LA;2600;18.57761;104.98219;Hung;Ethnoreligion;Asia;0
Yang;Laos;LA;6700;20.61966;101.07723;Bouyei;Ethnoreligion;Asia;0
Chechens;France;FR;67500;48.8822;2.381944;Chechen;Islam;Europe;0
Sapanawas;Brazil;BR;100;-9.83161901055;-71.7591216262;Undetermined;Ethnoreligion;Americas;0
Rohingya;Saudi Arabia;SA;430000;21.4496339099;39.8305073291;Rohingya;Islam;Asia;0
Ghazi;India;IN;1700;22.8444546307;88.8138702649;Bengali;Islam;Asia;0
Baga Mandouri;Guinea;GV;4900;10.76747;-14.60521;Baga Manduri;Islam;Africa;0
Kyrgyz;Germany;GM;14000;50.1129272386;8.67950178467;Kyrgyz;Islam;Europe;0
Zaghawa;United States;US;250;37.967;-91.83324;Zaghawa;Islam;Americas;0
Tatar;Azerbaijan;AJ;15500;40.411197;49.844;Tatar;Islam;Asia;0
Zaghawa;Libya;LY;11500;24.176351;23.43977;Zaghawa;Islam;Africa;0
Ahiska Turks;Uzbekistan;UZ;194000;41.33056;69.32652;Turkish;Islam;Asia;0
Vietnamese;Martinique;MB;375;14.620381;-61.045594;Vietnamese;Buddhism;Americas;0
Vietnamese;Uzbekistan;UZ;425;41.330194;69.267503;Vietnamese;Buddhism;Asia;0
Singmoon;Laos;LA;9500;18.44539;103.363665;Puoc;Ethnoreligion;Asia;0
Ahiska Turks;Ukraine;UP;8000;46.649;32.588;Turkish;Islam;Europe;0
Tatar;Turkmenistan;TX;72000;37.955331;58.337621;Tatar;Islam;Asia;0
Ahiska Turks;Azerbaijan;AJ;27000;39.864427;48.470137;Turkish;Islam;Asia;0
Tatar;United States;US;7000;40.742375;-73.890929;Tatar;Islam;Americas;0
Rashaida;Eritrea;ER;30500;15.3477;38.9247;Arabic, Hijazi;Islam;Africa;0
Vietnamese;China;CH;2700;19.369897;110.093181;Vietnamese;Unaffiliated;Asia;0
Talysh;Iran;IR;147000;38.17158;48.675;Talysh;Islam;Asia;0
Brao;United States;US;100;32.714313;-117.11051;Brao;Ethnoreligion;Americas;0
Andorrans;Andorra;AN;46000;42.48936;1.51829;Catalan;Unaffiliated;Europe;0
Imazighen;France;FR;150000;49.005397;2.21363;Tamazight, Central Atlas;Islam;Europe;0
Imazighen;United Kingdom;UK;3400;51.537269;-0.053662;Tamazight, Central Atlas;Islam;Europe;0
Circassians;Saudi Arabia;SA;29500;24.745494;46.771322;Kabardian;Islam;Asia;0
Evenk;Russian Federation;RS;33000;64.2756;100.21;Evenki;Ethnoreligion;Europe;0
Umpqua;United States;US;900;43.1856273834;-123.367778416;English;Ethnoreligion;Americas;0
Coquille;United States;US;600;43.394329;-124.219609;English;Ethnoreligion;Americas;0
Pequots;United States;US;1500;41.4710608528;-71.9576924592;English;Ethnoreligion;Americas;0
Chechens;Belgium;BE;18000;50.8377;4.406;Chechen;Islam;Europe;0
Middle-Eastern Turkoman;Syria;SY;125000;34.73359;36.72365;Turkish;Islam;Asia;0
Kohistani;Afghanistan;AF;2400;34.4188;70.4678;Gawri;Islam;Asia;0
Assyrians;United Kingdom;UK;7000;51.528511;-0.355176;Assyrian Neo-Aramaic;Christianity;Europe;0
Southeast Pashayi;Afghanistan;AF;172000;34.424012;70.449337;Pashai, Southeast;Islam;Asia;0
Bashgali Nuristani;Pakistan;PK;8900;35.702;71.689;Kateviri;Islam;Asia;0
Divehi;India;IN;74500;10.0675;73.6422;Maldivian;Islam;Asia;0
Brunei Dusun;Brunei;BX;10500;4.9098;114.9033;Kadazan Dusun;Islam;Asia;0
Jiamao Li;China;CH;109000;18.55481;109.85372;Jiamao;Ethnoreligion;Asia;0
Liabuku;Indonesia;ID;850;-5.39659979526;122.684807191;Indonesian;Islam;Asia;0
Kufra Bedouin;Libya;LY;30000;24.172309;23.246315;Arabic, Libyan;Islam;Africa;0
Arabized Birgid;Sudan;SU;242000;12.842579;25.106828;Arabic, Sudanese;Islam;Africa;0
Even;Russian Federation;RS;19000;62.7627;148.1616;Russian;Ethnoreligion;Europe;0
Pubiao;China;CH;425;23.221616;104.804141;Chinese, Mandarin;Ethnoreligion;Asia;0
Maghrebi Jews;Tunisia;TS;1100;36.807597;10.146419;Arabic, Tunisian;Judaism;Africa;0
Saaronge;Chad;CD;92500;12.11866;18.79962;Daju, Dar Daju;Islam;Africa;0
Gibe;Ethiopia;ET;131000;7.1142;39.9984;Oromo, Borana-Arsi-Guji;Christianity;Africa;0
Heishui;China;CH;48500;32.191643;103.038601;Tibetan, Central;Buddhism;Asia;0
Yazidi Kurds;United States;US;1100;40.8136;-96.7077;Kurdish, Northern;Ethnoreligion;Americas;0
Midob;Sudan;SU;92500;15.6341;32.3543;Midob;Islam;Africa;0
Wakhi;Pakistan;PK;17000;36.617193;74.862273;Wakhi;Islam;Asia;0
Mon;Laos;LA;400;19.154769;103.704206;Tho;Ethnoreligion;Asia;0
Hulaula;Iran;IR;375;36.247248;46.27321;Kurdish, Central;Judaism;Asia;0
Sau;Afghanistan;AF;9000;35.170868;71.455997;Savi;Islam;Asia;0
Yuki;United States;US;1200;39.8106490643;-123.254677767;English;Christianity;Americas;0
Mang;China;CH;550;22.54006;102.9422;Mang;Ethnoreligion;Asia;0
Belarusians;Canada;CA;19500;43.647595;-79.563988;Belarusian;Christianity;Americas;0
Burun;Ethiopia;ET;5900;9.871621;34.228894;Mabaan;Christianity;Africa;0
Hesi;India;IN;3900;31.6073;76.579;Pahari-Potwari;Hinduism;Asia;0
Gosangi;India;IN;34000;18.438555;79.128841;Telugu;Hinduism;Asia;0
Manjak;France;FR;25500;48.858649;2.31903;Mandjak;Ethnoreligion;Europe;0
Western Bolivian Guarani;Bolivia;BL;10500;-20.28192;-64.16621;Guaraní, Western Bolivian;Christianity;Americas;0
Bai;South Sudan;OD;4700;7.727036;26.708728;Bai;Ethnoreligion;Africa;0
Southern Ngbandi;Congo, Democratic Republic of the;CG;315000;4.102341;22.445994;Ngbandi, Southern;Ethnoreligion;Africa;0
Tuyuka;Colombia;CO;750;0.4966;-70.11783;Tuyuca;Ethnoreligion;Americas;0
Southern Ngbandi;Congo;CF;3100;2.845545;18.390082;Ngbandi, Southern;Christianity;Africa;0
Maimande;Brazil;BR;150;-13.833333;-59.916667;Mamaindê;Ethnoreligion;Americas;0
Maslam;Chad;CD;1400;12.15819;14.95486;Maslam;Islam;Africa;0
Mbukushu;Angola;AO;13500;-17.2297;22.8714;Mbukushu;Ethnoreligion;Africa;0
Ngondi;Congo;CF;6200;1.63917;16.12504;Ngundi;Christianity;Africa;0
Lulba;Uganda;UG;2700;3.655182;31.720722;Olu’bo;Ethnoreligion;Africa;0
Cong;Vietnam;VM;2000;22.298363;102.789892;Côông;Ethnoreligion;Asia;0
Monjombo;Congo;CF;16500;2.9312;18.4387;Monzombo;Christianity;Africa;0
Ethiopian Jews;Ethiopia;ET;9600;9.0258;38.7598;Amharic;Judaism;Africa;0
Doms;Iran;IR;111000;35.6611;51.4604;Persian, Iranian;Islam;Asia;0
Ghorbati;Afghanistan;AF;13500;34.5003;69.1282;Domari;Islam;Asia;0
Mugat;Tajikistan;TI;5000;40.2922;70.4326;Tajik;Islam;Asia;0
Veps;Russian Federation;RS;6000;61.369261;35.352401;Russian;Christianity;Europe;0
Pinjara, Dhunia (Bengali);India;IN;40500;22.424998;87.3725;Bengali;Islam;Asia;0
Chunari;India;IN;64000;23.140979;87.134957;Bengali;Hinduism;Asia;0
Khalifa;India;IN;8700;22.13;88.5;Bengali;Islam;Asia;0
Byadh;India;IN;1200;23.224858;88.348219;Bengali;Hinduism;Asia;0
Khatik (Bengali);India;IN;11500;22.843397;87.340286;Bengali;Hinduism;Asia;0
Dhal Kstriya;India;IN;125;23.526063;87.315108;Bengali;Hinduism;Asia;0
Kasar (Bengali);India;IN;102000;22.595134;88.359447;Bengali;Hinduism;Asia;0
Bajandar;India;IN;750;23.906981;91.795584;Bengali;Islam;Asia;0
Kapuria;India;IN;1800;23.428441;87.766921;Bengali;Hinduism;Asia;0
Bagti;India;IN;275;23.248259;86.499655;Bengali;Hinduism;Asia;0
Tamboli (Bengali);India;IN;106000;23.232389;87.861439;Bengali;Hinduism;Asia;0
Hajjam (Bengali);India;IN;68000;22.759877;88.852254;Bengali;Islam;Asia;0
East Indians;Guatemala;GT;700;15.825;-88.755;Spanish;Unaffiliated;Americas;0
East Indians;Chile;CI;3900;-53.166667;-70.933333;Hindi;Hinduism;Americas;0
East Indians;Belize;BH;12000;17.499514;-88.194721;Belize English Creole;Unaffiliated;Americas;0
East Indians;Grenada;GJ;4700;12.0546;-61.751;Hindi;Christianity;Americas;0
East Indians;Brazil;BR;2400;-23.55;-46.633333;Hindi;Hinduism;Americas;0
East Indians;Guadeloupe;GP;4500;16.221;-61.522;Tamil;Christianity;Americas;0
East Indians;Argentina;AR;2700;-34.524535;-58.543537;Hindi;Hinduism;Americas;0
East Indians;Venezuela;VE;500;10.5;-66.916667;Hindi;Hinduism;Americas;0
Han Chinese (Hakka);Peru;PE;12500;-12.05006;-77.129384;Chinese, Hakka;Ethnoreligion;Americas;0
Fula Toro;France;FR;1000;48.860359;2.331194;Pulaar;Islam;Europe;0
Sisgars;India;IN;900;22.711983;75.847494;Urdu;Islam;Asia;0
Katong;Laos;LA;1000;15.643444;106.932631;Bru, Eastern;Buddhism;Asia;0
Ismaili Gujarati;United States;US;15000;33.78847;-84.40535;Gujarati;Islam;Americas;0
Chadwa;India;IN;8900;25.703417;72.398314;Urdu;Islam;Asia;0
Tibetans;Sweden;SW;1000;59.354507;18.053548;Tibetan, Central;Buddhism;Europe;0
Han Chinese (Hakka);Guyana;GY;1700;6.796978;-58.148847;Chinese, Hakka;Ethnoreligion;Americas;0
Baisya;India;IN;1600;23.035053;87.90825;Hindi;Hinduism;Asia;0
Tibetans;Taiwan;TW;400;25.027295;121.510489;Tibetan, Central;Buddhism;Asia;0
Meithei;United States;US;150;32.87832;-96.75744;Meitei;Hinduism;Americas;0
Yonaguni;Japan;JA;2200;24.44997;122.99075;Yonaguni;Ethnoreligion;Asia;0
Tibetans;Canada;CA;5200;43.713582;-79.643598;Tibetan, Central;Buddhism;Americas;0
Buryat;Uzbekistan;UZ;1200;41.318345;69.168003;Buriat, Russia;Buddhism;Asia;0
Azerbaijani;Uzbekistan;UZ;81000;41.360187;69.216275;Azerbaijani, North;Islam;Asia;0
Azerbaijani;Turkmenistan;TX;61500;37.946789;58.401318;Azerbaijani, North;Islam;Asia;0
East Indians;Saint Vincent and the Grenadines;VC;1500;13.162636;-61.231525;Vincentian English Creole;Unaffiliated;Americas;0
Chaldeans;Iraq;IZ;67000;37.09724;43.50269;Chaldean Neo-Aramaic;Christianity;Asia;0
Tsaatan;Mongolia;MG;350;51.318;99.317;Tuvan;Ethnoreligion;Asia;0
Han Chinese (Hakka);French Guiana;FG;17000;4.9325;-52.2964;Chinese, Hakka;Ethnoreligion;Americas;0
Soyot;Russian Federation;RS;4200;52.5199;99.8246;Buriat, Russia;Buddhism;Europe;0
East Indians;Saint Lucia;ST;5500;14.001;-60.987;Lesser Antillean French Creole;Unaffiliated;Americas;0
Yakut;China;CH;2700;52.042594;122.056079;Yakut;Ethnoreligion;Asia;0
Eritreans;Germany;GM;61000;48.140578;11.557347;English;Christianity;Europe;0
Judeo-Iraqi Arabs;United Kingdom;UK;6000;51.510859;-0.112548;Arabic, Judeo-Iraqi;Judaism;Europe;0
East Indians;Martinique;MB;6900;14.612962;-61.082014;Tamil;Christianity;Americas;0
Yakha;India;IN;7400;27.33146;88.61507;Yakkha;Hinduism;Asia;0
Durga Murga;India;IN;1200;15.4559;75.008611;Telugu;Hinduism;Asia;0
Angarok;India;IN;6800;23.332078;86.365208;Bengali;Hinduism;Asia;0
Bandi;India;IN;5800;14.70923;74.780519;Telugu;Hinduism;Asia;0
Bhalla;India;IN;3800;24.228813;88.245722;Bengali;Hinduism;Asia;0
Khairwar (Bengali);India;IN;166000;22.784182;87.010038;Bengali;Hinduism;Asia;0
Baida;India;IN;800;23.332078;86.365208;Bengali;Hinduism;Asia;0
Siyalgar;India;IN;7500;21.839858;87.423203;Bengali;Hinduism;Asia;0
Western Baloch;Turkmenistan;TX;52000;37.427719;62.337371;Balochi, Western;Islam;Asia;0
Crimean Tatars;Uzbekistan;UZ;204000;40.12217;65.50777;Crimean Tatar;Islam;Asia;0
Alxa Mongols;China;CH;35500;39.207987;101.67522;Kalmyk-Oirat;Islam;Asia;0
Batlukh-Gid Avar;Russian Federation;RS;50000;43.2171;46.8584;Avar;Islam;Europe;0
Jama Mapun;Malaysia;MY;6500;5.861344;118.079946;Mapun;Islam;Asia;0
Southern Baloch;Qatar;QA;57000;25.287411;51.469826;Balochi, Southern;Islam;Asia;0
Fulfulde-Fulani;France;FR;33000;48.971036;2.295657;Fulfulde, Adamawa;Islam;Europe;0
Shawiya;France;FR;196000;48.973541;2.632009;Tachawit;Islam;Europe;0
Crimean Tatars;Kyrgyzstan;KG;700;42.904685;74.605862;Crimean Tatar;Islam;Asia;0
Sutradhar;India;IN;911000;22.431;87.3215;Bengali;Hinduism;Asia;0
Bhakta;India;IN;2700;23.164544;87.062425;Bengali;Hinduism;Asia;0
Mirshikar;India;IN;9900;22.300575;87.418299;Bengali;Islam;Asia;0
Negev Bedouins;Israel;IS;130000;31.0701;35.0372;Arabic, Eastern Egyptian Bedawi;Islam;Asia;0
Southern Baloch;Saudi Arabia;SA;13500;24.652793;46.686346;Balochi, Southern;Islam;Asia;0
Southern Baloch;United States;US;325;40.724529;-73.807053;Balochi, Southern;Islam;Americas;0
Sunuwar;India;IN;38000;27.066771;88.464167;Sunwar;Hinduism;Asia;0
Tibetans;Bhutan;BT;5800;27.5622;89.5624;Tibetan, Central;Buddhism;Asia;0
Bhujel;India;IN;19000;27.0455;88.4661;Nepali;Hinduism;Asia;0
Tuvinians;Mongolia;MG;6700;50.27611;92.24569;Tuvan;Buddhism;Asia;0
Kyrgyz;China;CH;195000;38.01774;76.0963;Kyrgyz;Islam;Asia;0
Assyrians;Iraq;IZ;204000;37.09724;43.50269;Assyrian Neo-Aramaic;Christianity;Asia;0
Buryat;China;CH;170000;48.75926;117.7863;Buriat, China;Ethnoreligion;Asia;0
Akha;Laos;LA;113000;21.329851;102.163259;Akha;Ethnoreligion;Asia;0
Azerbaijani;Netherlands;NL;7500;52.280307;4.803636;Azerbaijani, North;Islam;Europe;0
Gujaratis;Uganda;UG;29500;0.282216;32.565377;Gujarati;Hinduism;Africa;0
Tilli;India;IN;150000;25.24025;86.977727;Hindi;Hinduism;Asia;0
Acre Arara;Brazil;BR;375;-7.833333;-72.666667;Sharanahua;Ethnoreligion;Americas;0
Pankara;Brazil;BR;3000;-8.4344;-38.740167;Portuguese;Ethnoreligion;Americas;0
Koiupanka;Brazil;BR;1200;-9.215833;-37.756667;Portuguese;Ethnoreligion;Americas;0
Mallah;Nepal;NP;199000;26.454745;87.290001;Nepali;Hinduism;Asia;0
Baniya;Nepal;NP;217000;26.975892;85.34782;Nepali;Hinduism;Asia;0
Rajbhar;Nepal;NP;41500;27.433184;83.847381;Nepali;Hinduism;Asia;0
Dhobi;Nepal;NP;126000;27.007084;84.995788;Nepali;Hinduism;Asia;0
Kanu;Nepal;NP;164000;26.991058;85.052564;Nepali;Hinduism;Asia;0
Halkhor;Nepal;NP;6200;27.025973;84.910601;Nepali;Hinduism;Asia;0
Mali;Nepal;NP;19500;27.019463;84.87856;Nepali;Hinduism;Asia;0
Kayastha;Nepal;NP;79000;26.480373;87.275488;Nepali;Hinduism;Asia;0
Kamar;Nepal;NP;15000;27.752408;85.015624;Nepali;Hinduism;Asia;0
Thakurai;India;IN;11500;27.1073;84.4716;Urdu;Islam;Asia;0
Bisati;India;IN;8700;26.846511;80.946683;Urdu;Islam;Asia;0
Turuk Pasi;India;IN;9300;25.21015;84.99248;Urdu;Islam;Asia;0
Eastern Punjabi;Myanmar;BM;78000;16.867095;96.126759;Punjabi, Eastern;Hinduism;Asia;0
Byangsi;Nepal;NP;2700;29.830702;81.886823;Byangsi;Buddhism;Asia;0
Bambara;Senegal;SG;100000;13.983;-16.267;Bamanankan;Islam;Africa;0
Katokinn;Brazil;BR;1200;-9.254527;-38.004854;Portuguese;Ethnoreligion;Americas;0
Haluwai;Nepal;NP;86500;26.762955;86.222681;Nepali;Hinduism;Asia;0
Western Punjabi;Libya;LY;73000;32.870569;13.211443;Punjabi, Western;Islam;Africa;0
Pari;South Sudan;OD;59000;5.09472;32.48215;Päri;Islam;Africa;0
Domal;India;IN;9200;33.237574;74.311821;Dogri;Islam;Asia;0
Namdagur;India;IN;1200;34.10044;74.820007;Kashmiri;Islam;Asia;0
Viri;South Sudan;OD;54500;7.547912;27.856747;Belanda Viri;Islam;Africa;0
Kresh;South Sudan;OD;9700;8.463;24.8083;Gbaya;Islam;Africa;0
Tingui-Boto;Brazil;BR;800;-9.8987;-36.7065;Portuguese;Ethnoreligion;Americas;0
Lodha;Nepal;NP;42500;27.51882;83.300123;Nepali;Hinduism;Asia;0
Nukuini;Brazil;BR;600;-7.333333;-73.5;Portuguese;Ethnoreligion;Americas;0
Narin;South Sudan;OD;8700;4.7262;33.2519;Laarim;Ethnoreligion;Africa;0
Banda-Ndele;South Sudan;OD;24500;8.00846;26.00594;Banda-Ndélé;Christianity;Africa;0
Sahisia;India;IN;10500;25.545445;87.644985;Urdu;Islam;Asia;0
Bhand;Nepal;NP;17000;29.644105;80.509545;Urdu;Islam;Asia;0
Pendar;India;IN;228000;15.175919;75.422535;Urdu;Islam;Asia;0
Putliwale;India;IN;1000;26.846511;80.946683;Urdu;Islam;Asia;0
Gandharv;India;IN;14000;25.241822;86.993282;Hindi;Hinduism;Asia;0
Kaghzi;India;IN;76000;21.013321;75.563972;Urdu;Islam;Asia;0
Mukeri;India;IN;39000;25.24003;86.984512;Urdu;Islam;Asia;0
Ahmadiya;India;IN;7100;29.6945;77.6738;Urdu;Islam;Asia;0
Muslim Kachera;India;IN;2500;21.1458;79.088155;Urdu;Islam;Asia;0
Nalband;India;IN;4700;26.6;85.48;Urdu;Islam;Asia;0
Jatigar;India;IN;125;16.83;75.71;Urdu;Islam;Asia;0
Gadihar;India;IN;200;24.79988;85.00262;Urdu;Islam;Asia;0
Mondivogula;India;IN;15000;14.87245;77.814823;Urdu;Islam;Asia;0
Cakketakare;India;IN;30;16.712381;81.096733;Urdu;Islam;Asia;0
Pankhiya;India;IN;850;26.449923;80.331874;Urdu;Islam;Asia;0
Sonavar;India;IN;20500;10.92755;79.833531;Urdu;Islam;Asia;0
Khadim;India;IN;375;26.449896;74.639916;Urdu;Islam;Asia;0
Camma;India;IN;7600;26.46816;86.17481;Urdu;Islam;Asia;0
Tirugatigantla;India;IN;1500;17.688047;82.999222;Urdu;Islam;Asia;0
Garodi;India;IN;56000;16.691308;74.244866;Urdu;Islam;Asia;0
Baig;India;IN;26500;11.368618;77.704777;Urdu;Islam;Asia;0
Ganta Sayebulu;India;IN;750;17.2557;81.872797;Urdu;Islam;Asia;0
Khakar;India;IN;33500;15.85;74.5;Urdu;Islam;Asia;0
Sheikhzade;India;IN;5000;29.97256;77.5471;Urdu;Islam;Asia;0
Jarkhandi Hajjam;India;IN;94500;23.964031;86.801915;Urdu;Islam;Asia;0
Manjygur Muslims;India;IN;250;34.1268;74.81894;Urdu;Islam;Asia;0
Rai Bhat Muslims;India;IN;197000;28.97222;77.7058;Urdu;Islam;Asia;0
Phularis;India;IN;28000;19.122656;74.74285;Urdu;Islam;Asia;0
Garadi;India;IN;21500;14.061819;78.754078;Urdu;Islam;Asia;0
Cejara;India;IN;1400;26.447822;74.648189;Urdu;Islam;Asia;0
Dayare;India;IN;1900;8.713914;77.756653;Urdu;Islam;Asia;0
Koda;Bangladesh;BG;1500;24.554;88.649;Koda;Hinduism;Asia;0
Dombi Dasa;India;IN;8800;13.336683;77.112467;Telugu;Hinduism;Asia;0
Kanauri;Pakistan;PK;7300;32.260593;75.159605;Kinnauri;Hinduism;Asia;0
Gujaratis;Rwanda;RW;1400;-1.964299;30.070561;Gujarati;Hinduism;Africa;0
Darmiya;Nepal;NP;1600;29.83684;80.5587;Darmiya;Hinduism;Asia;0
Gujaratis;Burundi;BY;16000;-3.371144;29.35511;Gujarati;Hinduism;Africa;0
Lingala;South Sudan;OD;48500;4.579256;28.437941;Lingala;Islam;Africa;0
Parsi;Sri Lanka;CE;2600;6.903825;79.852905;Gujarati;Other;Asia;0
Shershabadia;India;IN;4400;25.53632;87.57405;Bengali;Islam;Asia;0
Ansari-Momin (Bengali);India;IN;467000;22.884884;88.078183;Bengali;Islam;Asia;0
Shaikh (Bhojpuri);Nepal;NP;323000;27.012336;84.869368;Bhojpuri;Islam;Asia;0
Bodo;Nepal;NP;4900;26.78124;88.08058;Boro (India);Hinduism;Asia;0
Punjabis;Sri Lanka;CE;12500;7.717052;81.70006;Punjabi, Eastern;Sikhism;Asia;0
Muslim Gond;India;IN;28000;21.903865;77.903453;Urdu;Islam;Asia;0
Sudhi;Nepal;NP;154000;26.762601;85.917164;Nepali;Hinduism;Asia;0
Vaghri Koli;Pakistan;PK;16500;26.133605;68.59996;Vaghri;Hinduism;Asia;0
Dhunia;Nepal;NP;2100;26.806809;85.836118;Nepali;Hinduism;Asia;0
Kalkoti;Pakistan;PK;9000;35.344944;72.058454;Kalkoti;Islam;Asia;0
Arain (Punjabi);India;IN;41000;30.246453;77.357462;Punjabi, Eastern;Islam;Asia;0
Majhi;Pakistan;PK;300;31.506776;74.331556;Punjabi, Western;Islam;Asia;0
Marwadi;Nepal;NP;75500;26.477096;87.283124;Nepali;Hinduism;Asia;0
Nurang;Nepal;NP;475;26.482757;87.527293;Nepali;Hinduism;Asia;0
Jaine;Nepal;NP;1700;27.7;85.333333;Nepali;Other;Asia;0
Ashéninka Alto Pichis;Peru;PE;7000;-10.37613;-74.904088;Ashéninka, Pichis;Ethnoreligion;Americas;0
Barae;Nepal;NP;60500;26.875035;85.578349;Nepali;Hinduism;Asia;0
Bestha;India;IN;468000;12.314912;76.648165;Telugu;Hinduism;Asia;0
Jains (Maithili);India;IN;47500;24.791267;84.412401;Maithili;Other;Asia;0
Brokkat;Bhutan;BT;475;27.627186;90.657634;Brokkat;Buddhism;Asia;0
Tseku;Nepal;NP;6500;27.12243;87.8542;Tseku;Buddhism;Asia;0
Hiranbaj;India;IN;900;26.999292;74.241497;Marwari (India);Islam;Asia;0
Pinjara (Punjabi);India;IN;3000;31.236653;76.50242;Punjabi, Eastern;Islam;Asia;0
Arain (Kannauji);India;IN;70500;28.534802;79.97527;Kanauji;Islam;Asia;0
Moghal (Telugu);India;IN;12500;17.417003;78.477119;Telugu;Islam;Asia;0
Ansari-Momin (Telugu);India;IN;140000;14.7817;78.5513;Telugu;Islam;Asia;0
Ushojo;Pakistan;PK;4200;35.150751;72.651055;Ushojo;Islam;Asia;0
Koyava;India;IN;850;12.337494;75.806908;Kodava;Hinduism;Asia;0
Kummara, Kummari;India;IN;309000;12.321028;78.147297;Telugu;Hinduism;Asia;0
Khatik (Punjabi);India;IN;34000;30.7184;76.7922;Punjabi, Eastern;Hinduism;Asia;0
Daoli;India;IN;2800;30.96548;76.52376;Punjabi, Eastern;Hinduism;Asia;0
Kambalattan;India;IN;3200;8.713972;77.7537;Telugu;Hinduism;Asia;0
Natua;India;IN;59000;13.361729;78.020387;Telugu;Hinduism;Asia;0
Neeli;India;IN;27000;19.134514;77.324689;Telugu;Hinduism;Asia;0
Naikpod;India;IN;16000;19.111236;77.623988;Telugu;Hinduism;Asia;0
Pochammalollu;India;IN;7400;19.117096;77.624492;Telugu;Hinduism;Asia;0
Kakmara;India;IN;900;22.430889;87.321492;Telugu;Hinduism;Asia;0
Kuluvan;India;IN;750;8.930803;77.641408;Telugu;Hinduism;Asia;0
Gangawar;India;IN;464000;10.41189;77.526983;Telugu;Hinduism;Asia;0
Surel;Nepal;NP;350;27.98;85.93;Nepali;Hinduism;Asia;0
Ayri;India;IN;225;12.433361;75.742564;Kodava;Hinduism;Asia;0
Nar;India;IN;225;31.79018;77.38517;Pahari-Potwari;Hinduism;Asia;0
Dhamin;India;IN;500;25.8869;87.1966;Maithili;Hinduism;Asia;0
Malaneese;India;IN;2100;32.2399;77.1883;Kanashi;Hinduism;Asia;0
Hindu Santarash;India;IN;4600;26.402724;86.223411;Maithili;Hinduism;Asia;0
Gagra;India;IN;700;30.805241;75.83633;Punjabi, Eastern;Hinduism;Asia;0
Racband;India;IN;3600;31.8099;75.6585;Punjabi, Eastern;Hinduism;Asia;0
Isconahua;Peru;PE;80;-7.9299;-74.5528;Shipibo-Conibo;Ethnoreligion;Americas;0
Lassi;Pakistan;PK;24500;25.327647;66.916544;Lasi;Islam;Asia;0
Churaute;Nepal;NP;8400;26.66;86.89;Nepali;Islam;Asia;0
Xocó;Brazil;BR;450;-9.76331;-37.462983;Portuguese;Christianity;Americas;0
Yidgha;Pakistan;PK;9600;35.988832;71.533912;Yadgha;Islam;Asia;0
Meda;India;IN;53500;12.4206;75.74153;Kodava;Hinduism;Asia;0
Dhimal;India;IN;5400;27.036007;88.262675;Dhimal;Hinduism;Asia;0
Lakha;Bhutan;BT;12500;27.625384;90.293127;Lakha;Buddhism;Asia;0
Nupbi;Bhutan;BT;3000;27.393;90.535;Nupbikha;Buddhism;Asia;0
Lunape;Bhutan;BT;850;28.063;90.172;Lunanakha;Buddhism;Asia;0
Gongduk;Bhutan;BT;2800;27.088;91.187;Gongduk;Buddhism;Asia;0
Phunoi;Laos;LA;48000;21.66473;102.15764;Phunoi;Ethnoreligion;Asia;0
Rachavar;India;IN;45500;12.29581;76.63938;Telugu;Hinduism;Asia;0
Nandiwala;India;IN;9700;19.418606;74.421889;Telugu;Hinduism;Asia;0
Tikulhara;India;IN;2100;25.58841;85.14555;Maithili;Hinduism;Asia;0
Gowro;Pakistan;PK;375;35.050774;73.120991;Gowro;Islam;Asia;0
Thami;China;CH;600;28.151812;85.975883;Thangmi;Ethnoreligion;Asia;0
Laki;Iran;IR;1300000;34.01025;47.93976;Laki;Islam;Asia;0
Chidmar;Nepal;NP;21000;28.056097;81.628032;Nepali;Hinduism;Asia;0
Gangai;Nepal;NP;53500;26.444882;87.440653;Nepali;Hinduism;Asia;0
Kurtop;Bhutan;BT;19000;27.714568;91.153344;Kurtokha;Buddhism;Asia;0
Bangingi Sama;Malaysia;MY;90000;6.6466;117.416;Sama, Balangingih;Islam;Asia;0
Golden Palaung;Myanmar;BM;215000;22.99767;96.93945;Palaung, Shwe;Buddhism;Asia;0
Bhediyar;Nepal;NP;30500;26.970775;85.324201;Nepali;Hinduism;Asia;0
Asheninca Perene;Peru;PE;5500;-10.902;-74.912;Ashéninka, Perené;Ethnoreligion;Americas;0
Dura;Nepal;NP;8800;28.160385;84.308562;Nepali;Buddhism;Asia;0
Kaike;Nepal;NP;2400;28.8707;83.1455;Kaike;Ethnoreligion;Asia;0
Saho;Eritrea;ER;169000;15.094;39.905;Saho;Islam;Africa;0
Badi;India;IN;16000;29.948;77.544;Hindi;Hinduism;Asia;0
Katu Adek;Laos;LA;500;15.78874;107.047871;Katu, Western;Ethnoreligion;Asia;0
Katu Dak Kang;Laos;LA;2000;15.407681;107.03389;Katu, Western;Ethnoreligion;Asia;0
Khatavueng;Laos;LA;1000;18.21702;104.9771;Lao;Ethnoreligion;Asia;0
Phongku;Laos;LA;1800;21.430669;102.20432;Phunoi;Buddhism;Asia;0
Phuthai Angkham;Laos;LA;1700;16.918645;106.073118;Phu Thai;Buddhism;Asia;0
Phutai Kata;Laos;LA;1300;17.5976;105.18861;Phu Thai;Ethnoreligion;Asia;0
Pong Poong;Laos;LA;1100;20.012748;103.865063;Phong-Kniang;Buddhism;Asia;0
Pong Seng;Laos;LA;1000;20.21612;104.001426;Phong-Kniang;Buddhism;Asia;0
Thai Ae;Laos;LA;900;18.26699;104.671142;Tai Yo;Ethnoreligion;Asia;0
Sahrawi;Western Sahara;WI;270000;26.1560452625;-10.6008090189;Hassaniyya;Islam;Africa;0
Qizilbash;Afghanistan;AF;30500;32.364777;62.09403;Dari;Islam;Asia;0
Kamviri Nuristani;Afghanistan;AF;27500;35.40963;71.32342;Komviri;Islam;Asia;0
Usta;India;IN;2500;28.016667;73.311944;Urdu;Islam;Asia;0
Chungar;India;IN;8000;28.01989;73.317553;Urdu;Islam;Asia;0
Galwan;India;IN;1300;34.06237;74.373223;Kashmiri;Islam;Asia;0
Panniandi;India;IN;24000;10.87353;76.976854;Telugu;Hinduism;Asia;0
Mujavar;India;IN;700;23.6884613355;69.2059314185;Kacchi;Islam;Asia;0
Punjabi Sikhs;Hong Kong;HK;7200;22.2750550428;114.176953508;Punjabi, Western;Sikhism;Asia;0
Mir;India;IN;48500;22.307161;73.181213;Gujarati;Islam;Asia;0
Modaks;India;IN;163000;24.267698;87.248663;Bengali;Hinduism;Asia;0
Pahari Nagarkotis;Nepal;NP;1500;27.7;85.333333;Pahari;Hinduism;Asia;0
Kokaniz;India;IN;15000;19.18972;72.972546;Urdu;Islam;Asia;0
Punjabi Sikhs;Bangladesh;BG;80;23.709921;90.407143;Punjabi, Eastern;Sikhism;Asia;0
Shina;India;IN;37000;34.627874;74.804849;Shina;Islam;Asia;0
Latin American Nikkei;Japan;JA;61500;35.650325;139.659766;Spanish;Ethnoreligion;Asia;0
Punjabis;Nepal;NP;16500;26.601554;87.102456;Punjabi, Eastern;Hinduism;Asia;0
Bengali;Sri Lanka;CE;25500;6.940434;79.85901;Bengali;Islam;Asia;0
Gujaratis;Bangladesh;BG;375;23.709921;90.407143;Gujarati;Hinduism;Asia;0
Kuwaiti Arabs;United States;US;26500;34.746481;-92.289595;Arabic, Gulf;Islam;Americas;0
Kuwaiti Arabs;Canada;CA;2400;45.383547;-75.654498;Arabic, Gulf;Islam;Americas;0
Kashmiris;Canada;CA;3500;43.6532;-79.3831;Kashmiri;Islam;Americas;0
Khalka Mongols;Kyrgyzstan;KG;125;42.903153;74.604585;Mongolian, Halh;Unaffiliated;Asia;0
Jains (Bengali);India;IN;130000;22.884884;88.078183;Bengali;Other;Asia;0
Khalka Mongols;Germany;GM;5000;52.529354;13.446077;Mongolian, Halh;Buddhism;Europe;0
Khalka Mongols;Taiwan;TW;7200;25.071195;121.537267;Mongolian, Halh;Ethnoreligion;Asia;0
Deaf Sahrawis;Western Sahara;WI;6100;27.1121692503;-13.1069819916;Natural Sign Language;Islam;Africa;0
Turks;Italy;IT;40000;45.4802270949;9.20215754791;Turkish;Islam;Europe;0
Gazan Arabs;Palestine;XP;2315000;31.347424;34.305955;South Levantine Arabic;Islam;Asia;0
Western Baloch;Iran;IR;3015000;28.85962;60.63237;Balochi, Western;Islam;Asia;0
Azerbaijani;Kazakhstan;KZ;95000;43.257683;76.85815;Azerbaijani, North;Islam;Asia;0
Middle-Eastern Turkoman;Jordan;JO;71500;32.569935;35.857712;Turkish;Islam;Asia;0
Chechens;Kazakhstan;KZ;42000;43.3545;76.943;Chechen;Islam;Asia;0
Turks;North Macedonia;MK;69500;41.68;22.42;Turkish;Islam;Europe;0
Persians;Kuwait;KU;50000;29.3422;47.9386;Persian, Iranian;Islam;Asia;0
Dalu;Bangladesh;BG;750;25.090269;90.195427;Darlong;Hinduism;Asia;0
Tara Baaka;South Sudan;OD;45500;4.871;29.479;Baka (South Sudan);Christianity;Africa;0
Pomak;Türkiye;TU;50000;37.7636;38.288;Turkish;Islam;Asia;0
Danau;Myanmar;BM;5600;20.6644568224;96.7136119897;Danau;Buddhism;Asia;0
Burmese;Macao;MC;7900;22.2041792359;113.546236553;Burmese;Buddhism;Asia;0
Deaf Hongkongers;Hong Kong;HK;7900;22.2781989367;114.169302655;Hong Kong Sign Language;Ethnoreligion;Asia;0
Deaf Macanese;Macao;MC;4800;22.2116;113.55129;Hong Kong Sign Language;Ethnoreligion;Asia;0
French;Saint Pierre and Miquelon;SB;5100;46.7816256319;-56.1757506448;French;Christianity;Americas;0
Moroccan Arabs;Western Sahara;WI;410000;27.1178117005;-13.1613526803;Arabic, Moroccan;Islam;Africa;0
Thai;Hong Kong;HK;13000;22.3345696206;114.18283291;Thai;Buddhism;Asia;0
Central Sama;Malaysia;MY;68500;5.048345;118.289326;Sama, Central;Islam;Asia;0
Kono;Guinea;GV;121000;7.7533;-8.8226;Kono (Guinea);Ethnoreligion;Africa;0
Gaaliin;Sudan;SU;4460000;14.391871;33.521462;Arabic, Sudanese;Islam;Africa;0
Logol;Sudan;SU;37000;10.98053;31.12359;Arabic, Sudanese;Islam;Africa;0
Deaf Israelis;Israel;IS;45000;31.766122;35.17728;Israeli Sign Language;Judaism;Asia;0
Deaf Slovakians;Slovakia;LO;54500;48.189831;17.146007;Slovakian Sign Language;Christianity;Europe;0
Tidikelt Imazighen;Algeria;AG;1300;27.01903;1.86218;Arabic, Algerian;Islam;Africa;0
Ghomara Imazighen;Morocco;MO;77500;35.013;-4.99;Arabic, Moroccan;Islam;Africa;0
Gourara Imazighen;Algeria;AG;13500;32.4872;3.6814;Taznatit;Islam;Africa;0
Akaselem;Togo;TO;82000;9.0329;1.4184;Akaselem;Islam;Africa;0
Deaf Swedes;Sweden;SW;40000;59.381272;17.913401;Swedish Sign Language;Ethnoreligion;Europe;0
Deaf Cambodians;Cambodia;CB;161000;11.550724;104.912376;Cambodian Sign Language;Ethnoreligion;Asia;0
Deaf Burmese;Myanmar;BM;526000;16.789555;96.193739;Myanmar Sign Language;Ethnoreligion;Asia;0
Deaf Bulgarians;Bulgaria;BU;65000;42.665816;23.363808;Bulgarian Sign Language;Ethnoreligion;Europe;0
Deaf Sri Lankans;Sri Lanka;CE;165000;6.930593;79.862046;Sri Lankan Sign Language;Ethnoreligion;Asia;0
Deaf Chileans;Chile;CI;177000;-33.050715;-71.414334;Chilean Sign Language;Christianity;Americas;0
Mandal;Sudan;SU;17000;10.6258;29.942;Arabic, Sudanese;Islam;Africa;0
Salao;Laos;LA;1300;14.980333;106.171854;Lao;Ethnoreligion;Asia;0
Kadung;Nigeria;NI;21000;9.3126;9.179;Kadung;Ethnoreligion;Africa;0
Tuat Imazighen;Algeria;AG;33500;27.878119;-0.282987;Taznatit;Islam;Africa;0
Jalo Imazighen;Libya;LY;45000;29.0246;21.5585;Hassaniyya;Islam;Africa;0
Menasser Imazighen;Algeria;AG;24000;36.5954;2.1869;Tamazight, Central Atlas;Islam;Africa;0
Figig  Imazighen;Algeria;AG;86000;32.0461;-1.2459;Tamazight, Central Atlas;Islam;Africa;0
Imazighen;Netherlands;NL;168000;52.345922;4.791064;Tamazight, Central Atlas;Islam;Europe;0
Riffi Imazighen;France;FR;137000;48.729309;2.593782;Tarifit;Islam;Europe;0
Hupdah;Colombia;CO;300;0.77;-69.6588;Hupdë;Ethnoreligion;Americas;0
Fumbira;Uganda;UG;969000;-1.278391;29.670444;Kinyarwanda;Christianity;Africa;0
Thai;Myanmar;BM;45000;16.7966;96.1705;Thai;Buddhism;Asia;0
Albanians;United Kingdom;UK;42000;51.57485;-0.386123;Albanian, Tosk;Islam;Europe;0
Armenians;Germany;GM;42000;53.572828;10.027204;Armenian;Christianity;Europe;0
Germans;New Zealand;NZ;19500;-36.911155;174.818146;German, Standard;Unaffiliated;Oceania;0
Albanians;Switzerland;SZ;115000;47.5475;7.6023;Albanian, Tosk;Islam;Europe;0
Deaf Tajikistanis;Tajikistan;TI;97500;38.602681;68.787261;Russian Sign Language;Islam;Asia;0
Deaf Puerto Ricans;Puerto Rico;RQ;27500;18.406389;-66.063889;Puerto Rican Sign Language;Christianity;Americas;0
Deaf Kazakhstanis;Kazakhstan;KZ;207000;43.295244;76.951375;Russian Sign Language;Islam;Asia;0
Deaf Kyrgyzstanis;Kyrgyzstan;KG;61000;42.8881;74.640214;Russian Sign Language;Islam;Asia;0
Deaf Irish;Ireland;EI;52000;53.363007;-6.295533;Irish Sign Language;Christianity;Europe;0
Tripuri Namasudra;India;IN;291000;23.5286;91.477;Bengali;Hinduism;Asia;0
Ashkenazi Jews;Moldova;MD;3800;47.030058;28.829157;Yiddish, Eastern;Judaism;Europe;0
Wali;Sudan;SU;2700;11.8478;29.3566;Wali (Sudan);Islam;Africa;0
Uzbeks;China;CH;12500;44.14145;90.29497;Uzbek, Northern;Islam;Asia;0
Bengali;Thailand;TH;35000;13.7704;100.62;Bengali;Islam;Asia;0
Lithuanians;United States;US;46500;41.670661;-87.980474;Lithuanian;Christianity;Americas;0
Syrian Arabs;Saudi Arabia;SA;810000;24.786119;46.787349;Arabic, Levantine;Islam;Asia;0
Deaf Gambians;Gambia;GA;26500;13.46315;-16.683296;Gambian Sign Language;Islam;Africa;0
Keiga;Sudan;SU;15500;11.203737;29.378901;Keiga;Islam;Africa;0
Urdu;Denmark;DA;26500;55.704391;12.488179;Urdu;Islam;Europe;0
Montenegrins;Canada;CA;4400;43.7466;-79.384;Serbian;Christianity;Americas;0
Kabixi-Txapakura;Brazil;BR;10;-15.025;-59.891;Portuguese;Ethnoreligion;Americas;0
Hausa;Ethiopia;ET;131000;9.04782;38.726784;Hausa;Islam;Africa;0
Ashanti;United Kingdom;UK;28000;51.563715;-0.138661;Akan;Christianity;Europe;0
Deaf Solomon Islanders;Solomon Islands;BP;7900;-9.438138;159.969584;Solomon Islands Sign Language;Ethnoreligion;Oceania;0
Deaf Azerbaijanis;Azerbaijan;AJ;102000;40.398808;49.812264;Turkish Sign Language;Islam;Asia;0
Deaf Svalbardians;Svalbard;SV;30;78.22;15.65;Norwegian Sign Language;Unknown;Europe;0
Deaf Timorese;Timor-Leste;TT;6800;-8.558882;125.578037;Indonesian Sign Language;Christianity;Asia;0
Deaf Lebanese;Lebanon;LE;51500;33.85234;35.515019;Jordanian Sign Language;Ethnoreligion;Asia;0
Deaf Panamanians;Panama;PM;42000;8.981318;-79.53461;Panamanian Sign Language;Christianity;Americas;0
Deaf Liberians;Liberia;LI;17000;6.29272;-10.768735;American Sign Language;Ethnoreligion;Africa;0
Deaf Moroccans;Morocco;MO;377000;32.13896;-7.69607;Moroccan Sign Language;Islam;Africa;0
Deaf Sudanese;Sudan;SU;448000;15.583886;32.526356;Natural Sign Language;Ethnoreligion;Africa;0
Deaf Micronesians;Micronesia;FM;1100;7.45;151.85;Natural Sign Language;Unknown;Oceania;0
Deaf Guadeloupeans;Guadeloupe;GP;4500;16.241;-61.533;French Sign Language;Unknown;Americas;0
Deaf Mahorais;Mayotte;MF;3300;-12.7806;45.2278;French Sign Language;Unknown;Africa;0
Deaf Samoans;American Samoa;AQ;450;-14.279;-170.7;American Sign Language;Unknown;Oceania;0
Deaf Marshallese;Marshall Islands;RM;600;7.0916;171.38139;Natural Sign Language;Unknown;Oceania;0
Deaf Dominicans;Dominica;DO;750;15.301;-61.388;American Sign Language;Unknown;Americas;0
Deaf Cook Islanders;Cook Islands;CW;100;-21.2069;-159.77;New Zealand Sign Language;Unknown;Oceania;0
Deaf Sammarinese;San Marino;SM;325;43.9346;12.4473;Italian Sign Language;Unknown;Europe;0
Deaf Arubans;Aruba;AA;1100;12.5186;-70.0358;Sign Language of the Netherlands;Unknown;Americas;0
Deaf Monacans;Monaco;MN;225;43.733;7.416;French Sign Language;Unknown;Europe;0
Deaf Congolese;Congo;CF;25500;-4.2232;15.276625;French Sign Language;Ethnoreligion;Africa;0
Deaf Guineans;Guinea;GV;27000;9.612112;-13.602898;Guinean Sign Language;Ethnoreligion;Africa;0
Deaf Belarusians;Belarus;BO;90500;53.884008;27.649338;Russian Sign Language;Ethnoreligion;Europe;0
Deaf Bosnians;Bosnia and Herzegovina;BK;31500;43.848317;18.333911;Slovenian Sign Language;Ethnoreligion;Europe;0
Deaf Curacaoan;Curacao;UC;1600;12.113036;-68.93838;Sign Language of the Netherlands;Ethnoreligion;Americas;0
Deaf Algerians;Algeria;AG;483000;36.717922;3.137075;Algerian Sign Language;Ethnoreligion;Africa;0
Deaf Syrians;Syria;SY;219000;33.516966;36.383768;Jordanian Sign Language;Ethnoreligion;Asia;0
Deaf Saint Lucians;Saint Lucia;ST;1600;14.018;-60.987;American Sign Language;Ethnoreligion;Americas;0
Deaf Mauritanians;Mauritania;MR;53500;18.124669;-15.976403;American Sign Language;Ethnoreligion;Africa;0
Deaf Chadians;Chad;CD;185000;12.120136;15.045397;Chadian Sign Language;Christianity;Africa;0
Deaf Kittitian;Saint Kitts and Nevis;SC;550;17.3;-62.7333;American Sign Language;Christianity;Americas;0
Deaf Montenegrins;Montenegro;MJ;3700;42.44237;19.268684;Croatian Sign Language;Christianity;Europe;0
Deaf Martinicans;Martinique;MB;3800;14.6;-61.066;French Sign Language;Christianity;Americas;0
Deaf Kosovar;Kosovo;KV;9800;42.672265;21.164624;Albanian Sign Language;Islam;Europe;0
Deaf Papua New Guineans;Papua New Guinea;PP;49500;-9.47137;147.197837;Papua New Guinean Sign Language;Ethnoreligion;Oceania;0
Deaf Niueans;Niue;NE;15;-19.054;-169.92;New Zealand Sign Language;Unaffiliated;Oceania;0
Deaf Manx;Isle of Man;IM;850;54.145;-4.482;British Sign Language;Christianity;Europe;0
Deaf Bissau-Guineans;Guinea-Bissau;PU;10500;11.865486;-15.623748;Guinea-Bissau Sign Language;Islam;Africa;0
Deaf Reunionese;Reunion;RE;4500;-20.881929;55.450632;French Sign Language;Christianity;Africa;0
Deaf Mauritians;Mauritius;MP;7600;-20.165179;57.496521;Mauritian Sign Language;Hinduism;Africa;0
Deaf Tuvaluans;Tuvalu;TV;100;-8.516;179.2;Natural Sign Language;Christianity;Oceania;0
Deaf Cocos Islanders;Cocos (Keeling) Islands;CK;5;-12.119;96.895;Auslan;Islam;Oceania;0
Deaf Antiguans;Antigua and Barbuda;AC;1000;17.116;-61.85;American Sign Language;Unknown;Americas;0
Deaf Turks and Caicos Islanders;Turks and Caicos Islands;TK;500;21.459;-71.139;American Sign Language;Unknown;Americas;0
Deaf Grenadians;Grenada;GJ;1100;12.05;-61.75;American Sign Language;Unknown;Americas;0
Deaf American Virgin Islanders;Virgin Islands;VQ;1100;18.35;-64.95;American Sign Language;Unknown;Americas;0
Deaf Anguillans;Anguilla;AV;175;18.22;-63.05;American Sign Language;Christianity;Americas;0
Deaf Vincentians;Saint Vincent and the Grenadines;VC;1100;13.157;-61.225;American Sign Language;Unknown;Americas;0
Deaf Bermudians;Bermuda;BD;650;32.2953388766;-64.7836934124;American Sign Language;Unknown;Americas;0
Deaf Equatoguineans;Equatorial Guinea;EK;4600;3.747565;8.788437;American Sign Language;Ethnoreligion;Africa;0
Deaf Barbadians;Barbados;BB;2900;13.08755;-59.599185;American Sign Language;Ethnoreligion;Americas;0
Deaf Palauans;Palau;PS;175;7.5;134.624;American Sign Language;Unknown;Oceania;0
Deaf Caymanians;Cayman Islands;CJ;650;19.3017;-81.3738;American Sign Language;Unknown;Americas;0
Deaf Bahamians;Bahamas;BF;4100;25.037566;-77.329685;American Sign Language;Ethnoreligion;Americas;0
Deaf Mariana;Northern Mariana Islands;CQ;500;15.183;145.75;American Sign Language;Unknown;Oceania;0
Deaf Nauruans;Nauru;NR;100;-0.5236;166.914;American Sign Language;Christianity;Oceania;0
Deaf Sint Maarteners;Sint Maarten;NN;475;18.0237;-63.0458;American Sign Language;Unknown;Americas;0
Deaf Chamorro;Guam;GQ;1700;13.4732;144.7535;American Sign Language;Unknown;Oceania;0
Deaf New Caledonians;New Caledonia;NC;2700;-22.2758;166.458;French Sign Language;Unknown;Oceania;0
Deaf Jersey Islanders;Jersey;JE;1100;49.1858;-2.11;British Sign Language;Unknown;Europe;0
Deaf French Polynesians;French Polynesia;FP;2800;-17.535;-149.5696;French Sign Language;Unknown;Oceania;0
Deaf Liechtensteiners;Liechtenstein;LS;400;47.141;9.521;German Sign Language;Unknown;Europe;0
Deaf Christmas Islanders;Christmas Island;KT;15;-10.426;105.672;Auslan;Unknown;Oceania;0
Deaf Saint Barth;Saint Barthelemy;TB;100;17.9005;-62.8502;French Sign Language;Unknown;Americas;0
Deaf Saint Helenians;Saint Helena, Ascension, and Tristan da Cunha;SH;50;-15.924;-5.718;British Sign Language;Unknown;Africa;0
Deaf Guernsey Islanders;Guernsey;GK;650;49.4555;-2.5368;British Sign Language;Unknown;Europe;0
Deaf Montserratians;Montserrat;MH;60;16.7927;-62.21;British Sign Language;Unknown;Americas;0
Deaf Tokelauans;Tokelau;TL;20;-8.557;-172.47;New Zealand Sign Language;Unknown;Oceania;0
Deaf Faroese;Faroe Islands;FO;500;62.0116;-6.7675;Danish Sign Language;Unknown;Europe;0
Deaf Wallisians;Wallis and Futuna;WF;125;-13.28;-176.18;French Sign Language;Unknown;Oceania;0
Deaf Tongans;Tonga;TN;1100;-21.133;-175.2;Natural Sign Language;Unknown;Oceania;0
Deaf Norfolk Islanders;Norfolk Island;NF;20;-29.0338;167.9544;Auslan;Unknown;Oceania;0
Deaf Gibraltarians;Gibraltar;GI;275;36.133;-5.35;British Sign Language;Unknown;Europe;0
Deaf British Virgin Islanders;British Virgin Islands;VI;375;18.431;-64.623;British Sign Language;Unknown;Americas;0
Deaf Guyanese;French Guiana;FG;2800;4.92286;-52.327093;French Sign Language;Ethnoreligion;Americas;0
Deaf Icelanders;Iceland;IC;1600;64.145103;-21.862932;Icelandic Sign Language;Ethnoreligion;Europe;0
Deaf Luxembourgers;Luxembourg;LU;2100;49.614394;6.107489;German Sign Language;Ethnoreligion;Europe;0
Deaf Seychellois;Seychelles;SE;1100;-4.6167;55.45;Seychelles Sign Language;Christianity;Africa;0
Deaf Greenlanders;Greenland;GL;325;64.175;-51.7389;Danish Sign Language;Christianity;Americas;0
Deaf Andorrans;Andorra;AN;800;42.5;1.5;French Sign Language;Christianity;Europe;0
Deaf Palestinian Arabs;Palestine;XP;57000;31.8104;35.2459;Egyptian Sign Language;Islam;Asia;0
Deaf Georgians;Georgia;GG;37000;41.696055;44.826407;Georgian Sign Language;Ethnoreligion;Asia;0
Deaf Maldivans;Maldives;MV;2300;4.172809;73.503947;Maldivian Sign Language;Ethnoreligion;Asia;0
Deaf Comorans;Comoros;CN;3500;-11.736196;43.230809;Comorian Sign Language;Ethnoreligion;Africa;0
Deaf Cabo Verdeans;Cabo Verde;CV;3000;14.913248;-23.520646;Cape Verdian Sign Language;Christianity;Africa;0
Deaf Beninese;Benin;BN;34500;6.519016;2.644998;Benin Sign Language;Ethnoreligion;Africa;0
Deaf Santomeans;Sao Tome and Principe;TP;2300;0.336;6.73;Sao Tome and Principe Sign Language;Unknown;Africa;0
Deaf Eritreans;Eritrea;ER;40000;15.3532;38.94556;Eritrean Sign Language;Ethnoreligion;Africa;0
Deaf Djiboutians;Djibouti;DJ;10000;11.561922;43.137174;Somali Sign Language;Ethnoreligion;Africa;0
Deaf Central Africans;Central African Republic;CT;23000;4.407723;18.544486;Francophone African Sign Language;Ethnoreligion;Africa;0
Deaf Gabonese;Gabon;GB;9400;0.37292;9.475531;Gabonese Sign Language;Ethnoreligion;Africa;0
Deaf Emiratis;United Arab Emirates;AE;97000;24.461549;54.360312;Emirati Sign Language;Ethnoreligion;Asia;0
Deaf Somalis;Somalia;SO;191000;2.045118;45.331873;Somali Sign Language;Ethnoreligion;Africa;0
Deaf Cameroonians;Cameroon;CM;147000;3.898053;11.528684;Cameroon Sign Language;Ethnoreligion;Africa;0
Deaf Yemenis;Yemen;YM;287000;15.343827;44.195614;Yemeni Sign Language;Ethnoreligion;Asia;0
Deaf Samoans;Samoa;WS;850;-13.838198;-171.786896;Samoan Sign Language;Ethnoreligion;Oceania;0
Deaf Iraqis;Iraq;IZ;445000;33.317339;44.489589;Iraqi Sign Language;Ethnoreligion;Asia;0
Deaf Bruneians;Brunei;BX;2100;4.936904;114.938592;Brunei Sign Language;Ethnoreligion;Asia;0
Deaf Bhutanese;Bhutan;BT;7800;27.445864;89.662557;Bhutanese Sign Language;Ethnoreligion;Asia;0
Deaf Angolans;Angola;AO;63500;-8.823472;13.268967;Angolan Sign Language;Ethnoreligion;Africa;0
Deaf South Sudanese;South Sudan;OD;63500;4.849471;31.600134;South Sudanese Sign Language;Christianity;Africa;0
Deaf Fijians;Fiji;FJ;3700;-18.10317;178.478358;Fiji Sign Language;Ethnoreligion;Oceania;0
Deaf Kuwaitis;Kuwait;KU;12000;29.313351;48.070326;Kuwaiti Sign Language;Ethnoreligion;Asia;0
Deaf Surinamers;Suriname;NS;6100;5.821159;-55.196037;Surinamese Sign Language;Ethnoreligion;Americas;0
Deaf Swazis;Eswatini;WZ;6100;-26.33092;31.152454;Swazi Sign Language;Ethnoreligion;Africa;0
Deaf Koreans;North Korea;KN;269000;39.063564;125.76268;North Korean Sign Language;Ethnoreligion;Asia;0
Deaf Cypriots;Cyprus;CY;3900;35.170163;33.333141;Cypriot Sign Language;Ethnoreligion;Asia;0
Deaf I-Kiribati;Kiribati;KR;1300;1.3569;172.9305;Kiribati Sign Language;Unknown;Oceania;0
Deaf Ni-Vanuatu;Vanuatu;NH;2000;-17.736479;168.336357;Vanuatu Sign Language;Ethnoreligion;Oceania;0
Deaf Bahrainis;Bahrain;BA;14500;26.229726;50.579795;Bahraini Sign Language;Ethnoreligion;Asia;0
Deaf Omanis;Oman;MU;46000;23.62081;58.508298;Omani Sign Language;Ethnoreligion;Asia;0
Deaf Qataris;Qatar;QA;23500;25.287746;51.512553;Qatari Unified Sign Language;Ethnoreligion;Asia;0
Deaf Guyanese;Guyana;GY;8200;6.804709;-58.154897;Guyanese Sign Language;Christianity;Americas;0
Javanese;Christmas Island;KT;50;-10.418353;105.67777;Javanese;Islam;Oceania;0
Circassians;Uzbekistan;UZ;1700;41.3068;69.1853;Kabardian;Islam;Asia;0
Kyrgyz;Canada;CA;1100;43.721473;-79.324609;Kyrgyz;Islam;Americas;0
Indo-Pakistani;Christmas Island;KT;60;-10.421818;105.679695;Tamil;Islam;Oceania;0
Karachay;United States;US;475;40.916384;-74.161432;Karachay-Balkar;Islam;Americas;0
Chechens;Uzbekistan;UZ;1900;42.494246;59.60537;Chechen;Islam;Asia;0
Somalis;Sudan;SU;2500;15.493053;32.578356;Somali;Islam;Africa;0
Somalis;Eritrea;ER;53000;15.3449;38.9425;Somali;Islam;Africa;0
Chechens;Kyrgyzstan;KG;1700;42.879034;74.555156;Chechen;Islam;Asia;0
Tajiks;Canada;CA;3100;43.6956337266;-79.4149760503;Tajik;Islam;Americas;0
Ashkenazi Jews;Azerbaijan;AJ;18000;40.38344;49.893226;Yiddish, Eastern;Judaism;Asia;0
Angolans;Canada;CA;3200;43.7805;-79.3738;Portuguese;Ethnoreligion;Americas;0
Ashkenazi Jews;Switzerland;SZ;18000;47.410528;8.54985;Yiddish, Eastern;Judaism;Europe;0
Cona Monba;China;CH;58500;27.894049;92.206914;Monpa, Tawang;Buddhism;Asia;0
Burundians;Belgium;BE;8700;50.857552;4.419622;French;Christianity;Europe;0
Ashkenazi Jews;Turkmenistan;TX;750;37.953345;58.418685;Yiddish, Eastern;Judaism;Asia;0
Thai;Cambodia;CB;47000;11.5569;104.8665;Thai;Buddhism;Asia;0
Mashhadi Jews;United States;US;5300;40.803556;-73.744662;English;Judaism;Americas;0
Ashkenazi Jews;Poland;PL;3200;52.164096;21.044632;Yiddish, Eastern;Judaism;Europe;0
Moors;Mali;ML;687000;15.381;-11.475;Hassaniyya;Islam;Africa;0
Gulf Arabs;Bahrain;BA;137000;26.136371;50.60272;Arabic, Baharna;Islam;Asia;0
Jebala;France;FR;25000;48.87153;2.189643;Arabic, Moroccan;Islam;Europe;0
Najdi Arabs;United States;US;79000;34.092246;-118.287293;Arabic, Najdi;Islam;Americas;0
Levantine Arabs;Dominica;DO;50;15.307;-61.387;Arabic, Standard;Islam;Americas;0
Levantine Arabs;Curacao;UC;325;12.143255;-68.915309;Arabic, Standard;Islam;Americas;0
Middle Eastern Arabs;Germany;GM;103000;52.51761;13.408391;Arabic, Levantine;Islam;Europe;0
Libyans;Spain;SP;1100;41.354537;2.145709;Arabic, Libyan;Islam;Europe;0
Libyan Arabs;Italy;IT;41500;41.883986;12.51014;Arabic, Libyan;Islam;Europe;0
Levantine Arabs;Ecuador;EC;3200;-2.203411;-79.921002;Arabic, Standard;Islam;Americas;0
Levantine Arabs;British Virgin Islands;VI;60;18.429935;-64.619626;Arabic, Standard;Islam;Americas;0
Libyan Arabs;Tunisia;TS;314000;36.7526;10.224;Arabic, Libyan;Islam;Africa;0
Palestinian Arabs;Egypt;EG;145000;30.129;31.3999;Arabic, Levantine;Islam;Africa;0
Moors;Morocco;MO;3105000;29.6994;-9.7372;Hassaniyya;Islam;Africa;0
Mauritanians;United States;US;1300;42.337648;-71.072716;Hassaniyya;Islam;Americas;0
Libyans;United States;US;11000;40.83458;-73.868919;Arabic, Libyan;Islam;Americas;0
Arabized Africans;Qatar;QA;49000;25.303898;51.476344;Arabic, Gulf;Islam;Asia;0
Kurmanji Kurds;Uzbekistan;UZ;3400;42.353759;59.580848;Kurdish, Northern;Islam;Asia;0
Kurmanji Kurds;Kazakhstan;KZ;51000;42.324101;69.595207;Kurdish, Northern;Islam;Asia;0
Sorani Kurds;Jordan;JO;40000;31.967572;35.899595;Kurdish, Central;Islam;Asia;0
Kurmanji Kurds;Bahrain;BA;91000;26.212895;50.471966;Kurdish, Northern;Islam;Asia;0
Dar Fur Daju;Sudan;SU;127000;12.25982;25.31274;Daju, Dar Fur;Islam;Africa;0
Karko;Sudan;SU;30000;12.08;29.4006;Karko;Islam;Africa;0
Tagoy;Sudan;SU;26500;12.1133;30.848;Tagoi;Islam;Africa;0
Tumtum;Sudan;SU;21500;10.63777;30.4128;Tumtum;Islam;Africa;0
Kadaru;Sudan;SU;45500;12.15545;30.2709;Kadaru;Islam;Africa;0
Dungans;Uzbekistan;UZ;1900;41.353986;69.385483;Dungan;Islam;Asia;0
Gulfan;Sudan;SU;45500;11.64319;29.81219;Ghulfan;Islam;Africa;0
Lak;Uzbekistan;UZ;4100;42.416497;59.474104;Lak;Islam;Asia;0
Ingush;Kazakhstan;KZ;21000;43.3471;76.8612;Ingush;Islam;Asia;0
Tatars;Canada;CA;5200;43.5849872078;-79.6333293218;Tatar;Islam;Americas;0
Tajiks;United States;US;2400;40.662507;-73.931422;Tajik;Islam;Americas;0
Turks;Norway;NO;20500;59.9366;10.6724;Turkish;Islam;Europe;0
Chechens;Jordan;JO;8300;31.987;35.959;Chechen;Islam;Asia;0
Kazakh;Iran;IR;6000;37.23523;54.08519;Kazakh;Islam;Asia;0
Circassians;United States;US;6900;43.058449;-76.145707;Adyghe;Islam;Americas;0
Chechens;Austria;AU;30500;46.63333;14.308752;Chechen;Islam;Europe;0
Turks;Kosovo;KV;13000;42.296435;20.669903;Turkish;Islam;Europe;0
Somalis;Canada;CA;66500;43.7354;-79.5614;Somali;Islam;Americas;0
Somalis;Saudi Arabia;SA;77000;24.5874;46.622;Somali;Islam;Asia;0
Punjabis;Afghanistan;AF;8800;34.534;69.194;Punjabi, Eastern;Islam;Asia;0
Hausa;Algeria;AG;12000;36.7368;3.195;Hausa;Islam;Africa;0
Belarusians;Azerbaijan;AJ;6900;40.369164;49.84224;Belarusian;Christianity;Asia;0
Belarusians;Tajikistan;TI;4200;38.512322;68.74002;Belarusian;Christianity;Asia;0
Armenians;Tajikistan;TI;4800;38.571344;68.760995;Armenian;Christianity;Asia;0
Belarusians;Turkmenistan;TX;4500;37.934181;58.385168;Belarusian;Christianity;Asia;0
Chaldeans;Türkiye;TU;3000;37.177567;42.544317;Chaldean Neo-Aramaic;Christianity;Asia;0
Armenians;Italy;IT;1100;45.460472;9.198196;Armenian;Christianity;Europe;0
Armenians;Uzbekistan;UZ;36000;41.332229;69.246086;Armenian;Christianity;Asia;0
Armenians;Turkmenistan;TX;19500;37.939352;58.364739;Armenian;Christianity;Asia;0
Armenians;Kazakhstan;KZ;19500;42.320798;69.597847;Armenian;Christianity;Asia;0
Vietnamese;New Caledonia;NC;4200;-22.2723;166.4679;Vietnamese;Christianity;Oceania;0
Vietnamese;Vanuatu;NH;475;-17.721369;168.312874;Vietnamese;Christianity;Oceania;0
Basque;Venezuela;VE;5400;10.4761;-66.905;Basque;Christianity;Americas;0
Germans;Mexico;MX;13500;19.503372;-99.252537;German, Standard;Christianity;Americas;0
Laki;Iraq;IZ;128000;33.149251;45.967303;Luri, Northern;Islam;Asia;0
Myen;Laos;LA;800;21.189654;101.153589;Burmese;Ethnoreligion;Asia;0
Western Chams;United States;US;1200;33.79569;-118.189688;Cham, Western;Ethnoreligion;Americas;0
Rumai De`ang;China;CH;6200;24.14718;97.95457;Palaung, Rumai;Buddhism;Asia;0
Persians;Syria;SY;9700;33.522;36.279;Persian, Iranian;Islam;Asia;0
Persians;Uzbekistan;UZ;34500;41.29;69.2765;Persian, Iranian;Islam;Asia;0
Djiboutian Arabs;Djibouti;DJ;79000;11.564028;43.111031;Arabic, Ta’izzi-Adeni;Islam;Africa;0
Chamorros;Micronesia;FM;1200;6.945694;158.194738;Chamorro;Christianity;Oceania;0
Moor;Niger;NG;466000;15.9022;5.8029;Hassaniyya;Islam;Africa;0
Dalu;India;IN;16500;26.056375;91.757424;Bengali;Hinduism;Asia;0
Malakar;India;IN;67000;23.903784;91.56711;Bengali;Hinduism;Asia;0
Antiguans;Canada;CA;4800;43.8004;-79.2828;Leeward Caribbean English Creole;Christianity;Americas;0
Ashkenazi Jews;Kazakhstan;KZ;1400;43.270727;76.949962;Russian;Judaism;Asia;0
Kurmanji Kurds;Turkmenistan;TX;8100;37.931438;58.39751;Kurdish, Northern;Islam;Asia;0
Moroccan Jews;United States;US;25000;34.07175;-118.36445;Arabic, Judeo-Moroccan;Judaism;Americas;0
Kumzari;Oman;MU;5000;26.16023;56.42019;Kumzari;Islam;Asia;0
Pu Peo;Vietnam;VM;700;23.04628;104.879227;Qabiao;Ethnoreligion;Asia;0
Soi;Iran;IR;8000;31.8764;54.3889;Soi;Islam;Asia;0
Saudi Arabs;Syria;SY;1465000;34.53699;38.62842;Arabic, Najdi;Islam;Asia;0
Sudanese Arabs;Egypt;EG;4265000;30.0278;31.2379;Arabic, Sudanese;Islam;Africa;0
Rashaida;Sudan;SU;151000;18.430316;37.830504;Arabic, Gulf;Islam;Africa;0
Saudi Arabs;Iraq;IZ;1970000;31.7685;43.19846;Arabic, Najdi;Islam;Asia;0
Doms;Egypt;EG;457000;31.209933;29.962397;Domari;Islam;Africa;0
Kurmanji Kurds;Iran;IR;570000;37.4744;57.33;Kurdish, Northern;Islam;Asia;0
Deaf Congolese;Congo, Democratic Republic of the;CG;1490000;-4.405165;15.387264;Congolese Sign Language;Ethnoreligion;Africa;0
Hausa;Equatorial Guinea;EK;32000;1.8541;9.7694;Hausa;Islam;Africa;0
Hausa;Congo;CF;12500;1.654223;14.571613;Hausa;Islam;Africa;0
Hausa;Central African Republic;CT;41000;10.2901;22.7839;Hausa;Islam;Africa;0
Hausa;Gabon;GB;44500;0.4485;9.4296;Hausa;Islam;Africa;0
Hausa;Benin;BN;43000;9.3723;2.6182;Hausa;Islam;Africa;0
Hausa;Togo;TO;25500;6.1792;1.3434;Hausa;Islam;Africa;0
Manx;Canada;CA;6500;43.6559;-79.3819;English;Christianity;Americas;0
Gorani;Kosovo;KV;26500;42.045;20.629;Serbian;Islam;Europe;0
Cubeo;Brazil;BR;550;0.084;-67.3343;Cubeo;Ethnoreligion;Americas;0
Béké White Creole;Martinique;MB;3500;14.6316;-61.024;French;Christianity;Americas;0
Turks;Pakistan;PK;2500;35.25542;73.211292;Turkish;Islam;Asia;0
Ashkenazi Jews;Germany;GM;8600;52.454541;13.379535;Yiddish, Eastern;Judaism;Europe;0
Hausa;United States;US;5300;40.8466;-73.9119;Hausa;Islam;Americas;0
Thai;France;FR;10500;48.86607;2.346611;Thai;Buddhism;Europe;0
Basque;Chile;CI;8000;-33.5202;-70.6506;Basque;Christianity;Americas;0
Persians;Pakistan;PK;13000;34.015379;71.568343;Persian, Iranian;Islam;Asia;0
Burmese;Cambodia;CB;5000;11.5564;104.8891;Burmese;Buddhism;Asia;0
Thai;Malaysia;MY;34000;3.0805;101.6527;Thai;Buddhism;Asia;0
Albanians;Austria;AU;24000;48.183284;16.371204;Albanian, Tosk;Islam;Europe;0
Albanians;Montenegro;MJ;49500;42.440512;19.261996;Albanian, Gheg;Islam;Europe;0
Cocos Malays;Cocos (Keeling) Islands;CK;550;-12.185468;96.831418;Malay, Cocos Islands;Islam;Oceania;0
Deaf Ivoirians;Cote d’Ivoire;IV;105000;5.501574;-4.046213;Francophone African Sign Language;Ethnoreligion;Africa;0
Deaf Portuguese;Portugal;PO;103000;38.766824;-9.176629;Portuguese Sign Language;Christianity;Europe;0
Sicilians;Canada;CA;7800;43.6615703638;-79.5043915111;Sicilian;Christianity;Americas;0
Luxembourgers;Canada;CA;4400;43.653226;-79.383184;Luxembourgish;Christianity;Americas;0
Bosniaks;Austria;AU;223000;47.0345;15.417;Bosnian;Islam;Europe;0
Georgians;Russian Federation;RS;113000;55.75;37.616667;Georgian;Christianity;Europe;0
Southern Saami;Sweden;SW;600;63.8522;15.5559;Saami, South;Christianity;Europe;0
Austrians;Canada;CA;22500;43.811141044;-79.4037852038;Bavarian;Christianity;Americas;0
Dheevara;India;IN;473000;8.96116;76.53323;Malayalam;Hinduism;Asia;0
Serbs;Austria;AU;154000;48.216307;16.318657;Serbian;Christianity;Europe;0
Pomo;United States;US;11500;38.971704;-123.120212;English;Christianity;Americas;0
Muchi Chamar;India;IN;24000;17.424289;78.470015;Telugu;Hinduism;Asia;0
Saradagallu;India;IN;21000;17.079082;78.200103;Telugu;Hinduism;Asia;0
Dhekaro;India;IN;1200;24.034569;87.416786;Bengali;Hinduism;Asia;0
Dahalo;Kenya;KE;650;-2.1843;40.36999;Swahili;Ethnoreligion;Africa;0
Songhai;Burkina Faso;UV;256000;14.34761;0.22932;Songhay, Humburi Senni;Islam;Africa;0
Kotokoli;Togo;TO;526000;8.5633;0.9825;Tem;Islam;Africa;0
Binga;Sudan;SU;1000;10.4335;23.375;Yulu;Ethnoreligion;Africa;0
Subei;Sudan;SU;8400;11.751528;29.357972;Arabic, Sudanese;Islam;Africa;0
Borogo;Sudan;SU;5000;11.980667;29.098722;Arabic, Sudanese;Islam;Africa;0
Kurundi;Sudan;SU;21000;10.979;31.022528;Arabic, Sudanese;Islam;Africa;0
Shawafna;Sudan;SU;4500;10.94162;30.56298;Arabic, Sudanese;Islam;Africa;0
Kasha;Sudan;SU;14000;12.000806;29.152528;Arabic, Sudanese;Islam;Africa;0
Kudur;Sudan;SU;10000;12.099833;29.71075;Arabic, Sudanese;Islam;Africa;0
Antiti;Sudan;SU;16500;11.772528;29.320639;Arabic, Sudanese;Islam;Africa;0
Mirisia Zuruk;Sudan;SU;23000;10.865417;30.746472;Arabic, Sudanese;Islam;Africa;0
Abu-Junuk;Sudan;SU;9800;11.982667;28.961389;Arabic, Sudanese;Islam;Africa;0
Kujriya;Sudan;SU;15000;12.029917;29.321694;Arabic, Sudanese;Islam;Africa;0
Kuwala;Sudan;SU;21000;11.070333;31.003278;Arabic, Sudanese;Islam;Africa;0
Bindili;Sudan;SU;7100;10.845111;30.05;Arabic, Sudanese;Islam;Africa;0
Tasoomi;Sudan;SU;27000;10.638844;30.38402;Arabic, Sudanese;Islam;Africa;0
Tabak;Sudan;SU;21000;11.226639;29.112139;Arabic, Sudanese;Islam;Africa;0
Hawazama;Sudan;SU;7500;11.003848;30.190293;Arabic, Sudanese;Islam;Africa;0
Lamira;Sudan;SU;24000;10.176694;30.739306;Arabic, Sudanese;Islam;Africa;0
Kaijen;Sudan;SU;15000;11.088306;30.984639;Arabic, Sudanese;Islam;Africa;0
Tata;Sudan;SU;18000;10.643061;30.388741;Arabic, Sudanese;Islam;Africa;0
Kauyaru;Sudan;SU;6300;11.003848;30.190293;Arabic, Sudanese;Islam;Africa;0
Kalik;Sudan;SU;31000;12.034583;29.59875;Arabic, Sudanese;Islam;Africa;0
Wadalka;Sudan;SU;37000;12.408861;31.319444;Arabic, Sudanese;Islam;Africa;0
Hijeraat;Sudan;SU;24500;11.876583;31.138389;Arabic, Sudanese;Islam;Africa;0
Turuj;Sudan;SU;26500;12.37475;30.945167;Arabic, Sudanese;Islam;Africa;0
Kamda;Sudan;SU;30000;11.471056;29.203194;Arabic, Sudanese;Islam;Africa;0
Rashad;Sudan;SU;77000;11.87575;31.111222;Arabic, Sudanese;Islam;Africa;0
Farla;Sudan;SU;26500;11.894111;31.011;Arabic, Sudanese;Islam;Africa;0
Sagolle;Sudan;SU;26000;11.01779;29.588459;Arabic, Sudanese;Islam;Africa;0
Trawing;Sudan;SU;2200;10.893778;29.752417;Arabic, Sudanese;Islam;Africa;0
Kega-Alkheel;Sudan;SU;21000;11.37075;29.751528;Arabic, Sudanese;Islam;Africa;0
Kenana;Sudan;SU;35000;11.087306;30.984639;Arabic, Sudanese;Islam;Africa;0
Iraqi Jews;Iraq;IZ;4;33.31648;44.395542;Arabic, Judeo-Iraqi;Judaism;Asia;0
Arabized Blacks;Libya;LY;131000;32.8597;13.241;Arabic, Libyan;Islam;Africa;0
Cuban Jews;Cuba;CU;500;23.136276;-82.396751;Spanish;Judaism;Americas;0
Tukum;Sudan;SU;22000;12.083556;30.882806;Tagoi;Islam;Africa;0
Borono;Sudan;SU;24000;10.94162;30.56298;Kanuri, Yerwa;Islam;Africa;0
Surinamese Jews;Suriname;NS;225;5.811666;-55.173398;Portuguese;Judaism;Americas;0
Talasa;Sudan;SU;24500;10.194944;31.131556;Tumtum;Islam;Africa;0
Kajakaja;Sudan;SU;37000;11.470444;31.240694;Tegali;Islam;Africa;0
Dajo;Sudan;SU;35000;11.391944;29.014444;Daju, Dar Fur;Islam;Africa;0
Spanish Jews;United States;US;325;40.79056;-73.965287;English;Judaism;Americas;0
Dalang;Sudan;SU;1000;11.645111;29.7945;Dilling;Islam;Africa;0
Belbali;Algeria;AG;3800;29.405463;-3.255986;Korandje;Islam;Africa;0
Arra;Sudan;SU;2400;10.641124;30.00524;Ngile;Islam;Africa;0
Doloka;Sudan;SU;14500;10.862278;29.748111;Ngile;Islam;Africa;0
Circassians;Israel;IS;3500;32.721;35.441;Adyghe;Islam;Asia;0
Ale;Ethiopia;ET;74500;5.4341;37.2327;Ale;Ethnoreligion;Africa;0
Bilen;Eritrea;ER;77500;15.709;38.268;Bilen;Islam;Africa;0
Kalanadies;India;IN;1500;11.685917;76.131236;Malayalam;Hinduism;Asia;0
Kummara, Kusuvan;India;IN;7000;11.29183;75.950993;Malayalam;Hinduism;Asia;0
Western Chams;Laos;LA;250;17.972941;102.618209;Cham, Western;Islam;Asia;0
Western Pashtun;Iran;IR;2445000;33.637;60.274;Pashto, Southern;Islam;Asia;0
Samaritans;Palestine;XP;425;32.21272;35.287431;Arabic, Levantine;Ethnoreligion;Asia;0
Deaf Maltese;Malta;MT;2800;35.920561;14.477307;Maltese Sign Language;Ethnoreligion;Europe;0
Deaf Armenians;Armenia;AM;27500;40.144984;44.523109;Armenian Sign Language;Ethnoreligion;Asia;0
Kate;Laos;LA;950;15.0795;105.8998;Lao;Ethnoreligion;Asia;0
Sivandi;Iran;IR;8000;30.1141;52.087;Sivandi;Islam;Asia;0
Gazi;Iran;IR;6000;33.928753;51.604348;Persian, Iranian;Islam;Asia;0
Khunsari;Iran;IR;23500;34.0063;51.3942;Khunsari;Islam;Asia;0
Deaf Saudi Arabians;Saudi Arabia;SA;348000;24.686882;46.72901;Saudi Arabian Sign Language;Islam;Asia;0
Deaf Laotians;Laos;LA;68000;17.974777;102.626223;Laos Sign Language;Ethnoreligion;Asia;0
Deaf Jamaicans;Jamaica;JM;27500;17.976886;-76.792403;Jamaican Sign Language;Ethnoreligion;Americas;0
Deaf Italians;Italy;IT;600000;41.940449;12.531651;Italian Sign Language;Christianity;Europe;0
Deaf Pakistanis;Pakistan;PK;10160000;31.713581;73.978827;Pakistan Sign Language;Islam;Asia;0
Deaf Greeks;Greece;GR;55500;37.953754;23.691784;Greek Sign Language;Ethnoreligion;Europe;0
Deaf Libyans;Libya;LY;70500;32.884578;13.258611;Libyan Sign Language;Islam;Africa;0
Sarikoli Tajiks;China;CH;20500;37.90501;75.14486;Sarikoli;Islam;Asia;0
Avar;Azerbaijan;AJ;45000;41.70474;46.55802;Avar;Islam;Asia;0
Northern Tati;Iran;IR;45500;38.845751;45.66249;Karingani;Islam;Asia;0
Turkmen;Uzbekistan;UZ;223000;42.461575;59.602795;Turkmen;Islam;Asia;0
Central Tati;Iran;IR;41500;37.368816;48.31128;Shahrudi;Islam;Asia;0
Semnani;Iran;IR;22000;35.5295;53.2868;Semnani;Islam;Asia;0
Kongsat;Laos;LA;850;21.190378;102.154695;Akha;Ethnoreligion;Asia;0
Murego-Gubden;Russian Federation;RS;39000;42.51275;47.63657;Dargwa;Islam;Europe;0
Arem;Laos;LA;900;18.1691;105.47;Lao;Ethnoreligion;Asia;0
Deaf Cubans;Cuba;CU;109000;23.103219;-82.417973;Cuban Sign Language;Ethnoreligion;Americas;0
Zartoshi Zoroastrians;Iran;IR;8000;31.8161;54.44689;Persian, Iranian;Other;Asia;0
Deaf Mozambicans;Mozambique;MZ;147000;-25.948215;32.592241;Mozambican Sign Language;Ethnoreligion;Africa;0
Idaksahak;Mali;ML;160000;15.915101;2.398555;Tadaksahak;Islam;Africa;0
Libyan Arabs;Libya;LY;2785000;32.867838;13.192789;Arabic, Libyan;Islam;Africa;0
Deaf Poles;Poland;PL;384000;52.265553;20.988732;Polish Sign Language;Christianity;Europe;0
Deaf Iranians;Iran;IR;885000;35.69219;51.09964;Iranian Sign Language;Islam;Asia;0
Aiyarakulu;India;IN;688000;18.435128;84.019536;Telugu;Hinduism;Asia;0
Reddi;India;IN;3300;9.0207;76.9291;Telugu;Hinduism;Asia;0
Andamanese;India;IN;11500;11.623377;92.726483;Andaman Hindi Creole;Hinduism;Asia;0
Memba;India;IN;5700;28.605;94.128056;Hindi;Buddhism;Asia;0
Batswana;United States;US;1700;40.84775;-73.879514;Setswana;Christianity;Americas;0
Reddi Dora;India;IN;2500;17.686816;83.218482;Telugu;Hinduism;Asia;0
Mandaeans;Iran;IR;11500;31.3081;48.7258;Persian, Iranian;Other;Asia;0
Atoni;Timor-Leste;TT;94000;-9.32991;124.25622;Baikeno;Christianity;Asia;0
Kurmanji Kurds;Azerbaijan;AJ;6400;39.82338;46.20434;Kurdish, Northern;Islam;Asia;0
Kyrgyz;United States;US;30000;41.8623437695;-87.7263075114;Kyrgyz;Islam;Americas;0
Bretons;United States;US;400;40.794724;-73.943277;French;Christianity;Americas;0
Saek;Thailand;TH;3600;17.4293;104.7458;Thai, Northeastern;Ethnoreligion;Asia;0
Afitti;Sudan;SU;5600;12.44598;30.76112;Afitti;Islam;Africa;0
Arapaso;Brazil;BR;475;0.144932;-67.743496;Tucano;Ethnoreligion;Americas;0
Korubo;Brazil;BR;500;-5.333333;-70.5;Korubo;Ethnoreligion;Americas;0
Txikao;Brazil;BR;450;-11.416667;-53.500001;Ikpeng;Ethnoreligion;Americas;0
Tariano;Brazil;BR;2800;0.210069;-68.564255;Portuguese;Ethnoreligion;Americas;0
Nahukwa;Brazil;BR;175;-11.96138;-53.47451;Kuikúro-Kalapálo;Ethnoreligion;Americas;0
Yawanawa;Brazil;BR;850;-8.174;-71.647;Yawanawa;Ethnoreligion;Americas;0
Matipu;Brazil;BR;200;-12.059655;-53.346075;Kuikúro-Kalapálo;Ethnoreligion;Americas;0
Irantxe;Brazil;BR;475;-12.8052;-57.9879;Portuguese;Ethnoreligion;Americas;0
Yawalapiti;Brazil;BR;325;-12.543501;-53.383344;Kamayurá;Ethnoreligion;Americas;0
Sabanes;Brazil;BR;150;-12.349;-58.9285;Portuguese;Ethnoreligion;Americas;0
Asurini of the Xingu;Brazil;BR;200;-4.166667;-52.416667;Asurini of Xingú;Ethnoreligion;Americas;0
Tuyuka;Brazil;BR;1100;0.31859;-69.983278;Tuyuca;Christianity;Americas;0
Amundava;Brazil;BR;125;-8.5902;-61.1613;Amundava;Ethnoreligion;Americas;0
Piratapuyo;Brazil;BR;1400;-0.262;-67.1;Piratapuyo;Ethnoreligion;Americas;0
Bororo;Brazil;BR;2400;-16.833333;-56.133333;Borôro;Ethnoreligion;Americas;0
Kamba;Brazil;BR;2100;-18.8124;-57.5966;Spanish;Ethnoreligion;Americas;0
Chachi;Ecuador;EC;9400;0.9497;-79.0253;Chachi;Ethnoreligion;Americas;0
Nyahkur;Thailand;TH;1500;15.89091;101.51465;Nyahkur;Buddhism;Asia;0
Kui;Thailand;TH;377000;14.70164;103.77955;Kuay;Buddhism;Asia;0
Sanda;China;CH;1700;22.2199;100.1624;Undetermined;Ethnoreligion;Asia;0
Sichuan Mongols;China;CH;29500;27.680674;100.846141;Mongolian, Peripheral;Buddhism;Asia;0
Pitcairn Islanders;Pitcairn Islands;PC;45;-25.0659;-130.101;Pitcairn-Norfolk;Christianity;Oceania;0
Sape;Venezuela;VE;15;4.9447;-63.23631;Pemon;Ethnoreligion;Americas;0
Nawa;Brazil;BR;425;-7.45552361364;-73.379853513;Portuguese;Ethnoreligion;Americas;0
Naruvotu;Brazil;BR;90;-12.92478;-52.80579;Kuikúro-Kalapálo;Ethnoreligion;Americas;0
Qinghai Mongols;China;CH;43000;34.7323;101.6086;Tibetan, Amdo;Buddhism;Asia;0
Mairiri;Indonesia;ID;550;-6.15619;134.87268;Mariri;Islam;Asia;0
Ghorbati;Iraq;IZ;45000;31.9806404754;44.9196313447;Domari;Islam;Asia;0
Jogies;Afghanistan;AF;22000;34.4335;70.4371;Dari;Islam;Asia;0
Jofra Imazighen;Libya;LY;30000;27.8118;16.3859;Arabic, Libyan;Islam;Africa;0
Afrikaners;Zambia;ZA;85000;-15.3652;28.3146;Afrikaans;Christianity;Africa;0
Sango;Congo, Democratic Republic of the;CG;2100;5.06698;19.8288;Sango;Christianity;Africa;0
Mbanza;Congo;CF;18500;3.4371;18.5957;Mbandja;Christianity;Africa;0
Kotokoli;Benin;BN;29000;6.378;2.3821;Tem;Islam;Africa;0
Fula Jalon;Mali;ML;126000;12.23664;-11.06835;Pular;Islam;Africa;0
Gosha;Somalia;SO;68500;0.503296;42.770619;Maay;Islam;Africa;0
Bolgo Dugag;Chad;CD;5700;10.9063;18.1064;Bolgo;Islam;Africa;0
Banda;South Sudan;OD;24500;7.6378;27.7206;Banda, West Central;Christianity;Africa;0
Jahanke;Guinea-Bissau;PU;12000;12.288018;-14.23778;Jahanka;Islam;Africa;0
Jotoni Samogho;Burkina Faso;UV;3200;10.696379;-5.395844;Jowulu;Ethnoreligion;Africa;0
Toposa;Uganda;UG;59500;3.891;34.048;Toposa;Christianity;Africa;0
Mbanja;Congo, Democratic Republic of the;CG;724000;4.51093;20.31083;Mbandja;Christianity;Africa;0
Maswanka;Guinea-Bissau;PU;22500;12.106;-15.321;Mansoanka;Ethnoreligion;Africa;0
Syenara Senufo;Mali;ML;340000;10.555;-5.764;Sénoufo, Syenara;Ethnoreligion;Africa;0
Taabwa;Congo, Democratic Republic of the;CG;1270000;-7.1746;29.7574;Taabwa;Christianity;Africa;0
Ngbaka;Congo;CF;7500;2.5184;18.19371;Ngbaka;Christianity;Africa;0
Dhimba;Angola;AO;29000;-16.5122;13.9213;Dhimba;Ethnoreligion;Africa;0
Ngbaka;Congo, Democratic Republic of the;CG;2150000;3.2485;19.7781;Ngbaka;Christianity;Africa;0
Susu;Senegal;SG;57000;12.570539;-16.276215;Susu;Islam;Africa;0
Kabiye;Benin;BN;20000;9.7972;1.5088;Kabiyè;Islam;Africa;0
Vidunda;Tanzania;TZ;94000;-7.52674;36.93162;Vidunda;Christianity;Africa;0
Nubi;Uganda;UG;42500;3.0287;30.9066;Nubi;Islam;Africa;0
Chikunda;Zimbabwe;ZI;189000;-16.67361;30.6788;Kunda;Ethnoreligion;Africa;0
Acholi;Uganda;UG;2590000;3.17234;32.67602;Acholi;Christianity;Africa;0
Kotokoli;Ghana;GH;96000;7.528689;0.471582;Tem;Islam;Africa;0
Tharaka;Kenya;KE;248000;-0.13221;38.07303;Kitharaka;Ethnoreligion;Africa;0
Amba;Uganda;UG;63500;0.7964;30.1463;Amba (Uganda);Ethnoreligion;Africa;0
Gwere;Uganda;UG;889000;1.11392;33.82265;Gwere;Christianity;Africa;0
Beezen;Cameroon;CM;900;6.81552;10.10905;Beezen;Christianity;Africa;0
Yidinit;Ethiopia;ET;800;5.40416;36.1702;Kwegu;Ethnoreligion;Africa;0
Wasi;Tanzania;TZ;63000;-4.64148;35.72313;Alagwa;Islam;Africa;0
Sou;Laos;LA;3600;14.687;106.53974;Sou;Ethnoreligion;Asia;0
Lahanan;Malaysia;MY;900;2.6684;113.974729;Lahanan;Ethnoreligion;Asia;0
Zay;Ethiopia;ET;23500;7.9115;38.9113;Zay;Christianity;Africa;0
Dorze;Ethiopia;ET;63500;6.25237;37.55537;Dorze;Christianity;Africa;0
Jiiddu;Somalia;SO;52000;1.84353;44.12938;Jiiddu;Islam;Africa;0
Nara;Eritrea;ER;73500;14.75;36.727;Nara;Islam;Africa;0
Taabwa;Zambia;ZA;138000;-8.89877;29.95417;Taabwa;Ethnoreligion;Africa;0
Tsamai;Ethiopia;ET;32500;5.3097;36.9139;Tsamai;Ethnoreligion;Africa;0
Karo;Ethiopia;ET;2400;5.2101;36.17093;Karo (Ethiopia);Ethnoreligion;Africa;0
Maji;Ethiopia;ET;58500;6.1405;35.57631;Dizin;Christianity;Africa;0
Akeu;China;CH;1300;22.1678;100.4949;Biyo;Ethnoreligion;Asia;0
Xinh Mun;Vietnam;VM;23500;20.9803;104.1627;Puoc;Ethnoreligion;Asia;0
Sapuan;Laos;LA;5900;15.36919;106.84294;Sapuan;Ethnoreligion;Asia;0
Shihuh;United Arab Emirates;AE;21500;25.97262;56.12282;Arabic, Shihhi;Islam;Asia;0
Male;Ethiopia;ET;158000;5.8713;36.8208;Male;Ethnoreligion;Africa;0
Anfillo;Ethiopia;ET;2700;8.671698;34.520723;Oromo, West Central;Islam;Africa;0
Reshiat;Ethiopia;ET;77500;4.6632;36.0955;Daasanach;Ethnoreligion;Africa;0
Tihama Yemeni Arabs;Yemen;YM;4230000;14.799341;42.969271;Arabic, Ta’izzi-Adeni;Islam;Asia;0
Ir;Laos;LA;7300;15.6958;106.6024;Ir;Ethnoreligion;Asia;0
Hkun;Thailand;TH;7000;18.62883;98.8936;Khün;Buddhism;Asia;0
Lamet;Laos;LA;27500;20.37754;100.96317;Rmeet;Ethnoreligion;Asia;0
Tai Khun;Myanmar;BM;100000;20.58365;99.77897;Khün;Buddhism;Asia;0
Brao;Laos;LA;26000;14.59942;107.00836;Brao;Ethnoreligion;Asia;0
Serbs;Argentina;AR;7400;-34.623844;-58.451667;Serbian;Unaffiliated;Americas;0
Dime;Ethiopia;ET;13500;6.504;36.1452;Dime;Christianity;Africa;0
Black Thai;China;CH;48000;22.72095;102.85088;Tai Dam;Ethnoreligion;Asia;0
Tigre Quichua;Peru;PE;2000;-3.0295;-75.2945;Quichua, Northern Pastaza;Ethnoreligion;Americas;0
Carijona;Colombia;CO;375;1.1443;-72.0536;Spanish;Ethnoreligion;Americas;0
Trumai;Brazil;BR;100;-11.916667;-53.583333;Portuguese;Ethnoreligion;Americas;0
Carapana;Colombia;CO;450;0.804;-70.696;Carapana;Ethnoreligion;Americas;0
Waimiri-Atroari;Brazil;BR;1100;-1.033333;-61.133333;Waimiri-Atroarí;Ethnoreligion;Americas;0
Camsa;Colombia;CO;4900;1.1793;-76.8872;Camsá;Christianity;Americas;0
Motilón-Barí;Venezuela;VE;2000;9.28923;-72.70843;Barí;Ethnoreligion;Americas;0
Serbs;France;FR;60500;48.851003;2.440567;Serbian;Christianity;Europe;0
Serbs;Bosnia and Herzegovina;BK;961000;44.77517;17.186066;Serbian;Christianity;Europe;0
Pitcairn Islanders;French Polynesia;FP;275;-17.544;-149.564;Pitcairn-Norfolk;Christianity;Oceania;0
Molbog;Malaysia;MY;3400;7.226628;117.065164;Molbog;Islam;Asia;0
Aro;New Caledonia;NC;400;-21.3203;165.1537;Ajië;Christianity;Oceania;0
Ara;New Caledonia;NC;200;-21.28665;165.27269;Ajië;Christianity;Oceania;0
Hezhen;China;CH;6900;48.164211;133.789025;Chinese, Mandarin;Ethnoreligion;Asia;0
Kiput;Malaysia;MY;4100;4.0171;114.3829;Kiput;Islam;Asia;0
Mang;Vietnam;VM;3700;22.414137;103.178669;Mang;Ethnoreligion;Asia;0
Siriano;Colombia;CO;650;1.345;-72.149;Siriano;Ethnoreligion;Americas;0
Amarakaire;Peru;PE;2000;-13.0615;-70.3439;Amarakaeri;Ethnoreligion;Americas;0
Yukpa;Colombia;CO;4200;9.839189;-73.234844;Yukpa;Ethnoreligion;Americas;0
Cabiyari;Colombia;CO;350;-0.2003;-70.9244;Cabiyarí;Ethnoreligion;Americas;0
Balaesan;Indonesia;ID;6400;-0.05644;119.68862;Balaesang;Islam;Asia;0
Gane;Indonesia;ID;5200;-0.42618;127.97604;Gane;Islam;Asia;0
Lola;Indonesia;ID;1000;-6.34188;134.87903;Lola;Islam;Asia;0
Larike-Wakasihu;Indonesia;ID;20500;-3.76522;127.95608;Larike-Wakasihu;Islam;Asia;0
Komfana;Indonesia;ID;450;-5.64348;134.74206;Kompane;Islam;Asia;0
Hitu;Indonesia;ID;26000;-3.57478;128.18639;Hitu;Islam;Asia;0
Komodo;Indonesia;ID;1800;-8.628234;119.437174;Komodo;Islam;Asia;0
Asilulu;Indonesia;ID;14500;-3.67302;127.9523;Asilulu;Islam;Asia;0
Seit-Kaitetu;Indonesia;ID;16500;-3.597;128.039;Seit-Kaitetu;Islam;Asia;0
Tajio;Indonesia;ID;16000;-0.31553;120.00958;Tajio;Islam;Asia;0
Tigre;Eritrea;ER;913000;16.768941;38.26193;Tigré;Islam;Africa;0
Udmurts;Kazakhstan;KZ;12000;51.230499;51.397243;Udmurt;Christianity;Asia;0
Udmurts;Uzbekistan;UZ;4600;41.296207;69.211173;Udmurt;Christianity;Asia;0
Syrian Aramaic;Türkiye;TU;17500;37.38703;41.83382;Turoyo;Christianity;Asia;0
Shinasha;Ethiopia;ET;84500;10.2784;36.2264;Borna;Christianity;Africa;0
Fanda;Sudan;SU;21000;12.052472;29.508583;Arabic, Sudanese;Islam;Africa;0
Mendriq;Malaysia;MY;375;5.01108;102.04727;Minriq;Ethnoreligion;Asia;0
Abai Sungai;Malaysia;MY;1200;5.687364;118.371083;Abai Sungai;Islam;Asia;0
Bati;Indonesia;ID;5500;-3.62;130.848;Bati (Indonesia);Islam;Asia;0
Dampelasa;Indonesia;ID;14000;0.7594;120.2009;Dampelas;Islam;Asia;0
Doya;Bhutan;BT;2400;26.91347;89.30994;Lhokpu;Ethnoreligion;Asia;0
Bonggi;Malaysia;MY;3000;7.181;117.088;Bonggi;Islam;Asia;0
Yapese;Micronesia;FM;12000;9.55811;138.12478;Yapese;Christianity;Oceania;0
Sedang;Laos;LA;1300;14.648634;107.462128;Sedang;Ethnoreligion;Asia;0
Bonerate;Indonesia;ID;15500;-7.37657;121.79239;Bonerate;Islam;Asia;0
Manggarai;Indonesia;ID;647000;-8.55748;120.32889;Manggarai;Christianity;Asia;0
Baras;Indonesia;ID;400;-1.5667;119.34186;Indonesian;Islam;Asia;0
Nagekeo;Indonesia;ID;56500;-8.8704;121.25556;Ke’o;Christianity;Asia;0
Ngada;Indonesia;ID;93000;-8.79508;120.97588;Ngad’a;Christianity;Asia;0
Sikka;Indonesia;ID;268000;-8.67302;122.38007;Sika;Christianity;Asia;0
So'a;Indonesia;ID;14500;-8.6778;121.04764;So’a;Christianity;Asia;0
Ende;Indonesia;ID;131000;-8.70998;121.55456;Ende;Christianity;Asia;0
Buol;Indonesia;ID;130000;0.97727;121.51903;Buol;Islam;Asia;0
Geser Gorom;Indonesia;ID;57500;-3.8016;130.70133;Geser-Gorom;Islam;Asia;0
Lampung Abung;Indonesia;ID;202000;-5.133822;105.30781;Lampung Nyo;Islam;Asia;0
Serbs;Slovenia;SI;53000;46.0555;14.5083;Serbian;Christianity;Europe;0
Khuen;Laos;LA;15000;20.8388;101.29304;Khuen;Ethnoreligion;Asia;0
Nguan;Laos;LA;45000;20.690068;101.08588;Khmu;Ethnoreligion;Asia;0
Temoq;Malaysia;MY;850;3.15875;102.978346;Malay;Ethnoreligion;Asia;0
Puoc;Laos;LA;9900;20.74432;103.83556;Puoc;Ethnoreligion;Asia;0
Laoseng;Laos;LA;11500;15.49282;107.29597;Tareng;Ethnoreligion;Asia;0
Tai Khang;Laos;LA;82000;19.883;104.772;Kang;Ethnoreligion;Asia;0
Eastern Baloch;India;IN;97000;21.29145;70.405464;Urdu;Islam;Asia;0
Aiton;India;IN;4000;26.276314;93.897383;Aiton;Buddhism;Asia;0
Black Tai;United States;US;4400;41.603775;-93.65221;Tai Dam;Ethnoreligion;Americas;0
Saudi Arabs;United Arab Emirates;AE;164000;25.219;55.387;Arabic, Hijazi;Islam;Asia;0
Serbs;Türkiye;TU;5300;41.0145;28.8007;Serbian;Christianity;Asia;0
Shifir;Sudan;SU;36500;11.94975;29.162417;Arabic, Sudanese;Islam;Africa;0
Fezzan Bedouins;Libya;LY;226000;26.592992;12.774994;Arabic, Libyan;Islam;Africa;0
Alehemir;Sudan;SU;2100;10.796194;30.26875;Arabic, Sudanese;Islam;Africa;0
Sanusi Bedouins;Libya;LY;677000;29.029775;21.546419;Arabic, Libyan;Islam;Africa;0
Sirtican Bedouin;Libya;LY;37500;31.1812;16.5602;Arabic, Libyan;Islam;Africa;0
Riyah Bedouin;Libya;LY;37500;30.762924;20.226074;Arabic, Libyan;Islam;Africa;0
Tumbatu;Tanzania;TZ;317000;-5.4172;39.6473;Swahili;Islam;Africa;0
Shirazi;Tanzania;TZ;999000;-6.17023;39.25717;Swahili;Islam;Africa;0
Tamoy;Laos;LA;950;20.67947;101.046752;Lao;Ethnoreligion;Asia;0
Campa;India;IN;7500;32.79;79.002;Ladakhi;Buddhism;Asia;0
Sentinelese;India;IN;60;11.557662;92.267154;Sentinel;Ethnoreligion;Asia;0
Karna Sale;India;IN;3400;10.518465;78.106243;Telugu;Hinduism;Asia;0
Neyyala;India;IN;18500;18.601333;83.547076;Telugu;Hinduism;Asia;0
Paky;India;IN;23000;18.106658;83.395551;Telugu;Hinduism;Asia;0
Western Coastal Nahuatl;Mexico;MX;20000;18.341111;-103.307778;Spanish;Christianity;Americas;0
Verra Musti;India;IN;25500;18.438555;79.128841;Telugu;Hinduism;Asia;0
Gurika;India;IN;220000;17.429461;78.414081;Telugu;Hinduism;Asia;0
Serbs;Canada;CA;37500;43.670473;-79.365893;Serbian;Christianity;Americas;0
Nama;Namibia;WA;144000;-23.9166;18.05;Khoekhoe;Ethnoreligion;Africa;0
Zoe;Brazil;BR;425;-0.198573258544;-55.783453715;Zo’é;Ethnoreligion;Americas;0
Kelenga Bozo;Mali;ML;52000;13.80724;-5.71479;Bozo, Kelengaxo;Islam;Africa;0
Donyiro;Ethiopia;ET;40500;5.349;35.8633;Nyangatom;Christianity;Africa;0
Bondo;India;IN;11500;18.157181;81.967519;Bondo;Hinduism;Asia;0
Chikunda;Mozambique;MZ;84500;-15.62012;30.44728;Kunda;Ethnoreligion;Africa;0
Onge;India;IN;150;10.823253;92.553888;Öñge;Ethnoreligion;Asia;0
Great Andamanese;India;IN;60;12.211728;92.833491;Andaman Hindi Creole;Ethnoreligion;Asia;0
Arakala;India;IN;375;18.106658;83.395551;Telugu;Hinduism;Asia;0
Padigarajulu;India;IN;1000;15.47824;79.624274;Telugu;Hinduism;Asia;0
Runjalavallu;India;IN;250;18.297504;83.985008;Telugu;Hinduism;Asia;0
Ontaris;India;IN;127000;13.614911;79.434639;Telugu;Hinduism;Asia;0
Reddika;India;IN;249000;18.107806;83.397139;Telugu;Hinduism;Asia;0
Nakhasa;India;IN;112000;16.50945;80.653272;Telugu;Hinduism;Asia;0
Nilkanth;India;IN;53000;17.655472;75.908389;Telugu;Hinduism;Asia;0
Waidu;India;IN;18000;17.065917;74.683775;Telugu;Hinduism;Asia;0
Pagativeshagallu;India;IN;475;15.533626;78.006163;Telugu;Hinduism;Asia;0
Pamula;India;IN;12500;14.419593;79.734996;Telugu;Hinduism;Asia;0
Thogataveera Kshatriya;India;IN;3100;15.491848;77.904647;Telugu;Hinduism;Asia;0
Yata;India;IN;131000;18.3;83.9;Telugu;Hinduism;Asia;0
Salivahanam;India;IN;3600;12.693353;79.980622;Telugu;Hinduism;Asia;0
Vipravinodulu;India;IN;1500;16.503739;80.646964;Telugu;Hinduism;Asia;0
Kurakula;India;IN;26500;18.376739;83.860297;Telugu;Hinduism;Asia;0
Yite;India;IN;325;18.103908;83.392219;Telugu;Hinduism;Asia;0
Samayavallu;India;IN;15000;15.47824;79.624274;Telugu;Hinduism;Asia;0
Senapathi;India;IN;10500;18.298389;83.900636;Telugu;Hinduism;Asia;0
Sadhu Chetty;India;IN;40500;14.443094;79.989886;Telugu;Hinduism;Asia;0
Mondiwar;India;IN;650;17.053661;74.676307;Telugu;Hinduism;Asia;0
Atollu;India;IN;250;13.213189;79.101219;Telugu;Hinduism;Asia;0
Karnibhakthulu;India;IN;31500;16.917419;81.339942;Telugu;Hinduism;Asia;0
Jandra;India;IN;17500;15.47824;79.624274;Telugu;Hinduism;Asia;0
Bandollu;India;IN;30000;17.279294;82.396711;Telugu;Hinduism;Asia;0
Jhadi;India;IN;24500;19.4955;80.282481;Telugu;Hinduism;Asia;0
Jakkula;India;IN;2000;16.306633;80.436542;Telugu;Hinduism;Asia;0
Berad;India;IN;250;16.993524;82.24809;Telugu;Hinduism;Asia;0
Gudugudupandi;India;IN;650;11.127133;78.656153;Telugu;Hinduism;Asia;0
Kaikali;India;IN;32500;14.442599;79.986456;Telugu;Hinduism;Asia;0
Cundollu;India;IN;5400;16.480511;80.036775;Telugu;Hinduism;Asia;0
Gandalla;India;IN;26500;14.467354;78.824134;Telugu;Hinduism;Asia;0
Jethi;India;IN;26500;13.462684;79.006241;Telugu;Hinduism;Asia;0
Konda Kammara;India;IN;46000;17.677806;83.209375;Telugu;Hinduism;Asia;0
Tamboli (Telugu);India;IN;40500;13.623478;79.404817;Telugu;Hinduism;Asia;0
Aguru;India;IN;20000;18.396608;83.336189;Telugu;Hinduism;Asia;0
Kommu Dasari;India;IN;10000;16.354319;79.972397;Telugu;Hinduism;Asia;0
Andhra Vaisnawa;India;IN;5200;17.32125;82.040714;Telugu;Hinduism;Asia;0
Jati Pillai;India;IN;4600;11.124075;78.648375;Telugu;Hinduism;Asia;0
Vaikhanasa Brahmans;India;IN;16500;16.709108;81.094456;Telugu;Hinduism;Asia;0
Dammali;India;IN;7700;18.599164;83.862908;Telugu;Hinduism;Asia;0
Brahmin (Andamani);India;IN;600;11.725636;92.654914;Andaman Hindi Creole;Hinduism;Asia;0
Coorgi Andamanese;India;IN;1900;12.820211;92.759954;Andaman Hindi Creole;Hinduism;Asia;0
Ved;India;IN;2700;23.848258;73.712339;Bagri;Hinduism;Asia;0
Eneti Dora;India;IN;8600;18.813014;82.712531;Telugu;Hinduism;Asia;0
Gangireddula;India;IN;20000;17.394372;78.766272;Telugu;Hinduism;Asia;0
Kachi;India;IN;49500;18.10465;78.952597;Telugu;Hinduism;Asia;0
Pariki Muggula;India;IN;6500;17.990811;79.252547;Telugu;Hinduism;Asia;0
Cippollu;India;IN;131000;17.974439;79.919269;Telugu;Hinduism;Asia;0
Bolla;India;IN;244000;17.385044;78.486672;Telugu;Hinduism;Asia;0
Bhatrajulu;India;IN;77000;17.225007;79.13795;Telugu;Hinduism;Asia;0
Lakkamari Kapu;India;IN;56000;17.37;78.48;Telugu;Hinduism;Asia;0
Rajannalu;India;IN;2700;18.58165;79.312597;Telugu;Hinduism;Asia;0
Pambala;India;IN;5100;17.417917;78.403564;Telugu;Hinduism;Asia;0
Jogi (Telugu);India;IN;29500;12.961084;77.582302;Telugu;Hinduism;Asia;0
Mundapotta;India;IN;1600;20.273834;84.083744;Telugu;Hinduism;Asia;0
Medari;India;IN;188000;17.891274;82.690965;Telugu;Hinduism;Asia;0
Dasari;India;IN;266000;15.885953;79.729639;Telugu;Hinduism;Asia;0
Mandula;India;IN;12500;16.65735;80.682792;Telugu;Hinduism;Asia;0
Bhatu (Andamani);India;IN;400;11.623377;92.726483;Andaman Hindi Creole;Hinduism;Asia;0
Jains (Telugu);India;IN;61500;17.496502;78.443577;Telugu;Other;Asia;0
Macaguaje;Colombia;CO;100;1.004883;-75.410109;Siona;Ethnoreligion;Americas;0
Kwaza;Brazil;BR;35;-12.733601;-60.359256;Portuguese;Ethnoreligion;Americas;0
Markande Kanjia;India;IN;5900;21.469764;83.980725;Maithili;Hinduism;Asia;0
Uncontacted of Jatapu;Brazil;BR;50;-1.141872;-58.573682;Waiwai;Ethnoreligion;Americas;0
Goundo;Chad;CD;50;9.546;16.197;Kabalai;Islam;Africa;0
Pam;Cameroon;CM;125;8.35489001382;14.1626637799;Fulfulde, Adamawa;Islam;Africa;0
Rwandese;Uganda;UG;378000;-1.279198;29.728964;Kinyarwanda;Christianity;Africa;0
Upper Pokomo;Kenya;KE;72500;-1.48025;40.05028;Kipfokomu;Islam;Africa;0
Banda;Chad;CD;192000;9.138306;18.393606;Banda, West Central;Ethnoreligion;Africa;0
Mesmes;Ethiopia;ET;26000;7.53825;37.57419;Hadiyya;Christianity;Africa;0
Wadshili;Libya;LY;7500;29.1288;21.2911;Arabic, Libyan;Islam;Africa;0
Sawknah;Libya;LY;7500;29.0669;15.7847;Arabic, Libyan;Islam;Africa;0
Hani;Laos;LA;750;22.40521;102.062363;Hani;Ethnoreligion;Asia;0
Wanetsi;Pakistan;PK;9000;30.1015;67.9383;Waneci;Islam;Asia;0
Tamajaq;Nigeria;NI;39000;13.705455;5.292395;Tamajaq, Tawallammat;Islam;Africa;0
Budakukkala;India;IN;27000;16.1667;81.1333;Telugu;Hinduism;Asia;0
Badi (Marwari);India;IN;19500;23.6732;74.0239;Marwari (India);Hinduism;Asia;0
Mozambicans;United States;US;2400;40.857779;-73.865945;Portuguese;Ethnoreligion;Americas;0
Moghol;Afghanistan;AF;9000;34.129528;62.187896;Dari;Islam;Asia;0
Guinean;Belgium;BE;17500;50.821095;4.354181;French;Islam;Europe;0
Muirin Dargin;Russian Federation;RS;39000;42.6083;47.595;Dargwa;Islam;Europe;0
Ivorians;France;FR;6700;48.822461;2.325314;French;Islam;Europe;0
Achenese;United States;US;400;39.96584;-75.200357;Aceh;Islam;Americas;0
Wambera;Ethiopia;ET;13000;10.454888;36.119798;Borna;Christianity;Africa;0
Khamba;India;IN;500;28.563024;94.610532;Khamba;Buddhism;Asia;0
Guba;Ethiopia;ET;13000;10.455131;36.123776;Borna;Christianity;Africa;0
Warday;Kenya;KE;93500;-2.236907;40.113646;Orma;Islam;Africa;0
Serbs;Chile;CI;4000;-33.480201;-70.657207;Serbian;Unaffiliated;Americas;0
Cali;Laos;LA;22500;16.987838;106.387932;So (Laos);Ethnoreligion;Asia;0
Serbs;Italy;IT;36000;45.516;11.333;Serbian;Christianity;Europe;0
Lelak;Malaysia;MY;550;4.0704;113.8923;Malay;Islam;Asia;0
Katukina-Jutaí;Brazil;BR;600;-7.7657;-72.1918;Portuguese;Ethnoreligion;Americas;0
Emok;Paraguay;PA;1300;-25.195329;-57.725204;Spanish;Ethnoreligion;Americas;0
Sakiriabar;Brazil;BR;150;-12.616386675;-61.7425911957;Portuguese;Ethnoreligion;Americas;0
Guato;Brazil;BR;700;-17.598;-57.713;Portuguese;Ethnoreligion;Americas;0
Sikiana;Brazil;BR;35;2.046452;-55.896181;Portuguese;Ethnoreligion;Americas;0
Kreye;Brazil;BR;30;-5.25;-46.016667;Portuguese;Ethnoreligion;Americas;0
Uru-Pa-In;Brazil;BR;200;-9.911;-63.029;Uru-Pa-In;Ethnoreligion;Americas;0
Yari;Colombia;CO;900;1.2465;-74.2047;Spanish;Ethnoreligion;Americas;0
Saluma;Brazil;BR;300;1.706742;-56.83873;Trió;Ethnoreligion;Americas;0
Enawenê-Nawê;Brazil;BR;550;-12.3202;-59.2516;Enawené-Nawé;Ethnoreligion;Americas;0
Togbo-Vara Banda;South Sudan;OD;2400;7.8718;26.1125;Banda, Togbo-Vara;Islam;Africa;0
Majera;Cameroon;CM;950;11.16614;14.99666;Majera;Ethnoreligion;Africa;0
Jina;Cameroon;CM;2900;11.3967;15.0124;Jina;Islam;Africa;0
Kara;Sudan;SU;3100;9.389292;24.447763;Gula (Central African Republic);Islam;Africa;0
Koke;Chad;CD;1900;10.68288;18.41213;Koke;Ethnoreligion;Africa;0
Osatu;Cameroon;CM;750;6.222;9.771;Osatu;Ethnoreligion;Africa;0
Dumbule;Cameroon;CM;175;4.4984;11.0856;Mbule;Christianity;Africa;0
Carabayo;Colombia;CO;225;-1.8584;-69.789;Carabayo;Ethnoreligion;Americas;0
Hijuk;Cameroon;CM;1000;4.4049;11.0124;Hijuk;Christianity;Africa;0
Eman;Cameroon;CM;2000;6.2529;9.6538;Eman;Christianity;Africa;0
Sokoro;Chad;CD;15500;11.604342;17.41242;Sokoro;Islam;Africa;0
Animpokoimo;Brazil;BR;45;-0.166667;-57.583333;Waiwai;Ethnoreligion;Americas;0
Huachipaire;Peru;PE;2100;-12.838;-71.3632;Huachipaeri;Ethnoreligion;Americas;0
Piraha;Brazil;BR;425;-7.033333;-61.966667;Pirahã;Ethnoreligion;Americas;0
Kaliko;South Sudan;OD;12500;3.712946;30.612637;Keliko;Ethnoreligion;Africa;0
Dimbong;Cameroon;CM;350;4.8544;11.1207;Bafia;Christianity;Africa;0
Katawian;Brazil;BR;500;-0.903553;-58.002493;Waiwai;Christianity;Americas;0
Ntrubo;Ghana;GH;15000;7.86137;0.53353;Delo;Christianity;Africa;0
Miriti-Tapuia;Brazil;BR;125;0.58896;-69.74316;Tucano;Ethnoreligion;Americas;0
Nyengo;Angola;AO;28000;-17.23137;22.47872;Nyengo;Ethnoreligion;Africa;0
Mehinaku;Brazil;BR;250;-12.5;-53.5;Mehináku;Ethnoreligion;Americas;0
Wayoro;Brazil;BR;175;-12.0283;-62.5087;Portuguese;Ethnoreligion;Americas;0
Tora;Brazil;BR;300;-6.25;-61.666667;Portuguese;Ethnoreligion;Americas;0
Waura;Brazil;BR;400;-12.77;-52.927;Waurá;Ethnoreligion;Americas;0
Suruwaha;Brazil;BR;150;-6.833333;-66.333333;Suruahá;Ethnoreligion;Americas;0
Dek;Cameroon;CM;6100;11.01828;14.48328;Dek;Islam;Africa;0
Matlatzinca;Mexico;MX;1000;19.168889;-99.901944;Spanish;Christianity;Americas;0
Vilela;Argentina;AR;550;-27.2103;-63.0352;Spanish;Christianity;Americas;0
Yanacona;Colombia;CO;41500;2.2666;-76.6908;Spanish;Christianity;Americas;0
Khatbune;India;IN;1200;28.601597;77.305159;Punjabi, Eastern;Sikhism;Asia;0
Maghia;India;IN;12000;22.007983;86.4206;Maithili;Hinduism;Asia;0
Sanhai;India;IN;4200;31.6042;76.5699;Chambeali;Hinduism;Asia;0
Sindhollu;India;IN;3600;18.483555;79.128841;Telugu;Hinduism;Asia;0
Sansoi;India;IN;7800;32.099803;76.269101;Kangri;Hinduism;Asia;0
Parenga;India;IN;19500;19.07501;83.97234;Oriya, Adivasi;Ethnoreligion;Asia;0
Katukina of Rio Bia;Brazil;BR;450;-4.938202;-67.732323;Kanamarí;Ethnoreligion;Americas;0
Bangi Me;Mali;ML;2600;14.790269;-3.776061;Bangime;Islam;Africa;0
Konkabay;Guinea;GV;71500;10.663349;-11.777912;Kakabe;Islam;Africa;0
Diahoi;Brazil;BR;100;-7.928576;-62.223347;Tenharim;Ethnoreligion;Americas;0
Neku;New Caledonia;NC;350;-21.6524;165.57757;French;Christianity;Oceania;0
Nyua-Bonde;New Caledonia;NC;2900;-20.6706;164.3935;Yuanga;Christianity;Oceania;0
Vao;Vanuatu;NH;3400;-15.91787;167.27077;Vao;Christianity;Oceania;0
Satawalese;Micronesia;FM;550;7.383;147.034;Satawalese;Christianity;Oceania;0
Namonuito;Micronesia;FM;1100;8.572;149.687;Namonuito;Christianity;Oceania;0
West Uvean;New Caledonia;NC;2700;-20.41454;166.58936;Fagauvea;Christianity;Oceania;0
Luhu;Indonesia;ID;12000;-3.13187;127.96566;Luhu;Islam;Asia;0
Seze;Ethiopia;ET;17000;9.4175;34.6522;Seze;Ethnoreligion;Africa;0
Dobase;Ethiopia;ET;48500;5.760862;37.231682;Mositacha;Islam;Africa;0
Sungor;Chad;CD;71000;13.74064;21.74501;Assangori;Islam;Africa;0
Zenaga;Mauritania;MR;60500;16.81997;-16.17106;Hassaniyya;Islam;Africa;0
Shumashti;Afghanistan;AF;2400;34.745829;70.753463;Shumashti;Islam;Asia;0
Sanglechi;Afghanistan;AF;2200;36.712546;71.579345;Sanglechi;Islam;Asia;0
Munji-Yidgha;Afghanistan;AF;8700;35.93207;70.94044;Munji;Islam;Asia;0
Muli;India;IN;23000;18.57106;84.019651;Telugu;Hinduism;Asia;0
Nagavamsam;India;IN;115000;18.2305;83.625786;Telugu;Hinduism;Asia;0
Vadugan;India;IN;21500;10.846153;76.273364;Telugu;Hinduism;Asia;0
Sadaru;India;IN;16500;13.940281;77.271717;Telugu;Hinduism;Asia;0
Urikkar Naicker;India;IN;4900;10.425281;79.314031;Telugu;Hinduism;Asia;0
Sakunapaksollu;India;IN;6100;16.288628;80.706428;Telugu;Hinduism;Asia;0
Tolakari;India;IN;7500;13.462684;79.006241;Telugu;Hinduism;Asia;0
Noliya;India;IN;4900;19.3568;84.9836;Telugu;Hinduism;Asia;0
Udupula;India;IN;2800;17.358531;82.557702;Telugu;Hinduism;Asia;0
Yatla;India;IN;550;18.296975;83.896781;Telugu;Hinduism;Asia;0
Accukattavandlu;India;IN;12500;16.998786;81.800167;Telugu;Hinduism;Asia;0
Umm Heitan;Sudan;SU;33500;11.5038;30.0603;Koalib;Islam;Africa;0
Tai Leng;Myanmar;BM;100000;21.706125;98.655681;Shan;Buddhism;Asia;0
Hasania;Sudan;SU;1015000;17.6994;33.9936;Arabic, Sudanese;Islam;Africa;0
Agul;Russian Federation;RS;29000;41.782;47.594;Aghul;Islam;Europe;0
Batahin;Sudan;SU;344000;17.112;33.7414;Arabic, Sudanese;Islam;Africa;0
Maalia;Sudan;SU;155000;13.629689;25.347754;Arabic, Sudanese;Islam;Africa;0
Yazeed;Sudan;SU;601000;13.344915;30.07883;Arabic, Sudanese;Islam;Africa;0
Sherifi;Sudan;SU;263000;13.887744;28.683327;Arabic, Sudanese;Islam;Africa;0
Kawahia;Sudan;SU;1370000;13.1953;30.2203;Arabic, Sudanese;Islam;Africa;0
Dar Hamid;Sudan;SU;1060000;14.555791;29.770572;Arabic, Sudanese;Islam;Africa;0
Bederia;Sudan;SU;1325000;13.1884;30.2425;Arabic, Sudanese;Islam;Africa;0
Fezara;Sudan;SU;466000;15.399081;31.289023;Arabic, Sudanese;Islam;Africa;0
Gawamaa;Sudan;SU;1395000;14.139107;25.541013;Arabic, Sudanese;Islam;Africa;0
Guhayna;Sudan;SU;1995000;14.361082;29.307871;Arabic, Sudanese;Islam;Africa;0
Husseinat;Sudan;SU;219000;14.329939;32.23526;Arabic, Sudanese;Islam;Africa;0
Dubasiyin;Sudan;SU;143000;14.937186;23.737246;Arabic, Sudanese;Islam;Africa;0
Kerarish;Sudan;SU;61000;19.393051;30.466575;Arabic, Sudanese;Islam;Africa;0
Rizeiqat;Sudan;SU;566000;14.043763;23.03659;Arabic, Sudanese;Islam;Africa;0
Lahawin;Sudan;SU;251000;13.1511;33.9185;Arabic, Sudanese;Islam;Africa;0
Kineenawi;Sudan;SU;36500;16.699715;33.420548;Arabic, Sudanese;Islam;Africa;0
Rufaa;Sudan;SU;811000;14.764229;33.369994;Arabic, Sudanese;Ethnoreligion;Africa;0
Awlad Hassan;Sudan;SU;171000;15.542924;23.952739;Arabic, Sudanese;Islam;Africa;0
Selim;Sudan;SU;84000;13.952;32.436;Arabic, Sudanese;Islam;Africa;0
Shuweihat;Sudan;SU;141000;12.156282;27.331555;Arabic, Sudanese;Islam;Africa;0
Berti;Sudan;SU;452000;14.762448;25.864171;Arabic, Sudanese;Islam;Africa;0
Liri;Sudan;SU;11000;10.570678;29.657727;Arabic, Sudanese;Islam;Africa;0
Bedouin;Kuwait;KU;4900;28.9538;48.151;Arabic, Gulf;Islam;Asia;0
Mahamid;Chad;CD;28500;13.8337;20.8366;Arabic, Chadian;Islam;Africa;0
Jordanian Arabs;Syria;SY;39500;33.475;36.326;Arabic, Levantine;Islam;Asia;0
Palestinian Arabs;Syria;SY;555000;33.479501;36.2835;Arabic, Levantine;Islam;Asia;0
Marsh Arabs;Iraq;IZ;52500;31.062404;47.053805;Arabic, Mesopotamian;Islam;Asia;0
Mandaeans;Iraq;IZ;35500;30.5103;47.8384;Arabic, Mesopotamian;Ethnoreligion;Asia;0
Akhdam;Yemen;YM;1845000;15.380277;44.229043;Arabic, Ta’izzi-Adeni;Islam;Asia;0
Tai Peung;Laos;LA;1900;19.681037;103.501914;Lao;Ethnoreligion;Asia;0
Bulgeda;Chad;CD;55500;14.123951;15.321201;Dazaga;Islam;Africa;0
Tahanag;Laos;LA;550;15.201382;106.286946;Lao;Ethnoreligion;Asia;0
Tchaho;Laos;LA;475;22.2951;101.7971;Lao;Ethnoreligion;Asia;0
Poumong;Laos;LA;1700;21.387803;101.970249;Lao;Ethnoreligion;Asia;0
Machhiyara;India;IN;190000;22.47;70.07;Kacchi;Islam;Asia;0
Nagbansi;India;IN;31000;23.795653;86.430386;Sadri;Hinduism;Asia;0
Jews;Türkiye;TU;20000;41.03;28.974;Turkish;Judaism;Asia;0
Timbuktu Malian Tamasheq;Niger;NG;15500;14.209869;1.456184;Tamajaq, Tawallammat;Islam;Africa;0
Lawi;Laos;LA;1000;15.27092;106.793375;Lao;Ethnoreligion;Asia;0
Poussang;Laos;LA;3500;21.223521;101.969361;Lao;Ethnoreligion;Asia;0
Guinean;Spain;SP;12500;40.4611;-3.6341;Spanish;Christianity;Europe;0
Muda;China;CH;3100;21.980276;100.854308;Hani;Ethnoreligion;Asia;0
Gandla;India;IN;2000;15.50798;80.050335;Telugu;Hinduism;Asia;0
Banai;India;IN;650;25.56535;90.228114;Assamese;Hinduism;Asia;0
Irika;India;IN;750;20.462521;85.88299;Telugu;Hinduism;Asia;0
Musti Chenchu;India;IN;1800;16.298643;80.093177;Telugu;Hinduism;Asia;0
Madiga Dasu;India;IN;7400;16.390569;80.008775;Telugu;Hinduism;Asia;0
Manna Dhora;India;IN;21500;17.686816;83.218482;Telugu;Hinduism;Asia;0
Agaria;India;IN;25000;23.242725;69.672364;Kacchi;Islam;Asia;0
Samanthan;India;IN;30000;9.931233;76.267304;Malayalam;Hinduism;Asia;0
Takari;India;IN;475;18.15;74.58;Telugu;Hinduism;Asia;0
Gavara;India;IN;261000;17.6828;83.1755;Telugu;Hinduism;Asia;0
Kapewar;India;IN;79500;19.95;79.3;Telugu;Hinduism;Asia;0
Majjula;India;IN;21500;18.469733;83.471369;Telugu;Hinduism;Asia;0
Western Gaisu;China;CH;1600;24.2245;99.6172;Chinese, Mandarin;Ethnoreligion;Asia;0
Longjia;China;CH;4800;25.571016;105.020554;Chinese, Mandarin;Ethnoreligion;Asia;0
Western Samadu;China;CH;10500;24.0794;98.970851;Chinese, Mandarin;Ethnoreligion;Asia;0
Xijima;China;CH;50500;24.422056;100.136895;Chinese, Mandarin;Ethnoreligion;Asia;0
Qixingmin;China;CH;7300;26.4579;105.1437;Chinese, Mandarin;Buddhism;Asia;0
Diao;China;CH;2700;26.016144;108.660288;Chinese, Mandarin;Ethnoreligion;Asia;0
Shenzhou;China;CH;5200;26.2481;105.915;Chinese, Mandarin;Ethnoreligion;Asia;0
Liujia;China;CH;5100;25.512987;105.004226;Chinese, Mandarin;Ethnoreligion;Asia;0
Yizi;China;CH;3000;27.391;105.2291;Chinese, Mandarin;Ethnoreligion;Asia;0
Doupo;China;CH;950;25.065341;102.35921;Nuosu;Ethnoreligion;Asia;0
Naheng;China;CH;2000;26.8884;100.929575;Naxi;Ethnoreligion;Asia;0
Apu;China;CH;4200;22.780107;103.495399;Nuosu;Ethnoreligion;Asia;0
Youmai;China;CH;2700;25.554249;108.00419;Iu Mien;Ethnoreligion;Asia;0
Aling;China;CH;9500;24.8991;103.9697;Nasu, Wusa;Ethnoreligion;Asia;0
Tagu;China;CH;5600;26.7729;100.966;Nuosu;Ethnoreligion;Asia;0
Ta'er;China;CH;1600;27.288024;100.852724;Nuosu;Ethnoreligion;Asia;0
Muzi;China;CH;2500;23.1876;103.3876;Nuosu;Ethnoreligion;Asia;0
Liude;China;CH;2300;26.73843;100.663028;Nuosu;Ethnoreligion;Asia;0
Northern Awu;China;CH;5900;26.7028;100.7514;Nuosu;Ethnoreligion;Asia;0
Eastern Samadu;China;CH;800;24.961753;102.786146;Chinese, Mandarin;Ethnoreligion;Asia;0
Nanjingren;China;CH;2400;26.5803;104.869;Chinese, Mandarin;Ethnoreligion;Asia;0
Suodi Nosu;China;CH;305000;26.865702;102.376292;Nuosu;Ethnoreligion;Asia;0
Panxian Nasu;China;CH;477000;25.8352;104.5535;Nasu, Wusa;Ethnoreligion;Asia;0
Laba;China;CH;291000;26.234184;104.84478;Chinese, Mandarin;Ethnoreligion;Asia;0
Sanqiao;China;CH;6900;26.0052;109.1271;Dong, Southern;Ethnoreligion;Asia;0
Lu;China;CH;4700;27.163067;105.696229;Chinese, Mandarin;Ethnoreligion;Asia;0
Butuo Nosu;China;CH;337000;27.604529;102.875186;Nuosu;Ethnoreligion;Asia;0
Za;China;CH;3400;28.4799;97.0792;Tibetan, Amdo;Buddhism;Asia;0
Manguangan;Philippines;RP;12000;7.570783;125.803895;Manobo, Dibabawon;Ethnoreligion;Asia;0
Javanese;Malaysia;MY;723000;4.260876;117.893636;Malay, Sabah;Islam;Asia;0
Dolgans;Russian Federation;RS;7100;71.10828;94.29358;Russian;Ethnoreligion;Europe;0
Yinuo Nosu;China;CH;810000;28.043782;102.44427;Nuosu;Ethnoreligion;Asia;0
Mansi;Russian Federation;RS;12500;64.41179;61.34397;Mansi (Russian Federation);Ethnoreligion;Europe;0
A'ou;China;CH;2700;26.8987;105.7893;Chinese, Mandarin;Ethnoreligion;Asia;0
Linghua;China;CH;28500;26.0551;109.9204;Chinese, Mandarin;Ethnoreligion;Asia;0
Ifora Tuareg;Algeria;AG;24000;22.8962;4.8382;Tamahaq, Tahaggart;Islam;Africa;0
Godari;India;IN;1300;17.686816;83.218482;Telugu;Hinduism;Asia;0
Andi;Russian Federation;RS;40000;42.80785;46.29187;Andi;Islam;Europe;0
Shahara;Saudi Arabia;SA;47000;24.601318;46.687965;Shehri;Islam;Asia;0
Kendeje;Chad;CD;4100;13.4671;21.6818;Kendeje;Islam;Africa;0
Suafa Bedouin;Algeria;AG;150000;33.3709;6.8544;Tamazight, Central Atlas;Islam;Africa;0
Nawars;United Arab Emirates;AE;76500;25.277253;55.322617;Arabic, Gulf;Islam;Asia;0
Kunama;Sudan;SU;32000;15.222433;36.475305;Kunama;Islam;Africa;0
Chenoua;Algeria;AG;108000;36.59171;2.19899;Chenoua;Islam;Africa;0
Ruarha Bedouins;Algeria;AG;86000;33.525464;6.01443;Tamazight, Central Atlas;Islam;Africa;0
Dui-Menia Bedouin;Algeria;AG;86000;30.5967;2.8771;Tamazight, Central Atlas;Islam;Africa;0
Mahra;Saudi Arabia;SA;44000;17.488214;47.108335;Mehri;Islam;Asia;0
Nail Bedouin;Algeria;AG;40500;34.535;3.7696;Tamazight, Central Atlas;Islam;Africa;0
Komi;Kazakhstan;KZ;3400;43.3452;76.9744;Komi-Zyrian;Christianity;Asia;0
Mordvinians;Turkmenistan;TX;2300;42.336075;59.134163;Erzya;Christianity;Asia;0
Bukharic Jews;Kyrgyzstan;KG;550;42.879409;74.554782;Bukharic;Judaism;Asia;0
Yemeni Jews;United States;US;25000;40.63882;-74.01553;Arabic, Judeo-Yemeni;Judaism;Americas;0
Bukharic Jews;Kazakhstan;KZ;2100;43.27223;76.920222;Bukharic;Judaism;Asia;0
Assyrians;Iran;IR;105000;37.44358;45.14026;Assyrian Neo-Aramaic;Christianity;Asia;0
Tacho;Sudan;SU;22500;10.742694;30.219028;Tocho;Islam;Africa;0
Mountain Jews;United States;US;10000;40.63958;-73.97382;Judeo-Tat;Judaism;Americas;0
Chuvash;Tajikistan;TI;5200;38.579883;68.728809;Chuvash;Christianity;Asia;0
Bisayas;United States;US;15000;32.8149;-96.80174;Bisaya, Sabah;Islam;Americas;0
Assyrians;Türkiye;TU;29000;37.1152;41.19469;Assyrian Neo-Aramaic;Christianity;Asia;0
Gagauzes;Kazakhstan;KZ;1200;43.248963;76.926859;Gagauz;Christianity;Asia;0
Meadow Mari;Kazakhstan;KZ;8700;51.239272;51.402406;Mari, Meadow;Christianity;Asia;0
Tay;United States;US;700;33.86276;-117.930751;Tày;Ethnoreligion;Americas;0
Comorians;Canada;CA;45;43.772376;-79.314964;Comorian, Maore;Islam;Americas;0
Chuvash;Turkmenistan;TX;4200;41.884814;59.621983;Chuvash;Christianity;Asia;0
Pana;China;CH;5400;21.246492;101.27182;Phana’;Ethnoreligion;Asia;0
Doms;Jordan;JO;12000;31.8688;36.0043;Domari;Islam;Asia;0
Northern Muji;China;CH;17500;23.1793;103.5292;Muji, Northern;Ethnoreligion;Asia;0
Tai Laan;Laos;LA;750;19.632409;103.561381;Undetermined;Ethnoreligion;Asia;0
Chut;Laos;LA;1500;17.644386;105.760697;Chut;Ethnoreligion;Asia;0
Kri;Laos;LA;1400;17.557929;105.7526;Halang;Ethnoreligion;Asia;0
Tai He;Laos;LA;15000;18.488164;104.403277;Undetermined;Ethnoreligion;Asia;0
Karata;Russian Federation;RS;6400;42.5951;46.3388;Karata;Islam;Europe;0
Bagvalal;Russian Federation;RS;6500;42.537596;46.128455;Bagvalal;Islam;Europe;0
Tindi;Russian Federation;RS;6700;42.45;46.136;Tindi;Islam;Europe;0
Chak;Myanmar;BM;1800;20.7646;92.6249;Chak;Buddhism;Asia;0
Chamalal;Russian Federation;RS;9500;42.520961;45.9703;Chamalal;Islam;Europe;0
Akhwakh;Russian Federation;RS;6500;42.40035;46.30369;Akhvakh;Islam;Europe;0
Khwarshi;Russian Federation;RS;4000;42.3521;46.1046;Khvarshi;Islam;Europe;0
Laowu;China;CH;10500;22.7393;102.7273;Nisu, Eastern;Ethnoreligion;Asia;0
Rao;China;CH;14500;26.462498;107.52825;T’en;Ethnoreligion;Asia;0
Xuzhang Lalu;China;CH;6800;25.0718;99.3033;Lalo, Central;Ethnoreligion;Asia;0
Alu;China;CH;9300;22.883344;102.744099;Nisu, Eastern;Ethnoreligion;Asia;0
Guaigun;China;CH;700;23.6713;100.962;Undetermined;Ethnoreligion;Asia;0
Ainu;China;CH;11000;38.930205;76.169596;Ainu (China);Islam;Asia;0
Hagei;China;CH;3000;27.552902;106.916537;Qau;Ethnoreligion;Asia;0
Alu;Laos;LA;8000;22.255026;101.678586;Nisu, Eastern;Ethnoreligion;Asia;0
Ani;China;CH;5100;23.755117;103.52517;Axi;Ethnoreligion;Asia;0
Changpao;China;CH;8400;25.496417;107.950481;Bunu, Bu-Nao;Ethnoreligion;Asia;0
Chut;Vietnam;VM;6000;17.74065;105.78465;Chut;Ethnoreligion;Asia;0
Tayten;Laos;LA;550;20.704517;102.676052;T’en;Ethnoreligion;Asia;0
Tutung;Brunei;BX;17500;4.74327;114.63828;Tutong;Ethnoreligion;Asia;0
Kairui-Midik;Timor-Leste;TT;20000;-8.7877;126.134;Kairui-Midiki;Christianity;Asia;0
Carolinians;Micronesia;FM;3400;9.52047;138.112104;Carolinian;Christianity;Oceania;0
Chamba Bedouin;Algeria;AG;99500;32.9448;3.2672;Tamazight, Central Atlas;Islam;Africa;0
Shabak;Iraq;IZ;291000;36.3642;43.2234;Shabak;Islam;Asia;0
Vlax Romani;United States;US;3600;45.5384;-122.6507;Romani, Vlax;Christianity;Americas;0
Zakhrin;India;IN;550;28.12995;97.021619;Zakhring;Buddhism;Asia;0
Tai Men;Laos;LA;12500;18.33998;104.72923;Tai Yo;Ethnoreligion;Asia;0
Assyrians;France;FR;3900;48.995749;2.379624;Assyrian Neo-Aramaic;Christianity;Europe;0
Botlikh;Russian Federation;RS;7200;42.665;46.22;Botlikh;Islam;Europe;0
Manyak;China;CH;3000;29.6709;101.5951;Minyag, Western;Buddhism;Asia;0
Lakalei;Timor-Leste;TT;4300;-8.819;125.863;Lakalei;Christianity;Asia;0
Habu;Timor-Leste;TT;3600;-8.679;126.171;Habun;Christianity;Asia;0
Sikkimese Bhotia;Bhutan;BT;4500;27.151533;88.855739;Sikkimese;Buddhism;Asia;0
Gao;China;CH;3600;26.15447;106.2352;Qau;Ethnoreligion;Asia;0
Younuo Bunu;China;CH;29000;25.771729;110.470217;Bunu, Younuo;Ethnoreligion;Asia;0
Mashan Miao;China;CH;263000;25.65179;106.12205;Miao, Central Mashan;Ethnoreligion;Asia;0
Temain;Sudan;SU;17500;11.8275;29.3898;Temein;Islam;Africa;0
Alawites;Türkiye;TU;1315000;37.1398;38.7924;Arabic, Levantine;Islam;Asia;0
Slovaks;United States;US;32000;40.471023;-79.92078;Slovak;Christianity;Americas;0
Lebanese Shia Arabs;Lebanon;LE;1045000;34.023394;36.205065;Arabic, Levantine;Islam;Asia;0
Jordanian Arabs;United Arab Emirates;AE;189000;25.284409;55.33539;Arabic, Levantine;Islam;Asia;0
Lebanese Arabs;United Arab Emirates;AE;47000;25.248945;55.287687;Arabic, Levantine;Islam;Asia;0
Jews;Panama;PM;11000;9.003;-79.516998;Hebrew;Judaism;Americas;0
Nigerians;Netherlands;NL;3100;52.358757;4.886798;English;Christianity;Europe;0
Lebanese Sunni Arabs;Lebanon;LE;1145000;34.431;35.842;Arabic, Levantine;Islam;Asia;0
Phai;Laos;LA;28500;19.012757;101.496909;Prai;Ethnoreligion;Asia;0
Iban;Brunei;BX;24000;4.519083;114.596275;Iban;Ethnoreligion;Asia;0
Cai;China;CH;33500;26.961723;105.461787;Gelao, Green;Ethnoreligion;Asia;0
Russians;Poland;PL;14000;52.288143;21.063027;Russian;Christianity;Europe;0
Russians;Cyprus;CY;94000;35.168194;33.36194;Russian;Christianity;Asia;0
Greeks;Russian Federation;RS;98000;44.90354;37.66053;Pontic;Christianity;Europe;0
Romanians;Belgium;BE;125000;50.852662;4.356653;Romanian;Christianity;Europe;0
Macedonians;Italy;IT;59000;41.929815;12.514875;Macedonian;Christianity;Europe;0
Bulgarians;Belgium;BE;49500;51.216;4.4;Bulgarian;Christianity;Europe;0
Poles;Italy;IT;93500;41.853374;12.449144;Polish;Christianity;Europe;0
Japanese;Bolivia;BL;21000;-16.55354;-68.195714;Spanish;Ethnoreligion;Americas;0
Huishui Miao;China;CH;367000;26.04357;106.56133;Miao, Southwestern Huishui;Ethnoreligion;Asia;0
Japanese;Argentina;AR;41000;-34.659899;-58.559848;Japanese;Ethnoreligion;Americas;0
Japanese;Germany;GM;25000;48.145918;11.596171;Japanese;Ethnoreligion;Europe;0
Hungarians;France;FR;250000;48.841436;2.235616;Hungarian;Christianity;Europe;0
Greeks;Albania;AL;93500;40.07726;20.18669;Greek;Christianity;Europe;0
Sindhi;Malaysia;MY;36000;3.062047;101.71196;Sindhi;Hinduism;Asia;0
Indo-Pakistani;Brunei;BX;5900;4.912556;114.928238;Hindi;Hinduism;Asia;0
Gurkha;Brunei;BX;1700;4.8889;114.9009;Nepali;Hinduism;Asia;0
Tai Nyo;Laos;LA;21000;18.320081;103.99567;Nyaw;Ethnoreligion;Asia;0
Bosniaks;Slovenia;SI;34000;46.0555;14.5083;Bosnian;Islam;Europe;0
Khmer;Laos;LA;5800;14.2134;105.9143;Khmer;Buddhism;Asia;0
Kemak;Timor-Leste;TT;82000;-8.94331;125.19933;Kemak;Christianity;Asia;0
Slovaks;Montenegro;MJ;5900;42.4412;19.2628;Slovak;Christianity;Europe;0
Jola-Karon;Gambia;GA;102000;13.27102;-16.63876;Karon;Islam;Africa;0
Red Thai;Laos;LA;46500;20.00625;104.54458;Tai Daeng;Ethnoreligion;Asia;0
Croats;Slovenia;SI;77500;46.0555;14.5083;Croatian;Christianity;Europe;0
Croats;Montenegro;MJ;6900;42.4647;18.6435;Croatian;Christianity;Europe;0
Baganda;United States;US;8600;34.013605;-118.189481;Ganda;Christianity;Americas;0
Sudanese Arabs;United States;US;52000;40.771464;-73.819654;Arabic, Sudanese;Islam;Americas;0
French;Djibouti;DJ;18500;11.555997;43.150293;French;Christianity;Africa;0
Arabs;Malaysia;MY;18000;3.15968;101.735264;Arabic, Standard;Islam;Asia;0
Moroccan Arabs;Germany;GM;135000;52.463174;13.429028;Arabic, Moroccan;Islam;Europe;0
Tigrai;United States;US;60500;38.18911;-85.6589;Tigrigna;Christianity;Americas;0
Dutch;Aruba;AA;4300;12.529;-70.041;Dutch;Christianity;Americas;0
Italians;New Caledonia;NC;8800;-22.275046;166.442945;Italian;Christianity;Oceania;0
Spaniards;New Caledonia;NC;2900;-22.259334;166.450219;Spanish;Christianity;Oceania;0
Lebanese Arabs;French Guiana;FG;1500;4.896295;-52.286077;Arabic, Levantine;Islam;Americas;0
Jews;New Zealand;NZ;7400;-36.847385;174.765735;English;Judaism;Oceania;0
Isaan;United States;US;1300;30.14715;-97.58975;Thai, Northeastern;Buddhism;Americas;0
Macedonians;United States;US;26000;42.506085;-83.008416;Macedonian;Christianity;Americas;0
Maltese;United States;US;49000;42.416918;-83.157964;Maltese;Christianity;Americas;0
Bulgarians;United States;US;76500;42.032685;-87.935476;Bulgarian;Christianity;Americas;0
Angolans;Belgium;BE;7300;50.82813;4.354459;English;Christianity;Europe;0
St. Barthians;Saint Barthelemy;TB;11500;17.8962;-62.8519;French;Christianity;Americas;0
Jews;Uzbekistan;UZ;4200;39.649756;66.974799;Russian;Judaism;Asia;0
Arabs;Maldives;MV;750;4.176394;73.505165;Arabic, Standard;Islam;Asia;0
Turkmen;United States;US;200;40.756652;-73.814192;Turkmen;Islam;Americas;0
Druze;United States;US;50000;34.141881;-118.21386;Arabic, Levantine;Other;Americas;0
Javanese;United States;US;250;33.956769;-118.254559;Javanese;Islam;Americas;0
Afar;United States;US;325;40.872651;-73.84572;Afar;Islam;Americas;0
Brunei-Kadayan;United States;US;750;38.952079;-76.946837;Brunei;Islam;Americas;0
Indonesians;Canada;CA;16500;43.531207;-79.674613;Indonesian;Islam;Americas;0
Malian;Canada;CA;1000;45.527375;-73.574446;Bamanankan;Islam;Americas;0
Balinese;United States;US;175;41.628646;-93.684094;Bali (Indonesia);Hinduism;Americas;0
Mozambicans;Canada;CA;1300;43.650993;-79.412896;Portuguese;Ethnoreligion;Americas;0
Afar;Canada;CA;2600;45.568426;-73.597855;Afar;Islam;Americas;0
Vlax Romani;Algeria;AG;4800;36.6716;3.0961;Romani, Vlax;Islam;Africa;0
Georgians;Tajikistan;TI;2000;38.542709;68.768303;Georgian;Unaffiliated;Asia;0
Meadow Mari;Tajikistan;TI;750;38.560294;68.787691;Mari, Meadow;Christianity;Asia;0
Liberians;Italy;IT;1400;41.922973;12.488125;English;Islam;Europe;0
Dongolese Nubians;United States;US;5400;32.80553;-96.761533;Arabic, Sudanese;Islam;Americas;0
Mon;United States;US;100;32.67329;-97.38112;Mon;Buddhism;Americas;0
Mordvinians;Tajikistan;TI;5300;38.561618;68.730492;Erzya;Christianity;Asia;0
Liberians;Belgium;BE;1000;50.863969;4.312186;English;Christianity;Europe;0
Egyptian Arabs;Spain;SP;4500;40.404506;-3.719182;Arabic, Egyptian;Islam;Europe;0
Romanians;Azerbaijan;AJ;2000;40.391603;49.865255;Romanian;Christianity;Asia;0
Lamet;United States;US;35;33.834173;-118.148456;Rmeet;Ethnoreligion;Americas;0
Hadrami Arabs;United States;US;325;42.3297;-83.3024;Arabic, Hadrami;Islam;Americas;0
Fur;United States;US;275;43.6645;-70.3083;Fur;Islam;Americas;0
Iraqis;Italy;IT;4300;41.895363;12.440827;Arabic, Mesopotamian;Islam;Europe;0
Bulgarians;Tajikistan;TI;950;38.579231;68.795807;Bulgarian;Christianity;Asia;0
Georgians;Turkmenistan;TX;1800;37.924741;58.408782;Georgian;Unaffiliated;Asia;0
Estonians;Kazakhstan;KZ;2400;43.236452;76.882305;Estonian, Standard;Christianity;Asia;0
Bulgarians;Uzbekistan;UZ;1800;41.354258;69.337107;Bulgarian;Christianity;Asia;0
Romanians;Turkmenistan;TX;90;37.971025;58.349546;Romanian;Christianity;Asia;0
Lithuanians;Uzbekistan;UZ;3000;41.337873;69.269692;Lithuanian;Christianity;Asia;0
Swahili;Canada;CA;9300;43.663432;-79.374487;Swahili;Islam;Americas;0
Estonians;Uzbekistan;UZ;1600;41.314933;69.218664;Estonian, Standard;Christianity;Asia;0
Ghanaians;Germany;GM;38500;48.15613;11.557625;English;Christianity;Europe;0
Arabs;India;IN;24000;12.911715;75.075587;Arabic, Standard;Islam;Asia;0
Yao;United States;US;20000;37.805221;-122.231186;Kim Mun;Ethnoreligion;Americas;0
Jordanian Arabs;Saudi Arabia;SA;237000;21.462559;39.19737;Arabic, Levantine;Islam;Asia;0
Malays;Canada;CA;11500;43.7911;-79.2835;Malay;Islam;Americas;0
Nara;Ethiopia;ET;92500;14.321394;38.169886;Nara;Islam;Africa;0
Lebanese Arabs;Qatar;QA;295000;25.261722;51.512386;Arabic, Levantine;Islam;Asia;0
Palestinian Arabs;United Arab Emirates;AE;65000;25.396775;55.444519;Arabic, Levantine;Islam;Asia;0
Palestinian Arabs;Libya;LY;35500;32.105199;20.109749;Arabic, Levantine;Islam;Africa;0
Lebanese Arabs;Saudi Arabia;SA;152000;21.49171;39.262869;Arabic, Levantine;Islam;Asia;0
Palestinian Arabs;Qatar;QA;381000;25.321536;51.486313;Arabic, Levantine;Islam;Asia;0
Palestinian Arabs;Eritrea;ER;21500;15.333751;38.932292;Arabic, Levantine;Islam;Africa;0
Syrian Arabs;United Arab Emirates;AE;297000;25.221861;55.309841;Arabic, Levantine;Islam;Asia;0
Palestinian Arabs;Iraq;IZ;22500;33.2996;44.437;Arabic, Levantine;Islam;Asia;0
Yemeni Arabs;Ethiopia;ET;39000;9.0256;38.7362;Arabic, Ta’izzi-Adeni;Islam;Africa;0
Sidi Bedouins;Algeria;AG;143000;33.597745;0.969798;Hassaniyya;Islam;Africa;0
Iraqi Arabs;United Arab Emirates;AE;58500;25.255854;55.287296;Arabic, Mesopotamian;Islam;Asia;0
Syrian Arabs;Qatar;QA;267000;25.328853;51.513763;Arabic, Standard;Islam;Asia;0
Yemeni Arabs;Eritrea;ER;71000;15.3139;38.9331;Arabic, Ta’izzi-Adeni;Islam;Africa;0
Omani Arabs;Djibouti;DJ;78000;11.578284;43.146695;Arabic, Sanaani;Islam;Africa;0
Yemeni Arabs;Sudan;SU;34000;15.558501;32.568351;Arabic, Ta’izzi-Adeni;Islam;Africa;0
Laguat Bedouin;Algeria;AG;86000;33.821;2.869;Hassaniyya;Islam;Africa;0
Syrian Arabs;Sudan;SU;129000;15.4722;32.5004;Arabic, Standard;Islam;Africa;0
Soliman Bedouins;Chad;CD;39000;14.5181;22.0829;Hassaniyya;Islam;Africa;0
Algerian Arabs;United States;US;25000;39.035496;-77.201859;Arabic, Algerian;Islam;Americas;0
Algerian Arabs;Italy;IT;27000;38.114192;13.347806;Arabic, Algerian;Islam;Europe;0
Sudanese Arabs;Oman;MU;23000;23.603431;58.464471;Arabic, Sudanese;Islam;Asia;0
Egyptian Arabs;Oman;MU;96000;23.615594;58.538448;Arabic, Egyptian;Islam;Asia;0
Iraqis;Belgium;BE;22000;50.853378;4.353942;Arabic, Mesopotamian;Islam;Europe;0
Sudanese Arabs;Canada;CA;22000;51.03;-113.965;Arabic, Sudanese;Islam;Americas;0
Iraqi Arabs;Sweden;SW;180000;59.329444;18.068611;Arabic, Mesopotamian;Islam;Europe;0
Jordanian Arabs;Oman;MU;24000;23.624;58.5237;Arabic, Levantine;Islam;Asia;0
Tunisian Arabs;United States;US;143000;42.3302;-83.173243;Arabic, Levantine;Islam;Americas;0
Algerian Arabs;Spain;SP;66500;37.616826;-0.987646;Arabic, Algerian;Islam;Europe;0
Tunisian Arabs;Germany;GM;45000;52.541226;13.364204;Arabic, Tunisian;Islam;Europe;0
Syrian Arabs;Sweden;SW;209000;59.329444;18.068611;Arabic, Levantine;Islam;Europe;0
Syrian Jews;United States;US;90000;40.599562;-73.967454;Arabic, Levantine;Judaism;Americas;0
Greeks;Kazakhstan;KZ;17000;43.319431;76.928487;Greek;Christianity;Asia;0
Lithuanians;Kazakhstan;KZ;9300;43.269883;76.917012;Lithuanian;Christianity;Asia;0
Moldovans;Uzbekistan;UZ;5500;41.313529;69.254243;Romanian;Christianity;Asia;0
French;Chad;CD;19500;12.120946;15.079282;French;Christianity;Africa;0
Greeks;Türkiye;TU;4300;41.029;28.945;Greek;Christianity;Asia;0
Bulgarians;Kazakhstan;KZ;9100;43.239559;76.892088;Bulgarian;Christianity;Asia;0
Ukrainians;Azerbaijan;AJ;20500;40.409027;49.845858;Ukrainian;Christianity;Asia;0
Ossetians;Uzbekistan;UZ;11000;41.337873;69.287014;Ossetic;Islam;Asia;0
Jews;Czech Republic;EZ;3900;50.047067;14.444755;Yiddish, Eastern;Judaism;Europe;0
Ossetians;Kazakhstan;KZ;2800;43.238363;76.856057;Ossetic;Islam;Asia;0
Ossetians;Türkiye;TU;44500;39.911379;41.272117;Ossetic;Islam;Asia;0
Ossetians;Turkmenistan;TX;2600;37.922522;58.358742;Ossetic;Islam;Asia;0
Ossetians;Azerbaijan;AJ;3300;40.6952;46.3565;Ossetic;Islam;Asia;0
Mandaeans;United States;US;1100;29.5129;-98.4051;Persian, Iranian;Ethnoreligion;Americas;0
Jews;Venezuela;VE;7000;10.5016;-66.8345;Spanish;Judaism;Americas;0
Jews;Colombia;CO;2200;4.631951;-74.127248;Spanish;Judaism;Americas;0
Jews;Mexico;MX;41500;19.4333;-99.1333;Spanish;Judaism;Americas;0
Uduk;United States;US;325;32.85027;-96.692389;Uduk;Islam;Americas;0
Turkish Cypriots;United States;US;3200;40.760221;-73.913534;Turkish;Islam;Americas;0
Malays;United States;US;10500;33.623096;-117.680533;Malay;Islam;Americas;0
Boloven;United States;US;37500;36.720207;-119.730361;Laven;Ethnoreligion;Americas;0
Tai Lu;United States;US;5200;34.071119;-118.32053;Lü;Ethnoreligion;Americas;0
Moru;United States;US;2100;32.715413;-96.813646;Moru;Ethnoreligion;Americas;0
Jur Modo;United States;US;1800;32.761603;-96.852104;Jur Modo;Ethnoreligion;Americas;0
White Tai;United States;US;14000;33.865558;-117.90933;Tai Dón;Ethnoreligion;Americas;0
Mande;United States;US;32500;40.852666;-73.892045;Mende (Sierra Leone);Ethnoreligion;Americas;0
Meadow Mari;Uzbekistan;UZ;5500;41.345831;69.181679;Mari, Meadow;Christianity;Asia;0
Mordvinians;Kazakhstan;KZ;21500;51.226739;51.389299;Erzya;Christianity;Asia;0
Khmer;Germany;GM;13000;52.599;13.454;Khmer;Buddhism;Europe;0
Amhara;Germany;GM;22500;50.131453;8.670422;Amharic;Christianity;Europe;0
Chuvash;Uzbekistan;UZ;18500;41.299016;69.240667;Chuvash;Christianity;Asia;0
Mordvinians;Uzbekistan;UZ;15000;41.333227;69.207196;Erzya;Christianity;Asia;0
Khmer;United Kingdom;UK;1300;51.567;0.08;Khmer;Buddhism;Europe;0
Chuvash;Kazakhstan;KZ;16000;51.232904;51.394673;Chuvash;Christianity;Asia;0
Georgians;Türkiye;TU;179000;41.255152;41.778986;Georgian;Islam;Asia;0
Georgians;Iran;IR;63500;32.6438;51.6598;Georgian;Islam;Asia;0
Mararit;Sudan;SU;45500;13.771771;22.265587;Mararit;Islam;Africa;0
Somalis;Sweden;SW;80500;59.329444;18.068611;Somali;Islam;Europe;0
Tmagourt;Tunisia;TS;6200;34.466;9.266;Nafusi;Islam;Africa;0
Wolof;Italy;IT;80500;41.861279;12.486443;Wolof;Islam;Europe;0
Kimr;Sudan;SU;219000;13.526384;22.965195;Assangori;Islam;Africa;0
Malagasy;Canada;CA;2400;45.537876;-73.64668;Malagasy, Merina;Islam;Americas;0
Tigrai;Sudan;SU;64500;14.288238;36.462908;Tigrigna;Christianity;Africa;0
Georgians;Uzbekistan;UZ;8800;42.443764;59.634915;Georgian;Unaffiliated;Asia;0
Eritreans;Sweden;SW;56500;59.329444;18.068611;Tigrigna;Christianity;Europe;0
Georgians;Kazakhstan;KZ;7100;43.2509;76.8383;Georgian;Unaffiliated;Asia;0
Bokoruge;Sudan;SU;7600;12.740398;22.127374;Daju, Dar Sila;Ethnoreligion;Africa;0
Brunei;Canada;CA;5400;43.590118;-79.590928;Brunei;Islam;Americas;0
Surbakhal;Chad;CD;19000;13.13312;21.62433;Surbakhal;Islam;Africa;0
Turkmen;Kyrgyzstan;KG;2100;40.937108;72.978779;Turkmen;Islam;Asia;0
Dargins;Uzbekistan;UZ;3800;42.339888;59.561936;Dargwa;Islam;Asia;0
Karachay;Kyrgyzstan;KG;1700;42.886578;74.603444;Karachay-Balkar;Islam;Asia;0
Tajiks;Kazakhstan;KZ;34000;42.316686;69.604227;Tajik;Islam;Asia;0
Tajiks;Kyrgyzstan;KG;62500;42.8707;74.5317;Tajik;Islam;Asia;0
Dargins;Kyrgyzstan;KG;2400;42.904218;74.55697;Dargwa;Islam;Asia;0
Dargins;Turkmenistan;TX;3000;40.021393;52.979135;Dargwa;Islam;Asia;0
Kaitag;Russian Federation;RS;30000;42.1217;47.8304;Kaitag;Islam;Europe;0
Tajiks;Turkmenistan;TX;5800;38.003491;58.302605;Tajik;Islam;Asia;0
Lak;Turkmenistan;TX;4500;40.0177;52.9749;Lak;Islam;Asia;0
Lezghi;Kyrgyzstan;KG;2600;42.88541;74.659567;Lezgi;Islam;Asia;0
Bashkir;Turkmenistan;TX;8600;37.958867;58.354311;Bashkort;Islam;Asia;0
Kazakh;Kyrgyzstan;KG;62500;42.751919;71.618577;Kazakh;Islam;Asia;0
Kazakh;Turkmenistan;TX;163000;42.321427;59.166897;Kazakh;Islam;Asia;0
Lezghi;Turkmenistan;TX;19000;37.914216;58.388924;Lezgi;Islam;Asia;0
Bashkir;Kazakhstan;KZ;30500;50.296406;57.16375;Bashkort;Islam;Asia;0
Lezghi;Kazakhstan;KZ;6100;43.641752;51.169039;Lezgi;Islam;Asia;0
Bashkir;Uzbekistan;UZ;63500;41.386642;69.220358;Bashkort;Islam;Asia;0
Karakalpaks;Turkmenistan;TX;5600;42.253973;59.729581;Karakalpak;Islam;Asia;0
Sinte Romani;Kazakhstan;KZ;6700;43.2112;76.8737;Romani, Sinte;Islam;Asia;0
Saudi Arabs;Jordan;JO;35500;31.9537;35.9433;Arabic, Hijazi;Islam;Asia;0
Omani Arabs;Kuwait;KU;21000;29.3809;47.9871;Arabic, Omani;Islam;Asia;0
Urdu;Türkiye;TU;26500;41.064;29.0351;Urdu;Islam;Asia;0
Gujur Rajasthani;Afghanistan;AF;20000;35.24842;71.48793;Gujari;Islam;Asia;0
Jat Muslim;India;IN;645000;23.714614;69.843011;Sindhi;Islam;Asia;0
Jordanian Arabs;Kuwait;KU;407000;29.28246;47.98267;Arabic, Standard;Islam;Asia;0
Yemeni Arabs;Kuwait;KU;8500;29.3071;47.9815;Arabic, Ta’izzi-Adeni;Islam;Asia;0
Lebanese Arabs;Kuwait;KU;140000;29.3278;47.9114;Arabic, Levantine;Islam;Asia;0
Palestinian Arabs;Saudi Arabia;SA;458000;24.47941;39.607041;Arabic, Levantine;Islam;Asia;0
Kedayan;Malaysia;MY;91000;4.01381;113.97275;Brunei;Islam;Asia;0
Iraqi Arabs;Yemen;YM;10500;15.385;44.176;Arabic, Mesopotamian;Islam;Asia;0
Druze;Jordan;JO;24500;32.332163;36.501059;Arabic, Levantine;Other;Asia;0
Tai Nua;Laos;LA;15000;19.37757;103.42006;Tai Nüa;Ethnoreligion;Asia;0
Tai Kaleun;Laos;LA;12500;18.579676;104.986492;Thai, Northeastern;Ethnoreligion;Asia;0
Poles;Iceland;IC;20500;64.1367;-21.8612;Polish;Christianity;Europe;0
Georgians;Azerbaijan;AJ;15500;41.36546;46.82747;Georgian;Unaffiliated;Asia;0
Azerbaijani;Kyrgyzstan;KG;21000;42.92345;74.60306;Azerbaijani, North;Islam;Asia;0
Akeu;Laos;LA;3100;22.438383;101.74632;Biyo;Ethnoreligion;Asia;0
Barua;India;IN;950;23.940628;91.986786;Bengali;Buddhism;Asia;0
Bulgarians;Türkiye;TU;8000;41.67706;26.60341;Bulgarian;Christianity;Asia;0
Northern Thai;Laos;LA;44000;20.01593;100.68798;Thai, Northern;Ethnoreligion;Asia;0
Indo-Pakistani;South Korea;KS;7100;37.552258;126.958856;Hindi;Hinduism;Asia;0
Caboverdian Mestico;Spain;SP;3100;40.397344;-3.687831;Kabuverdianu;Christianity;Europe;0
Mlabri;Laos;LA;60;18.63957;101.28868;Mlabri;Ethnoreligion;Asia;0
Sudra Das;India;IN;910000;24.689793;92.678998;Bengali;Hinduism;Asia;0
Saha;India;IN;4400;23.893703;91.395378;Bengali;Hinduism;Asia;0
Urdu;Afghanistan;AF;20500;34.5589;69.1833;Urdu;Islam;Asia;0
Mahisyadas;India;IN;190000;23.831457;91.286778;Bengali;Hinduism;Asia;0
Mauritians;France;FR;1000;48.906128;2.338173;Morisyen;Hinduism;Europe;0
Hindi;South Korea;KS;2700;37.566667;126.978056;Hindi;Hinduism;Asia;0
Tripuri Kumhar;India;IN;20500;22.074993;88.068248;Bengali;Hinduism;Asia;0
Indo-French;India;IN;6700;11.930182;79.797144;French;Hinduism;Asia;0
Shabdakar;India;IN;700;23.894144;91.413786;Bengali;Hinduism;Asia;0
Banik Bania;India;IN;127000;23.831457;91.286778;Bengali;Hinduism;Asia;0
Nakkala;India;IN;18000;13.269706;80.277214;Vaghri;Hinduism;Asia;0
Haluadas;India;IN;7400;23.80089;91.46741;Bengali;Hinduism;Asia;0
Pulaar;France;FR;1100;43.302552;5.406638;Pulaar;Islam;Europe;0
Mandinka;France;FR;100;43.298176;5.396182;Mandinka;Islam;Europe;0
Giay;Laos;LA;8600;21.217631;101.909741;Bouyei;Ethnoreligion;Asia;0
Jola-Fogny;France;FR;100;48.938945;2.29712;Jola-Fonyi;Islam;Europe;0
Karakalpaks;Kyrgyzstan;KG;2000;40.933156;72.978814;Karakalpak;Islam;Asia;0
Indo-Vietnamese;India;IN;475;11.912456;79.815389;Lao;Ethnoreligion;Asia;0
Nigerians;France;FR;30000;48.887077;2.307262;English;Christianity;Europe;0
Bashkir;Kyrgyzstan;KG;1100;42.890475;74.591625;Bashkort;Islam;Asia;0
Sierra Leoneans;France;FR;1500;43.297302;5.405218;English;Islam;Europe;0
Kurol;India;IN;5100;25.147564;88.091248;Bengali;Hinduism;Asia;0
Sabar;India;IN;6200;23.899667;91.404966;Bengali;Hinduism;Asia;0
Tai Sam;Laos;LA;1300;19.738647;103.252511;Shan;Ethnoreligion;Asia;0
Jiasou;China;CH;50500;23.712641;105.069655;Sani;Ethnoreligion;Asia;0
Naju;China;CH;2500;27.678056;101.46272;Narua;Ethnoreligion;Asia;0
Liang E;China;CH;6700;26.731083;100.761886;Lang’e;Ethnoreligion;Asia;0
Miguba;China;CH;100;29.296212;95.312089;Adi;Ethnoreligion;Asia;0
Mengwu;China;CH;30500;23.629695;105.254399;Sani;Ethnoreligion;Asia;0
Labapo;China;CH;11000;23.637;103.389909;Sani;Ethnoreligion;Asia;0
Japanese;Dominican Republic;DR;2300;18.487;-69.965;Japanese;Ethnoreligion;Americas;0
Kham Tibetans;Bhutan;BT;1200;27.546331;89.677008;Tibetan, Khams;Buddhism;Asia;0
Italians;Monaco;MN;4300;43.7378;7.4222;Italian;Christianity;Europe;0
French;Andorra;AN;4600;42.5361;1.58277;French;Unaffiliated;Europe;0
Japanese;Micronesia;FM;950;6.95491;158.212341;Japanese;Ethnoreligion;Oceania;0
Hui;Malaysia;MY;18000;3.145626;101.66234;Chinese, Mandarin;Islam;Asia;0
Lithuanians;Sweden;SW;15500;59.3095;18.0889;Lithuanian;Christianity;Europe;0
Hui;Singapore;SN;18000;1.328245;103.678926;Chinese, Mandarin;Islam;Asia;0
Macedonians;Germany;GM;85000;52.384595;9.733591;Macedonian;Christianity;Europe;0
Portuguese;Andorra;AN;11500;42.504617;1.512446;Portuguese;Christianity;Europe;0
Poles;Belgium;BE;100000;51.216;4.4;Polish;Christianity;Europe;0
Wallisians;New Caledonia;NC;26500;-22.2879;166.4524;Wallisian;Christianity;Oceania;0
Beja;Eritrea;ER;222000;16.683057;38.483911;Bedawiyet;Islam;Africa;0
Saudi Arabs;Kuwait;KU;382000;29.343;47.659;Arabic, Najdi;Islam;Asia;0
Indian Muslims;Malaysia;MY;314000;3.027;101.7748;Tamil;Islam;Asia;0
Tagdal;Niger;NG;72000;16.19078;6.83992;Tagdal;Islam;Africa;0
Khandwal;India;IN;12500;22.2579;86.1849;Bengali;Hinduism;Asia;0
Muslim Lakhera;India;IN;2200;22.820862;73.747786;Urdu;Islam;Asia;0
Chadian (French);Chad;CD;8400;12.115851;15.072835;French;Islam;Africa;0
Nicar;India;IN;4400;31.4668;76.27199;Pahari-Potwari;Hinduism;Asia;0
Kankali;India;IN;750;27.58;81.6;Urdu;Islam;Asia;0
Vyapari;India;IN;1000;23.123638;72.052742;Urdu;Islam;Asia;0
Punjabis;Belgium;BE;24000;50.845939;4.317862;Punjabi, Western;Islam;Europe;0
Dhaki;India;IN;7400;31.1484;77.7282;Pahari-Potwari;Hinduism;Asia;0
Mujavir;India;IN;7100;28.125;78.90826;Urdu;Islam;Asia;0
Quillasinga;Colombia;CO;7300;1.147598;-77.00217;Spanish;Christianity;Americas;0
Thavi;India;IN;15500;31.0725;76.7038;Pahari-Potwari;Hinduism;Asia;0
Attar Saibulu;India;IN;3800;19.128958;74.294739;Urdu;Islam;Asia;0
Pitaguari;Brazil;BR;2900;-4;-38.5;Portuguese;Ethnoreligion;Americas;0
Arana;Brazil;BR;400;-16.8509;-42.0668;Portuguese;Christianity;Americas;0
Kaixana;Brazil;BR;500;-2.916667;-67.416667;Portuguese;Ethnoreligion;Americas;0
Betoye;Colombia;CO;800;6.454076;-71.757626;Spanish;Ethnoreligion;Americas;0
Paraujano;Venezuela;VE;18000;10.8292;-71.8629;Spanish;Christianity;Americas;0
Coyaima;Colombia;CO;57500;3.799778;-75.195886;Spanish;Ethnoreligion;Americas;0
Guanaca;Colombia;CO;600;2.559133;-76.062206;Spanish;Ethnoreligion;Americas;0
Reyesano;Bolivia;BL;5600;-14.8706;-66.77;Spanish;Christianity;Americas;0
Canamomo;Colombia;CO;26500;5.475882;-75.598698;Spanish;Ethnoreligion;Americas;0
Totoró;Colombia;CO;5200;2.512838;-76.404248;Spanish;Christianity;Americas;0
Paiaku;Brazil;BR;300;-3.960566;-38.281142;Portuguese;Ethnoreligion;Americas;0
Kulina Pano;Brazil;BR;125;-4.467107;-71.40113;Portuguese;Christianity;Americas;0
Kaxixó;Brazil;BR;325;-19.3371;-45.0713;Portuguese;Ethnoreligion;Americas;0
Slovaks;Canada;CA;23000;43.647193;-79.38904;Slovak;Christianity;Americas;0
Czechs;Canada;CA;39500;43.646977;-79.406357;Czech;Christianity;Americas;0
Urdu;Belgium;BE;9800;50.861579;4.388464;Urdu;Islam;Europe;0
Sri Lanken;Italy;IT;114000;41.921602;12.479112;Sinhala;Buddhism;Europe;0
Sokoro;Sudan;SU;2700;12.951336;22.872261;Sokoro;Islam;Africa;0
Eurafricans;Sudan;SU;15000;15.5172;32.5173;English;Christianity;Africa;0
Boor;Chad;CD;425;10.098;17.585;Boor;Islam;Africa;0
Uraparaquara;Brazil;BR;100;-11.666667;-63.666667;Uru-Eu-Wau-Wau;Ethnoreligion;Americas;0
Comorian Mwali;Comoros;CN;41000;-12.282012;43.736983;Comorian, Mwali;Islam;Africa;0
South African Muslims;South Africa;SF;387000;-29.954334;30.919892;English;Islam;Africa;0
Bosniaks;Canada;CA;44000;43.620528;-79.549489;Bosnian;Islam;Americas;0
Akurio;Brazil;BR;40;-1.75;-55.833333;Trió;Ethnoreligion;Americas;0
Bernde;Chad;CD;5100;12.0772;17.6667;Morom;Islam;Africa;0
Kango-Likango;Congo, Democratic Republic of the;CG;11500;3.504934;24.479151;Kango (DRC, , Bas-Uélé district);Ethnoreligion;Africa;0
Tabi;Ethiopia;ET;5200;10.945766;35.187145;Gaam;Christianity;Africa;0
Wolof;Guinea-Bissau;PU;11000;11.8831;-15.5977;Wolof;Islam;Africa;0
Georgians;Canada;CA;2700;43.762624;-79.393035;Georgian;Christianity;Americas;0
Donyiro;South Sudan;OD;17500;5.3724;34.9117;Nyangatom;Ethnoreligion;Africa;0
Maltese;Canada;CA;7800;43.6655;-79.4741;Maltese;Christianity;Americas;0
Samoya;Mali;ML;4300;13.812734;-2.962842;Kalamsé;Ethnoreligion;Africa;0
Tucano;Colombia;CO;7000;1.205;-71.8378;Tucano;Ethnoreligion;Americas;0
Ibuoro;Nigeria;NI;12500;5.4712;7.9154;Ibuoro;Ethnoreligion;Africa;0
Rundi;Tanzania;TZ;658000;-2.872929;30.960495;Rundi;Christianity;Africa;0
Gorani;Albania;AL;3700;41.9796;20.6042;Bosnian;Islam;Europe;0
Bijim;Nigeria;NI;11500;9.2566;9.2877;Bijim;Christianity;Africa;0
Bolon;Mali;ML;7100;13.466;-4.076;Bolon;Islam;Africa;0
Uncontacted of Bararati;Brazil;BR;25;-7.962204;-58.354304;Undetermined;Ethnoreligion;Americas;0
Uncontacted of Parauari;Brazil;BR;25;-3.445209;-57.646513;Undetermined;Ethnoreligion;Americas;0
Uncontacted of Cumina;Brazil;BR;25;-1.230388;-56.029105;Undetermined;Ethnoreligion;Americas;0
Koro Zuba;Nigeria;NI;13000;9.011;7.261;Koro Zuba;Ethnoreligion;Africa;0
Uncontacted of Teles Pires;Brazil;BR;25;-8.754115;-57.547317;Undetermined;Ethnoreligion;Americas;0
Uncontacted of Rio Tapirape;Brazil;BR;25;-10.786424;-51.677953;Undetermined;Ethnoreligion;Americas;0
Uncontacted of Madeirinha;Brazil;BR;25;-9.486839;-61.296203;Undetermined;Ethnoreligion;Americas;0
Uncontacted of Mapuera;Brazil;BR;25;-1.111981;-57.586558;Undetermined;Ethnoreligion;Americas;0
Uncontacted of Rio Liberdade;Brazil;BR;25;-10.089675;-52.93349;Undetermined;Ethnoreligion;Americas;0
Uncontacted of Serra do Taquaral;Brazil;BR;50;-13.313028;-61.760484;Undetermined;Ethnoreligion;Americas;0
Koro Nulu;Nigeria;NI;4700;9.3001;7.2376;Koro Nulu;Islam;Africa;0
Chamacocos;Brazil;BR;40;-21.583333;-57.833333;Chamacoco;Ethnoreligion;Americas;0
Matangi;India;IN;950;19.080908;79.560344;Telugu;Hinduism;Asia;0
Mango;Chad;CD;209000;8.6725;16.844;Mango;Ethnoreligion;Africa;0
Bangti;India;IN;300;19.9;83.17;Odia;Hinduism;Asia;0
Migaama;Chad;CD;77500;12.288143;18.820423;Migaama;Islam;Africa;0
Mala Masti;India;IN;550;18.6964;78.213181;Telugu;Hinduism;Asia;0
Sebei;Sudan;SU;25000;10.732438;29.70457;Arabic, Sudanese;Islam;Africa;0
Wandya;Malawi;MI;27000;-9.7538;33.3284;Nyiha, Malawi;Ethnoreligion;Africa;0
Masku;India;IN;700;32.099803;76.269101;Kangri;Hinduism;Asia;0
Bandial;Senegal;SG;19000;12.5258;-16.4245;Bandial;Islam;Africa;0
Mitha Ayyalavar;India;IN;4000;16.79275;78.389064;Telugu;Hinduism;Asia;0
Buso;Chad;CD;250;10.52997;16.744554;Arabic, Chadian;Islam;Africa;0
Lange Burun;Sudan;SU;57000;10.3036;34.2063;Burun;Islam;Africa;0
Tuyaa;Nigeria;NI;7000;9.575082;9.477827;Tiyaa;Islam;Africa;0
Sankaran;Guinea;GV;123000;10.3538;-10.1195;Maninka, Sankaran;Islam;Africa;0
Doms;Türkiye;TU;38000;41.0136;28.952;Domari;Islam;Asia;0
Dhimba;Namibia;WA;8300;-18.10611;13.34602;Dhimba;Christianity;Africa;0
Malays;Myanmar;BM;27000;16.783236;96.200562;Malay;Islam;Asia;0
Danes;United Kingdom;UK;29000;51.516288;-0.052513;Danish;Unaffiliated;Europe;0
Finns;United Kingdom;UK;14000;51.485002;-0.102295;Finnish;Unaffiliated;Europe;0
French;United Kingdom;UK;164000;51.494498;-0.187504;French;Christianity;Europe;0
Spaniards;United Kingdom;UK;159000;51.514222;-0.337868;Spanish;Christianity;Europe;0
Swedes;United Kingdom;UK;33500;51.48836;-0.173649;Swedish;Unaffiliated;Europe;0
Estonians;United Kingdom;UK;13000;51.616919;0.034563;Estonian, Standard;Christianity;Europe;0
Poles;Czech Republic;EZ;20500;49.59658;18.70962;Polish;Christianity;Europe;0
Mandahuaca;Venezuela;VE;4500;1.80371;-66.5022;Spanish;Ethnoreligion;Americas;0
Yabarana;Venezuela;VE;375;5.345774;-66.178439;Spanish;Christianity;Americas;0
Cayubaba;Bolivia;BL;1200;-13.227845;-65.420013;Spanish;Ethnoreligion;Americas;0
Arawak;Suriname;NS;3300;5.538061;-55.039181;Dutch;Ethnoreligion;Americas;0
Cuiba;Venezuela;VE;650;6.23973;-69.44278;Cuiba;Ethnoreligion;Americas;0
Wokarangma;Brazil;BR;30;-4.634517;-54.529478;Portuguese;Ethnoreligion;Americas;0
Yabaana;Brazil;BR;90;-0.5;-66.166667;Portuguese;Ethnoreligion;Americas;0
Karipuna of Rondônia;Brazil;BR;30;-10.033333;-64.466667;Portuguese;Ethnoreligion;Americas;0
Tupinamba;Brazil;BR;4700;-14.9844;-39.0588;Portuguese;Ethnoreligion;Americas;0
Tupinikin;Brazil;BR;2600;-19.937383;-40.181531;Portuguese;Christianity;Americas;0
Paranawat;Brazil;BR;100;-11.977616;-61.370993;Portuguese;Ethnoreligion;Americas;0
Mandahuaca;Brazil;BR;25;-1.133333;-69.133333;Portuguese;Ethnoreligion;Americas;0
Apama;Brazil;BR;200;0.97588;-53.32686;Portuguese;Ethnoreligion;Americas;0
Ofayé;Brazil;BR;60;-22.304476;-53.820108;Portuguese;Ethnoreligion;Americas;0
Yakarawakta;Brazil;BR;30;-9.25;-59;Portuguese;Ethnoreligion;Americas;0
Pataxo-Hahahai;Brazil;BR;14000;-15.5;-39.75;Portuguese;Ethnoreligion;Americas;0
Amanaye;Brazil;BR;125;-3.2873;-48.4046;Portuguese;Ethnoreligion;Americas;0
Apiaka;Brazil;BR;850;-10.943;-57.286;Portuguese;Ethnoreligion;Americas;0
Angosturas;Colombia;CO;125;6.6211;-72.087;Spanish;Ethnoreligion;Americas;0
Makuna;Brazil;BR;175;-0.140021;-69.953511;Macuna;Ethnoreligion;Americas;0
Ocaina;Colombia;CO;275;-1.49999;-72.74999;Spanish;Ethnoreligion;Americas;0
Wichi;Paraguay;PA;3000;-22.31231;-62.537553;Pilcomayo Wichí;Ethnoreligion;Americas;0
Tapuia;Brazil;BR;150;-14.916667;-50.083333;Curripaco;Ethnoreligion;Americas;0
Sharanahua;Brazil;BR;500;-8.528176;-72.341808;Sharanahua;Ethnoreligion;Americas;0
Carapana;Brazil;BR;60;0.07972;-69.692206;Carapana;Ethnoreligion;Americas;0
Slovaks;Sweden;SW;10000;55.605338;13.045736;Slovak;Christianity;Europe;0
Sammarinese;San Marino;SM;3000;43.9435;12.46109;Italian;Christianity;Europe;0
Italians;Malta;MT;11000;35.903241;14.458121;Italian;Christianity;Europe;0
French;Luxembourg;LU;92000;49.499945;5.978463;French;Christianity;Europe;0
Spaniards;Italy;IT;27500;45.520032;9.172138;Spanish;Christianity;Europe;0
Croats;Sweden;SW;9400;59.295414;18.006104;Croatian;Christianity;Europe;0
Spaniards;Netherlands;NL;19000;52.359557;4.8721;Spanish;Christianity;Europe;0
Poles;Sweden;SW;80500;59.285657;17.963643;Polish;Christianity;Europe;0
Spaniards;Portugal;PO;16000;41.173959;-8.637324;Spanish;Christianity;Europe;0
Czechs;Sweden;SW;6500;55.594888;12.995711;Czech;Christianity;Europe;0
Italians;San Marino;SM;31000;43.9383;12.45871;Italian;Christianity;Europe;0
Vlax Romani;Sweden;SW;50000;59.245569;17.989965;Romani, Vlax;Christianity;Europe;0
Danes;Sweden;SW;63000;59.282099;18.092675;Danish;Unaffiliated;Europe;0
Dutch;Luxembourg;LU;4200;49.606121;6.112686;Dutch;Christianity;Europe;0
Slovenes;Italy;IT;52000;45.81169;13.58108;Slovene;Christianity;Europe;0
Danes;Norway;NO;20500;59.914217;10.769807;Danish;Unaffiliated;Europe;0
Northern Saami;Sweden;SW;6000;68.4142;22.3514;Saami, North;Unaffiliated;Europe;0
Russians;Sweden;SW;25000;59.271605;18.113383;Russian;Christianity;Europe;0
Dianbao;China;CH;12000;23.512566;105.500012;Zhuang, Yang;Ethnoreligion;Asia;0
Xi;China;CH;1600;26.567284;107.935756;Miao, Luopohe;Ethnoreligion;Asia;0
Geman Deng;China;CH;16500;28.47324;97.04437;Miju-Mishmi;Ethnoreligion;Asia;0
Medog Monba;China;CH;11000;29.463;95.7406;Tshangla;Buddhism;Asia;0
Japanese;China;CH;172000;45.785993;126.694701;Japanese;Ethnoreligion;Asia;0
Puroik;China;CH;450;28.42033;93.105056;Puroik;Ethnoreligion;Asia;0
Tavula;Solomon Islands;BP;3700;-6.6541;156.5449;Vaghua;Christianity;Oceania;0
Ngai;Vietnam;VM;5400;20.961688;107.095343;Chinese, Yue;Ethnoreligion;Asia;0
Japanese;Portugal;PO;700;38.73883;-9.130252;Japanese;Ethnoreligion;Europe;0
Wallisians;Fiji;FJ;950;-18.135;178.4298;Wallisian;Christianity;Oceania;0
Red Tai;Vietnam;VM;175000;20.90556;104.7046;Tai Daeng;Ethnoreligion;Asia;0
Japanese;France;FR;24500;48.918372;2.340677;Japanese;Ethnoreligion;Europe;0
Sila;Vietnam;VM;700;22.23682;102.45128;Sila;Ethnoreligion;Asia;0
Bugan;China;CH;4300;23.61242;104.96286;Bugan;Ethnoreligion;Asia;0
Namuyi;China;CH;11500;28.59085;101.8976;Namuyi;Buddhism;Asia;0
Wutun;China;CH;3800;35.573;102.054;Wutunhua;Buddhism;Asia;0
Ai-Cham;China;CH;4300;25.454;107.8195;Ai-Cham;Ethnoreligion;Asia;0
Maltese;Australia;AS;41500;-27.53809;153.04822;Maltese;Christianity;Oceania;0
Slovenes;Germany;GM;20000;48.13157;11.578842;Slovene;Christianity;Europe;0
Lithuanians;Latvia;LG;25000;56.971406;24.188404;Lithuanian;Christianity;Europe;0
Spaniards;Austria;AU;7400;48.173625;16.377891;Spanish;Christianity;Europe;0
French;Portugal;PO;17500;41.178677;-8.680706;French;Christianity;Europe;0
Poles;Latvia;LG;46000;55.886931;26.551273;Polish;Christianity;Europe;0
Poles;Austria;AU;58500;48.268005;16.39458;Polish;Christianity;Europe;0
Greeks;Austria;AU;5100;48.166999;16.3154;Greek;Christianity;Europe;0
Italians;Austria;AU;26000;48.188127;16.290218;Italian;Christianity;Europe;0
Lithuanians;Germany;GM;58000;52.578469;13.33172;Lithuanian;Christianity;Europe;0
Czechs;Austria;AU;8100;48.74158;14.94341;Czech;Unaffiliated;Europe;0
Balkan Romani;Latvia;LG;2200;56.915276;24.199236;Romani, Baltic;Unaffiliated;Europe;0
Bosniaks;Montenegro;MJ;48500;42.841;20.168;Bosnian;Islam;Europe;0
Latvians;Germany;GM;39500;52.433781;13.334042;Latvian, Standard;Unaffiliated;Europe;0
Darang Deng;China;CH;12500;28.3798;97.0293;Digaro-Mishmi;Ethnoreligion;Asia;0
Yacan;Malaysia;MY;16500;4.279;117.8787;Yakan;Islam;Asia;0
Phunoi;Thailand;TH;14000;19.93444;99.75634;Phunoi;Ethnoreligion;Asia;0
Ladakhi;Pakistan;PK;12000;34.738731;76.223017;Ladakhi;Buddhism;Asia;0
French;Austria;AU;16000;48.215551;16.369946;French;Christianity;Europe;0
Poles;Germany;GM;915000;51.511364;7.471085;Polish;Christianity;Europe;0
Croats;Austria;AU;71500;47.113;16.25441;Croatian;Christianity;Europe;0
Gibraltarians;Gibraltar;GI;25500;36.132749;-5.35312;English;Christianity;Europe;0
Italians;Australia;AS;209000;-33.870624;151.136259;Italian;Christianity;Oceania;0
Ukrainians;Romania;RO;63500;47.833;24.202;Ukrainian;Christianity;Europe;0
Estonians;Sweden;SW;13500;55.587786;12.959851;Estonian, Standard;Christianity;Europe;0
Latvians;Sweden;SW;9300;55.589039;13.04934;Latvian, Standard;Unaffiliated;Europe;0
Norwegians;Sweden;SW;15500;57.709752;11.904798;Norwegian;Unaffiliated;Europe;0
Finns;Norway;NO;6700;59.919695;10.71682;Finnish;Unaffiliated;Europe;0
Spaniards;Andorra;AN;23500;42.54865;1.60125;Spanish;Unaffiliated;Europe;0
Dutch;Sweden;SW;12000;55.57641;12.975123;Dutch;Unaffiliated;Europe;0
Japanese;Taiwan;TW;9600;25.055102;121.447528;Japanese;Ethnoreligion;Asia;0
Mosuo;China;CH;73500;27.676267;100.767869;Narua;Buddhism;Asia;0
Pa Hng;Vietnam;VM;7600;22.292742;105.104589;Pa-Hng;Ethnoreligion;Asia;0
Yanghuang;China;CH;63000;25.67173;107.30906;T’en;Ethnoreligion;Asia;0
Xinping Lalu;China;CH;64500;23.896186;101.679898;Lalo, Central;Ethnoreligion;Asia;0
Baonuo;China;CH;41000;25.281213;107.762076;Bunu, Bu-Nao;Ethnoreligion;Asia;0
Gelao;China;CH;2300;28.699546;107.817643;Duoluo;Ethnoreligion;Asia;0
Yunnan Mongol;China;CH;8800;24.124326;102.725672;Katso;Ethnoreligion;Asia;0
Wunai;China;CH;14000;26.5589;110.4357;Bunu, Wunai;Ethnoreligion;Asia;0
Tulao;China;CH;5200;22.895656;104.543171;Rukai;Ethnoreligion;Asia;0
Liping Baheng;China;CH;8400;26.102595;109.329671;Pa-Hng;Ethnoreligion;Asia;0
Numao;China;CH;2500;25.370641;107.831132;Bunu, Bu-Nao;Ethnoreligion;Asia;0
Purik;China;CH;850;32.608957;79.557712;Purig;Islam;Asia;0
Bunan;China;CH;2500;31.79607;78.90344;Gahri;Buddhism;Asia;0
Lawu;China;CH;32500;23.986685;101.273871;Lalo, Central;Ethnoreligion;Asia;0
Chesu;China;CH;10500;24.263865;101.821229;Nisu, Eastern;Ethnoreligion;Asia;0
Mo;China;CH;30500;25.59464;107.72616;Mak (China);Ethnoreligion;Asia;0
Ersu;China;CH;48000;29.235585;102.355916;Ersu;Buddhism;Asia;0
Ryukyuan;Bolivia;BL;2600;-16.520392;-68.212094;Okinawan, Central;Ethnoreligion;Americas;0
Yidu Lhoba;China;CH;12000;28.9723;96.6381;Idu-Mishmi;Ethnoreligion;Asia;0
Minyak;China;CH;35000;29.654006;101.529753;Minyag, Western;Buddhism;Asia;0
Laha;Vietnam;VM;8200;21.55149;103.86379;Laha (Viet Nam);Ethnoreligion;Asia;0
Butonese;Malaysia;MY;20500;5.9038;116.055;Wolio;Islam;Asia;0
Tseku;Bhutan;BT;8000;27.004;88.987;Tseku;Buddhism;Asia;0
Tusu;China;CH;52500;25.381767;100.885351;Lalo, Central;Ethnoreligion;Asia;0
Shixing;China;CH;4100;28.288;100.657;Shuhi;Buddhism;Asia;0
Mishaba Laluo;China;CH;719000;25.04667;100.234459;Lalo, Central;Ethnoreligion;Asia;0
Austrians;Italy;IT;272000;46.659819;11.15516;Bavarian;Christianity;Europe;0
Northern Dong;China;CH;1520000;26.99443;109.20384;Dong, Northern;Ethnoreligion;Asia;0
Amazonas Arara;Brazil;BR;375;1.387276;-68.155206;Baniwa;Ethnoreligion;Americas;0
Pemon;Guyana;GY;550;5.44678;-60.8892;Pemon;Ethnoreligion;Americas;0
Pemon;Brazil;BR;650;4.1595;-61.2646;Pemon;Ethnoreligion;Americas;0
Yagua;Colombia;CO;1100;-2.3121;-72.0864;Yagua;Ethnoreligion;Americas;0
Piratapuyo;Colombia;CO;650;0.7455;-69.4871;Piratapuyo;Ethnoreligion;Americas;0
Desana;Colombia;CO;2300;0.6872;-70.2259;Desano;Ethnoreligion;Americas;0
Northern Barasano;Brazil;BR;50;0.39069;-69.93834;Waimaha;Ethnoreligion;Americas;0
Herero;Namibia;WA;281000;-18.053704;13.837603;Herero;Ethnoreligion;Africa;0
Beidongnuo;China;CH;600;25.392538;107.987143;Miao, Northern Qiandong;Ethnoreligion;Asia;0
Bogol;China;CH;1400;48.468926;124.488213;Daur;Ethnoreligion;Asia;0
Qanu;China;CH;14500;26.321;107.8776;Miao, Northern Qiandong;Ethnoreligion;Asia;0
Ha Li;China;CH;922000;18.6238;109.357121;Hlai;Ethnoreligion;Asia;0
Western Xibe;China;CH;35500;43.802363;80.79151;Xibe;Ethnoreligion;Asia;0
Khakas;Russian Federation;RS;73000;53.1367;90.5228;Khakas;Christianity;Europe;0
Mountain Mari;Russian Federation;RS;30000;56.21256;46.40474;Mari, Hill;Ethnoreligion;Europe;0
Meadow Mari;Russian Federation;RS;548000;55.9709;54.8065;Mari, Meadow;Ethnoreligion;Europe;0
Rengao;Vietnam;VM;21000;14.6066;107.85923;Rengao;Ethnoreligion;Asia;0
Pacoh;Vietnam;VM;20000;16.44399;107.12868;Pacoh;Ethnoreligion;Asia;0
Vlax Romani;Germany;GM;140000;48.188401;11.568653;Romani, Sinte;Christianity;Europe;0
Southern Torres Islander;Vanuatu;NH;1000;-13.25195;166.61341;Lo-Toga;Christianity;Oceania;0
Rapa;French Polynesia;FP;800;-27.63043;-144.33752;Rapa;Christianity;Oceania;0
Varese;Solomon Islands;BP;9800;-6.8862;156.6371;Varisi;Christianity;Oceania;0
Wopu;China;CH;4800;24.838807;104.611809;Nasu, Wusa;Ethnoreligion;Asia;0
Popei;China;CH;6800;26.311803;101.212593;Lolopo;Ethnoreligion;Asia;0
Pusha;China;CH;6400;23.429194;106.288066;Chinese, Mandarin;Ethnoreligion;Asia;0
Lupanshui Miao;China;CH;77000;26.564814;104.897175;Chinese, Xiang;Ethnoreligion;Asia;0
Palyu;China;CH;15500;24.687715;104.961337;Chinese, Mandarin;Ethnoreligion;Asia;0
Meifu Li;China;CH;65500;19.058863;108.939981;Hlai;Ethnoreligion;Asia;0
Yunnan Shui;China;CH;14500;25.248991;104.700356;Sui;Ethnoreligion;Asia;0
Ga Mong;China;CH;60000;26.523707;107.8234;Miao, Chuanqiandian Cluster;Ethnoreligion;Asia;0
Buyang;China;CH;3800;23.820505;105.829342;Zhuang, Guibian;Ethnoreligion;Asia;0
Ming;China;CH;15500;31.53976;103.686795;Chinese, Mandarin;Unaffiliated;Asia;0
Saman;China;CH;2600;47.463899;124.116689;Chinese, Mandarin;Ethnoreligion;Asia;0
Mozhihei;China;CH;6000;28.262181;109.946034;Chinese, Mandarin;Ethnoreligion;Asia;0
Keji;China;CH;2600;29.653551;91.120959;Tibetan, Central;Islam;Asia;0
Xiaoliangshan Nosu;China;CH;694000;27.242754;100.863065;Nuosu;Ethnoreligion;Asia;0
Aoka;China;CH;424000;26.33739;110.2966;Chinese, Xiang;Ethnoreligion;Asia;0
Ongkor;China;CH;25;43.988118;81.230091;Chinese, Mandarin;Ethnoreligion;Asia;0
Nghari Tibetans;China;CH;82500;30.97696;81.211005;Tibetan, Central;Buddhism;Asia;0
Enger Yugur;China;CH;5500;37.98815;101.76214;Chinese, Mandarin;Buddhism;Asia;0
Pingdi Yao;China;CH;1825000;25.189024;111.572439;Chinese, Xiang;Ethnoreligion;Asia;0
Saragh Yugur;China;CH;10500;38.9716;99.5031;Chinese, Mandarin;Buddhism;Asia;0
Eastern Xiangxi Miao;China;CH;136000;28.664;110.137;Miao, Eastern Xiangxi;Ethnoreligion;Asia;0
Arem;Vietnam;VM;150;17.37985;106.40279;Vietnamese;Ethnoreligion;Asia;0
Basa;Benin;BN;5700;8.437822;2.579145;Tchumbuli;Christianity;Africa;0
Babalia;Chad;CD;12500;12.6305;15.0396;Arabic, Chadian;Islam;Africa;0
Kubi;Nigeria;NI;3300;10.56473;9.23078;Hausa;Islam;Africa;0
Comorian Nzwani;Comoros;CN;380000;-12.198166;44.271734;Comorian, Ndzwani;Islam;Africa;0
Barein;Chad;CD;13000;11.038;18.048;Barein;Islam;Africa;0
Dogosé Fing;Burkina Faso;UV;16000;10.04888;-4.35805;Dogoso;Islam;Africa;0
Uneme;Nigeria;NI;39500;7.274;6.115;Uneme;Ethnoreligion;Africa;0
Sere;Congo, Democratic Republic of the;CG;12500;3.829;27.293;Zande;Ethnoreligion;Africa;0
Bidio;Chad;CD;96500;11.92036;18.80649;Bidiyo;Islam;Africa;0
Fwe;Namibia;WA;16000;-17.72372;24.43151;Fwe;Ethnoreligion;Africa;0
Kasena;Burkina Faso;UV;252000;11.25817;-1.24065;Kasem;Ethnoreligion;Africa;0
Foodo;Benin;BN;53500;9.554;1.37;Foodo;Islam;Africa;0
Wolof;Mauritania;MR;359000;16.512418;-15.804048;Wolof;Islam;Africa;0
Dirya;Nigeria;NI;15000;11.0746;9.5607;Dirya;Islam;Africa;0
Sininkere;Burkina Faso;UV;12500;13.720585;-0.787722;Sininkere;Islam;Africa;0
Zerma;Ghana;GH;10500;11.061223;-0.238874;Zarma;Islam;Africa;0
Buduma;Niger;NG;14500;13.695639;13.313142;Buduma;Islam;Africa;0
Geruma;Nigeria;NI;17500;10.6914;9.7554;Geruma;Islam;Africa;0
Zerma;Benin;BN;14500;11.729332;3.220209;Zarma;Islam;Africa;0
Jula;Mali;ML;124000;11.7785;-5.3464;Jula;Islam;Africa;0
Bozo;Cote d’Ivoire;IV;24500;9.4757;-5.6428;Bozo, Jenaama;Islam;Africa;0
Dendi;Nigeria;NI;4100;11.67017;3.66694;Dendi (Benin);Islam;Africa;0
Waama;Togo;TO;24000;10.346;0.7401;Waama;Ethnoreligion;Africa;0
Ewe;Benin;BN;100000;6.3816;2.3481;Éwé;Ethnoreligion;Africa;0
Bambara;Guinea;GV;6000;10.271001;-8.138817;Bamanankan;Islam;Africa;0
Baangi;Nigeria;NI;30000;10.83368;5.826883;Baangi;Ethnoreligion;Africa;0
Upper Guinea Crioulo;Netherlands;NL;14000;52.353096;4.837484;Guinea-Bissau Creole;Islam;Europe;0
Swahili;Uganda;UG;5400;0.325888;32.609716;Swahili;Islam;Africa;0
Ajja;South Sudan;OD;325;8.5526;25.6197;Gbaya;Ethnoreligion;Africa;0
Swahili;Sudan;SU;33000;15.687546;32.477884;Swahili;Islam;Africa;0
Fulani;Gabon;GB;24500;0.3497;9.4845;Fulfulde, Adamawa;Islam;Africa;0
Swahili;Rwanda;RW;20500;-1.9594;30.131;Swahili;Islam;Africa;0
Berguid;Chad;CD;25500;12.02281;19.81819;Birgit;Islam;Africa;0
Sara Gambai;Sudan;SU;17000;12.0755;24.8752;Ngambay;Ethnoreligion;Africa;0
Swahili;Burundi;BY;14500;-3.4206;29.3632;Swahili;Islam;Africa;0
Nyindu;Congo, Democratic Republic of the;CG;15500;-3.03802;28.64345;Nyindu;Christianity;Africa;0
Bantu Swahili;Somalia;SO;54000;-0.755104;42.089977;Swahili;Islam;Africa;0
Urdu;Ireland;EI;9300;53.362479;-6.262318;Urdu;Islam;Europe;0
Afrikaners;United Kingdom;UK;66500;51.37688;-0.142373;Afrikaans;Christianity;Europe;0
Gujaratis;France;FR;1100;48.904893;2.344661;Gujarati;Hinduism;Europe;0
Punjabis;Denmark;DA;10000;55.680091;12.570708;Punjabi, Eastern;Sikhism;Europe;0
Duwai;Nigeria;NI;21500;12.887889;11.221669;Duwai;Islam;Africa;0
Manga Kanuri;Nigeria;NI;436000;13.11632;10.85104;Kanuri, Manga;Islam;Africa;0
Jula;Burkina Faso;UV;2690000;10.77063;-4.08665;Jula;Islam;Africa;0
Ganda;Tanzania;TZ;70500;-1.3202;31.7955;Ganda;Ethnoreligion;Africa;0
Seychellese Creole;United Kingdom;UK;2800;51.455899;0.012005;Seychelles French Creole;Hinduism;Europe;0
Ganda;Kenya;KE;46500;-1.316;36.7905;Ganda;Ethnoreligion;Africa;0
Deno;Nigeria;NI;14000;10.627;10.244;Deno;Islam;Africa;0
Vai;Sierra Leone;SL;27000;7.15191;-11.4273;Vai;Islam;Africa;0
Bisa;Togo;TO;16000;11.1104;-0.05362;Bisa;Ethnoreligion;Africa;0
Pa'a;Nigeria;NI;18000;11.01752;9.30091;Pa’anci;Ethnoreligion;Africa;0
Jahanka;Gambia;GA;5500;13.433;-16.671;Jahanka;Islam;Africa;0
Bambara;Mauritania;MR;26500;16.245901;-8.161376;Bamanankan;Islam;Africa;0
Bambara;Gambia;GA;25500;13.5314;-16.1523;Bamanankan;Islam;Africa;0
Mandinka;Benin;BN;14500;6.363681;2.419686;Mandinka;Islam;Africa;0
Badyara;Guinea;GV;13000;12.5878;-13.3711;Badyara;Islam;Africa;0
Jola;Mauritania;MR;5300;18.0482;-15.9881;Jola-Fonyi;Islam;Africa;0
Senara Senufo;Burkina Faso;UV;68000;10.49874;-5.28216;Sénoufo, Senara;Ethnoreligion;Africa;0
Mankanya;Gambia;GA;3700;13.39612;-15.797055;Mankanya;Ethnoreligion;Africa;0
Basari;Guinea-Bissau;PU;850;12.2723;-14.2168;Oniyan;Ethnoreligion;Africa;0
Wolof;Cote d’Ivoire;IV;20500;7.689699;-5.023974;Wolof;Islam;Africa;0
Tukulor;Guinea;GV;7700;12.528874;-13.604404;Pulaar;Islam;Africa;0
Bago;Togo;TO;13000;8.52697;1.41214;Bago-Kusuntu;Islam;Africa;0
Mamprusi;Togo;TO;17500;10.660006;0.158195;Mampruli;Ethnoreligion;Africa;0
Ukaan;Nigeria;NI;64000;7.584;6.006;Ukaan;Ethnoreligion;Africa;0
Mossi;Niger;NG;262000;13.525465;2.111432;Moore;Ethnoreligion;Africa;0
Nafana Senufo;Cote d’Ivoire;IV;122000;8.0439;-2.8022;Nafaanra;Islam;Africa;0
Mossi;Togo;TO;46000;11.00444;0.1868;Moore;Ethnoreligion;Africa;0
Mossi;Mali;ML;117000;13.81446;-3.02333;Moore;Ethnoreligion;Africa;0
Borgu Fulbe;Togo;TO;130000;10.16737;0.6016;Fulfulde, Borgu;Islam;Africa;0
Mossi;Benin;BN;57500;10.807;1.1412;Moore;Ethnoreligion;Africa;0
Zambezi Tonga;Zimbabwe;ZI;194000;-17.738392;28.271133;Tonga (Zambia);Ethnoreligion;Africa;0
Bwisi;Congo, Democratic Republic of the;CG;63500;0.65115;29.86274;Talinga-Bwisi;Christianity;Africa;0
Herero;Angola;AO;126000;-16.736625;14.979181;Herero;Ethnoreligion;Africa;0
Yao;Tanzania;TZ;1020000;-10.97645;37.16247;Yao;Islam;Africa;0
Fon;Gabon;GB;24500;0.395335;9.464642;Fon;Ethnoreligion;Africa;0
Central Swahili;Congo, Democratic Republic of the;CG;63000;-3.045057;29.171898;Swahili;Islam;Africa;0
Barke;Nigeria;NI;24500;10.92756;9.81365;Burku;Ethnoreligion;Africa;0
Kuranko;Guinea;GV;140000;9.59656;-10.06964;Kuranko;Ethnoreligion;Africa;0
Alur;Uganda;UG;1315000;2.43602;31.17437;Alur;Christianity;Africa;0
Tsagu;Nigeria;NI;4600;10.96451;9.93687;Choogen;Ethnoreligion;Africa;0
Bisa;Cote d’Ivoire;IV;143000;5.4408;-4.0129;Bisa;Islam;Africa;0
Swedes;Norway;NO;36500;59.923599;10.753155;Swedish;Unaffiliated;Europe;0
Slovaks;Argentina;AR;9300;-34.625146;-58.452969;Slovak;Christianity;Americas;0
Poles;Venezuela;VE;8100;10.498666;-66.869849;Polish;Christianity;Americas;0
Russians;China;CH;19000;43.78809;87.63117;Russian;Christianity;Asia;0
Egyptian Arabs;United Arab Emirates;AE;1150000;25.238206;55.370813;Arabic, Egyptian;Islam;Asia;0
Arabs;Australia;AS;159000;-33.897339;151.244671;Arabic, Standard;Islam;Oceania;0
Northern Yemeni Arabs;Yemen;YM;13640000;16.947781;43.747221;Arabic, Sanaani;Islam;Asia;0
Poles;Lithuania;LH;179000;54.66937;25.290098;Polish;Christianity;Europe;0
Norwegians;Denmark;DA;17000;55.696412;12.534171;Norwegian;Unaffiliated;Europe;0
Shawiya;Belgium;BE;42500;50.847122;4.337554;Tachawit;Islam;Europe;0
Tunisian Arabs;Belgium;BE;16500;50.853538;4.350075;Arabic, Tunisian;Islam;Europe;0
Arabs;Austria;AU;101000;48.200779;16.351657;Arabic, Standard;Islam;Europe;0
Arabs;Pakistan;PK;244000;24.909655;67.06246;Arabic, Standard;Islam;Asia;0
Iraqi Arabs;Lebanon;LE;26000;33.853694;35.509333;Arabic, Standard;Islam;Asia;0
Konso;Kenya;KE;2300;3.5043;39.0559;Konso;Ethnoreligion;Africa;0
Iraqi Arabs;Syria;SY;59500;33.518;36.285;Arabic, Mesopotamian;Islam;Asia;0
Italians;Liechtenstein;LS;1300;47.138534;9.521553;Italian;Christianity;Europe;0
Sinhalese;Thailand;TH;8200;13.6927;100.5017;Sinhala;Buddhism;Asia;0
Poles;Denmark;DA;16000;55.683255;12.552476;Polish;Christianity;Europe;0
Upper Ta-Oy;Vietnam;VM;24000;16.2352;107.2546;Ta’oih, Upper;Ethnoreligion;Asia;0
Khmu;China;CH;1800;21.669;101.727;Khmu;Ethnoreligion;Asia;0
Tai Nua;Myanmar;BM;80000;24.20468;97.55179;Tai Nüa;Buddhism;Asia;0
Pale De`ang;China;CH;11000;24.31976;98.53195;Palaung, Ruching;Buddhism;Asia;0
Syrian Arabs;Iraq;IZ;288000;36.8559;42.8475;Arabic, Standard;Islam;Asia;0
Levantine Bedawi Arabs;Syria;SY;95000;32.749;36.3075;Arabic, Eastern Egyptian Bedawi;Islam;Asia;0
Omani Arabs;United Arab Emirates;AE;363000;24.179657;55.673898;Arabic, Omani;Islam;Asia;0
Yemeni Arabs;Saudi Arabia;SA;257000;21.575;39.178;Arabic, Ta’izzi-Adeni;Islam;Asia;0
Saudi Arabs;Oman;MU;59500;23.5829;58.4096;Arabic, Standard;Islam;Asia;0
Omani Arabs;Saudi Arabia;SA;147000;24.6546;46.7933;Arabic, Omani;Islam;Asia;0
Arabic (Shihhi);Oman;MU;19000;25.90542;56.21943;Arabic, Shihhi;Islam;Asia;0
Egyptian Arabs;Qatar;QA;57000;25.28759;51.446241;Arabic, Egyptian;Islam;Asia;0
Yemeni Arabs;United Arab Emirates;AE;212000;25.263811;55.371903;Arabic, Ta’izzi-Adeni;Islam;Asia;0
Saudi Arabs;Qatar;QA;57000;25.252903;51.428416;Arabic, Hijazi;Islam;Asia;0
Yemeni Arabs;Oman;MU;25500;23.6236;58.2392;Arabic, Ta’izzi-Adeni;Islam;Asia;0
Batahira;Oman;MU;200;17.940019;54.805092;Arabic, Omani;Islam;Asia;0
Iraqi Arabs;Algeria;AG;8600;36.7527;3.2106;Arabic, Standard;Islam;Africa;0
Egyptian Arabs;Algeria;AG;21500;36.709413;3.098096;Arabic, Egyptian;Islam;Africa;0
Egyptian Arabs;Libya;LY;36500;32.764893;21.768454;Arabic, Egyptian;Islam;Africa;0
Egyptian Arabs;Sudan;SU;801000;15.7135;32.466;Arabic, Egyptian;Islam;Africa;0
Moroccan Arabs;Gibraltar;GI;1700;36.120378;-5.345277;Arabic, Moroccan;Islam;Europe;0
Moroccan Arabs;Libya;LY;11500;32.8568;13.1198;Arabic, Moroccan;Islam;Africa;0
Tunisian Arabs;Libya;LY;212000;32.8776;13.1603;Arabic, Tunisian;Islam;Africa;0
Algerian Arabs;Tunisia;TS;298000;36.835;10.1063;Arabic, Algerian;Islam;Africa;0
Moroccan Arabs;United Kingdom;UK;40500;51.553999;-0.118568;Arabic, Moroccan;Islam;Europe;0
Moroccan Arabs;Portugal;PO;23500;37.0239;-7.930391;Arabic, Moroccan;Islam;Europe;0
Algerian Arabs;Belgium;BE;28000;51.219427;4.413716;Arabic, Algerian;Islam;Europe;0
Sudanese Arabs;Eritrea;ER;33000;15.3306;38.9179;Arabic, Sudanese;Islam;Africa;0
Sudanese Arabs;United Arab Emirates;AE;84000;25.311497;55.386945;Arabic, Sudanese;Islam;Asia;0
Arabs;Denmark;DA;95500;55.684471;12.543893;Arabic, Standard;Islam;Europe;0
Sudanese Arabs;Saudi Arabia;SA;474000;21.597064;39.213492;Arabic, Sudanese;Islam;Asia;0
Arabs;Malta;MT;9800;35.873651;14.512245;Arabic, Standard;Islam;Europe;0
Arabs;Congo, Democratic Republic of the;CG;31500;-4.369865;15.311802;Arabic, Standard;Islam;Africa;0
Syrian Arabs;France;FR;18500;48.866091;2.288952;Arabic, Standard;Islam;Europe;0
Sudanese Arabs;Libya;LY;255000;32.8633;13.1297;Arabic, Sudanese;Islam;Africa;0
Iraqi Arabs;France;FR;6700;48.791679;2.358407;Arabic, Mesopotamian;Islam;Europe;0
Sudanese Arabs;Qatar;QA;57000;25.280126;51.541909;Arabic, Sudanese;Islam;Asia;0
Alawites;Lebanon;LE;83000;34.544;36.076;Arabic, Levantine;Islam;Asia;0
Bahraini Shia Arabs;Oman;MU;20000;24.34;56.74;Arabic, Baharna;Islam;Asia;0
Algerian Arabs;Burkina Faso;UV;24500;14.0996;-1.629;Arabic, Algerian;Islam;Africa;0
Maltese;Tunisia;TS;3700;36.791267;10.174204;Maltese;Christianity;Africa;0
Tama;Sudan;SU;96500;13.8404;22.3938;Tama (Chad);Islam;Africa;0
Teda;Sudan;SU;13000;15.189012;23.665639;Tedaga;Islam;Africa;0
Zanzibari;Oman;MU;58500;23.622261;58.496859;Swahili;Islam;Asia;0
Turks;Sweden;SW;46000;59.310278;18.078539;Turkish;Islam;Europe;0
Turks;Egypt;EG;56500;30.127374;31.285918;Turkish;Islam;Africa;0
Turks;Saudi Arabia;SA;36500;24.727147;46.828295;Turkish;Islam;Asia;0
Turkish Jews;Israel;IS;63500;32.068525;34.818559;Turkish;Judaism;Asia;0
Amhara;Egypt;EG;4100;31.227698;29.974422;Amharic;Christianity;Africa;0
Ganza;Ethiopia;ET;12500;9.616;34.431;Ganza;Ethnoreligion;Africa;0
Mima;Sudan;SU;166000;14.200366;22.692875;Amdang;Islam;Africa;0
Kabyle;Belgium;BE;59500;50.859445;4.416223;Kabyle;Islam;Europe;0
Somalis;Tanzania;TZ;69500;-6.84512;39.269789;Somali;Islam;Africa;0
Hobyot;Oman;MU;225;17.420062;52.962565;Mehri;Islam;Asia;0
Somalis;Netherlands;NL;41000;52.386334;4.857472;Somali;Islam;Europe;0
Shawiya;Italy;IT;39000;41.897086;12.528484;Tachawit;Islam;Europe;0
Somalis;United Arab Emirates;AE;109000;25.295862;55.408905;Somali;Islam;Asia;0
Arabized Africans;Saudi Arabia;SA;550000;24.756801;46.682533;Swahili;Islam;Asia;0
Kazakh;Germany;GM;40500;52.50827;13.359108;Kazakh;Islam;Europe;0
Uyghurs;Saudi Arabia;SA;9400;24.718456;46.69214;Uyghur;Islam;Asia;0
Mararit;Chad;CD;49000;14.2207;21.3875;Mararit;Islam;Africa;0
Idaksahak;Algeria;AG;2400;19.9614;2.9676;Tadaksahak;Islam;Africa;0
Kanuri;Sudan;SU;487000;12.6694;34.1565;Kanuri, Yerwa;Islam;Africa;0
Black Tai;France;FR;5000;48.844055;2.269695;Tai Dam;Christianity;Europe;0
Chaldeans;Germany;GM;3000;51.492527;7.206181;Chaldean Neo-Aramaic;Christianity;Europe;0
Chaldeans;Netherlands;NL;1100;52.3474;4.915436;Chaldean Neo-Aramaic;Christianity;Europe;0
Kunama;Ethiopia;ET;7800;14.4485;37.80274;Kunama;Christianity;Africa;0
Daasanach;South Sudan;OD;4900;4.7287;35.7455;Daasanach;Ethnoreligion;Africa;0
Portuguese;Guinea-Bissau;PU;6500;11.86;-15.6171;Portuguese;Christianity;Africa;0
Norwegians;Svalbard;SV;1700;78.2196;15.6419;Norwegian;Christianity;Europe;0
Ukrainians;Venezuela;VE;9200;10.514483;-66.955791;Ukrainian;Christianity;Americas;0
Russians;Svalbard;SV;1200;78.06554;14.24963;Russian;Christianity;Europe;0
Norwegians;Ecuador;EC;18500;-0.215424;-78.497493;Norwegian;Christianity;Americas;0
Catalonians;Venezuela;VE;5400;10.675945;-71.614417;Catalan;Christianity;Americas;0
Spaniards;Trinidad and Tobago;TD;4300;10.621163;-61.430265;Spanish;Christianity;Americas;0
Persians;Qatar;QA;277000;25.34192;51.447113;Persian, Iranian;Islam;Asia;0
Gulf Arabs;Yemen;YM;23000;17.83421;49.72883;Arabic, Hijazi;Islam;Asia;0
Palestinian Arabs;Yemen;YM;34500;15.3089;44.1977;Arabic, Levantine;Islam;Asia;0
Egyptian Arabs;Israel;IS;22500;31.2595;34.7693;Arabic, Egyptian;Islam;Asia;0
Bedouin Arabs;Jordan;JO;1350000;32.504308;38.20441;Arabic, Najdi;Islam;Asia;0
Egyptian Arabs;Kuwait;KU;510000;29.351467;48.000638;Arabic, Egyptian;Islam;Asia;0
Sudanese Arabs;Yemen;YM;574000;15.2985;44.1923;Arabic, Sudanese;Islam;Asia;0
Egyptian Arabs;Yemen;YM;12000;15.3665;44.2155;Arabic, Egyptian;Islam;Asia;0
Egyptian Arabs;Saudi Arabia;SA;660000;24.7315;46.6586;Arabic, Egyptian;Islam;Asia;0
Egyptian Arabs;Jordan;JO;758000;31.9149;35.9333;Arabic, Egyptian;Islam;Asia;0
Spaniards;Denmark;DA;5400;55.680805;12.571678;Spanish;Christianity;Europe;0
Punjabis;Fiji;FJ;9600;-17.604244;177.452619;Punjabi, Eastern;Hinduism;Oceania;0
Lao;Vietnam;VM;205000;21.0392;105.8034;Lao;Ethnoreligion;Asia;0
Tai Loi;Laos;LA;600;21.319037;100.997613;Tai Loi;Ethnoreligion;Asia;0
Sinhalese;Singapore;SN;23500;1.3342;103.75734;Sinhala;Buddhism;Asia;0
Danes;Iceland;IC;3900;64.14461;-21.959834;Danish;Unaffiliated;Europe;0
Tsun-Lao;Vietnam;VM;15500;21.3554;102.9708;Ts’ün-Lao;Ethnoreligion;Asia;0
Khua;Laos;LA;4500;17.27488;105.91687;Khua;Ethnoreligion;Asia;0
Bit;China;CH;850;21.648165;101.403194;Bit;Ethnoreligion;Asia;0
Poles;Brazil;BR;1900000;-24.785;-50.000496;Polish;Christianity;Americas;0
Lebanese Arabs;France;FR;56000;48.848431;2.268764;Arabic, Levantine;Islam;Europe;0
Egyptian Arabs;Iraq;IZ;538000;33.281674;44.326044;Arabic, Egyptian;Islam;Asia;0
Afar;Eritrea;ER;353000;14.148039;41.08567;Afar;Islam;Africa;0
Gulf Arabs;Qatar;QA;394000;25.312348;51.403912;Arabic, Gulf;Islam;Asia;0
Ya;China;CH;68500;23.6593;101.8773;Tai Ya;Ethnoreligion;Asia;0
Nash Didan;Israel;IS;4000;31.7692;35.2017;Hebrew;Judaism;Asia;0
Shukria;Sudan;SU;367000;15.3128;35.6086;Arabic, Sudanese;Islam;Africa;0
Ainu;Japan;JA;13000;42.58505848;142.1285463;Japanese;Ethnoreligion;Asia;0
Boyu Tibetans;China;CH;5400;33.362361;104.580444;Tibetan, Central;Ethnoreligion;Asia;0
Khlor;Laos;LA;15000;15.679;106.5484;Kriang;Ethnoreligion;Asia;0
Hadrami Arabs;Yemen;YM;1910000;15.9447;48.7833;Arabic, Hadrami;Islam;Asia;0
Baygo;Sudan;SU;2900;11.786333;25.161867;Arabic, Sudanese;Islam;Africa;0
Mongallese Arabs;South Sudan;OD;54500;4.5551;28.4205;Arabic, Juba;Islam;Africa;0
Mzab;Algeria;AG;201000;32.50135;3.85035;Tumzabt;Islam;Africa;0
Spanish Jews;Spain;SP;17000;40.313301;-3.725786;Spanish;Judaism;Europe;0
Tai Lu;China;CH;596000;21.849979;101.442002;Lü;Buddhism;Asia;0
Massalat;Chad;CD;127000;13.5376;20.989;Arabic, Chadian;Islam;Africa;0
Mahra;Yemen;YM;58000;16.215052;52.187605;Mehri;Islam;Asia;0
Socotran;Yemen;YM;78000;12.48924;53.91675;Soqotri;Islam;Asia;0
Baggara Dekakire;Chad;CD;15500;11.1882;17.4627;Arabic, Chadian;Islam;Africa;0
Kurdistani Jews;Israel;IS;13000;31.7713;35.2209;Lishana Deni;Judaism;Asia;0
Assyrians;Netherlands;NL;21000;52.364427;4.85508;Turoyo;Christianity;Europe;0
Assyrians;Sweden;SW;144000;59.177819;17.649988;Assyrian Neo-Aramaic;Christianity;Europe;0
Chaldeans;Syria;SY;12000;37.0061;41.9513;Chaldean Neo-Aramaic;Ethnoreligion;Asia;0
Jibbali;Oman;MU;48000;17.29154;53.99526;Shehri;Islam;Asia;0
Harasi;Oman;MU;600;19.6511;56.15619;Harsusi;Islam;Asia;0
Moroccan Jews;Morocco;MO;2200;33.559681;-7.640136;Arabic, Judeo-Moroccan;Judaism;Africa;0
Burji;Kenya;KE;31000;3.46025;39.07748;Burji;Islam;Africa;0
Assyrians;Lebanon;LE;32000;33.877037;35.526541;Assyrian Neo-Aramaic;Ethnoreligion;Asia;0
Tagale;Sudan;SU;135000;12.0637;31.2614;Tegali;Islam;Africa;0
Fungor;Sudan;SU;8000;10.5352;31.5667;Ko;Islam;Africa;0
Fur;Chad;CD;7200;11.31789;22.56115;Fur;Islam;Africa;0
Adi;China;CH;1400;29.249612;95.171824;Adi;Ethnoreligion;Asia;0
Doms;Libya;LY;43500;32.8621;13.1393;Domari;Islam;Africa;0
Doms;Syria;SY;42000;33.5467;36.3354;Domari;Islam;Asia;0
O'du;Laos;LA;375;19.279;103.654;O’du;Ethnoreligion;Asia;0
Manmet;China;CH;1700;22.1039;100.8617;Man Met;Buddhism;Asia;0
Angku;China;CH;9200;21.9146;100.8305;Kon Keu;Buddhism;Asia;0
Hu;China;CH;1900;22.021192;100.861998;Hu;Buddhism;Asia;0
Salang;Laos;LA;1000;14.731;107.416;Halang;Ethnoreligion;Asia;0
Nguon;Laos;LA;2300;17.89474;105.487752;Nguôn;Ethnoreligion;Asia;0
Puman;China;CH;18500;23.482;99.785;U;Buddhism;Asia;0
Kong Ge;China;CH;1800;22.088843;100.881348;Kon Keu;Ethnoreligion;Asia;0
Doms;Israel;IS;14500;31.77501;35.21809;Domari;Islam;Asia;0
Akrukay;Papua New Guinea;PP;550;-4.894;144.835;Chini;Christianity;Oceania;0
Hobyot;Yemen;YM;550;17.174614;52.702407;Hobyót;Islam;Asia;0
Yoy;Laos;LA;1800;17.53937;105.57354;Yoy;Ethnoreligion;Asia;0
Lati;China;CH;2900;22.8469;104.394;Lachi;Ethnoreligion;Asia;0
Yerong;China;CH;750;23.3786;105.972;Yerong;Ethnoreligion;Asia;0
Malays;Sri Lanka;CE;72500;6.901139;79.870097;Sri Lankan Malay Creole;Islam;Asia;0
Yoron;Japan;JA;7400;27.04068;128.4281;Yoron;Ethnoreligion;Asia;0
Toku-no-shima;Japan;JA;37500;27.77365;128.96117;Toku-No-Shima;Ethnoreligion;Asia;0
Vlax Romani;Pakistan;PK;24000;31.628248;74.286205;Romani, Vlax;Islam;Asia;0
Lati;Vietnam;VM;13000;22.80149;104.85041;Lachi;Ethnoreligion;Asia;0
Catalonians;Argentina;AR;232000;-34.912661;-58.256038;Catalan;Christianity;Americas;0
Hongjin Tai;China;CH;209000;25.9608;102.1027;Tai Hongjin;Ethnoreligion;Asia;0
Jino;China;CH;24000;22.054111;101.087108;Jinuo, Youle;Ethnoreligion;Asia;0
Kucong;China;CH;51500;23.4549;101.6764;Kucong;Buddhism;Asia;0
Pana;Mali;ML;9000;13.48379;-3.40016;Pana (Burkina Faso);Ethnoreligion;Africa;0
Komono;Burkina Faso;UV;7700;9.76136;-4.33189;Khisa;Islam;Africa;0
Bainouk;Gambia;GA;3000;13.2466;-15.8369;Bainouk-Gunyaamolo;Islam;Africa;0
Bangi;Congo;CF;124000;-1.2161;16.7913;Bangi;Christianity;Africa;0
Barama;Gabon;GB;12500;-2.49659;10.6777;Barama;Christianity;Africa;0
Bwile;Congo, Democratic Republic of the;CG;26500;-8.3894;28.9432;Bwile;Christianity;Africa;0
Khe;Burkina Faso;UV;4100;9.79704;-4.24384;Khe;Islam;Africa;0
Central Koma;Ethiopia;ET;1800;8.713711;34.239029;Komo (Sudan);Ethnoreligion;Africa;0
Sierra Leoneans;United Kingdom;UK;18500;52.545717;-1.869483;Krio;Christianity;Europe;0
Torom;Chad;CD;20500;11.20271;19.52541;Toram;Islam;Africa;0
Shanga;Nigeria;NI;29000;11.2141;4.5798;Shanga;Islam;Africa;0
Minduumo;Gabon;GB;8600;-1.636;13.6288;Ndumu;Ethnoreligion;Africa;0
Mokoulou;Chad;CD;40500;11.8711;18.2042;Mukulu;Ethnoreligion;Africa;0
Gwa;Nigeria;NI;3800;10.30688;9.11434;Gwa;Islam;Africa;0
Cung;Cameroon;CM;3900;6.59687;10.41045;Chung (Cameroon);Islam;Africa;0
Dulbu;Nigeria;NI;300;10.2236;9.888;Hausa;Islam;Africa;0
Toussian;Togo;TO;31000;6.165032;1.271127;Toussian, Southern;Ethnoreligion;Africa;0
Jing;China;CH;29500;21.577774;108.126828;Vietnamese;Ethnoreligion;Asia;0
Portuguese Jews;Netherlands;NL;31000;52.362024;4.902662;Portuguese;Judaism;Europe;0
Walloons;Burundi;BY;4000;-3.347;29.3441;French;Christianity;Africa;0
Russians;Chile;CI;2000;-33.497699;-70.713446;Russian;Christianity;Americas;0
Lao;Argentina;AR;2300;-34.6766;-58.387;Lao;Buddhism;Americas;0
Gujaratis;Maldives;MV;1200;4.174199;73.510915;Gujarati;Islam;Asia;0
Russians;Venezuela;VE;4600;10.468781;-66.984684;Russian;Unaffiliated;Americas;0
Songhai;Ghana;GH;35000;5.577638;-0.205078;Songhay, Koyraboro Senni;Islam;Africa;0
Rwandese;Tanzania;TZ;22500;-2.445956;30.903893;Kinyarwanda;Christianity;Africa;0
Suba;Tanzania;TZ;169000;-1.342078;34.3791;Dholuo;Christianity;Africa;0
Dogon;Burkina Faso;UV;18000;13.847032;-2.721335;Dogon, Toro So;Ethnoreligion;Africa;0
Arabs;Burundi;BY;3800;-3.38752;29.377888;Arabic, Standard;Islam;Africa;0
Arabs;Switzerland;SZ;75000;47.454513;8.562528;Arabic, Standard;Islam;Europe;0
Arabs;Barbados;BB;150;13.127212;-59.627675;Arabic, Standard;Islam;Americas;0
Arabs;Jamaica;JM;2100;18.016473;-76.804901;Arabic, Standard;Islam;Americas;0
Levantine Arabs;Tunisia;TS;248000;36.8413;10.1676;Arabic, Standard;Islam;Africa;0
Levantine Arabs;Egypt;EG;214000;29.9964;31.2621;Arabic, Standard;Islam;Africa;0
Arabs;Ethiopia;ET;13000;9.0081;38.7093;Arabic, Standard;Islam;Africa;0
Levantine Arabs;Haiti;HA;5700;18.539208;-72.328789;Arabic, Standard;Islam;Americas;0
Levantine Arabs;Guinea;GV;1300;9.616309;-13.594874;Arabic, Standard;Islam;Africa;0
Palestinian Arabs;France;FR;1100;48.924162;2.209947;Arabic, Levantine;Islam;Europe;0
Sudanese Arabs;Netherlands;NL;7700;52.344458;4.89854;Arabic, Sudanese;Islam;Europe;0
Lebanese Arabs;Netherlands;NL;6900;52.357209;4.886356;Arabic, Levantine;Islam;Europe;0
Lebanese Arabs;Suriname;NS;3100;5.8443;-55.1838;Arabic, Levantine;Islam;Americas;0
Syrian Arabs;Guadeloupe;GP;900;16.211683;-61.480524;Arabic, Levantine;Islam;Americas;0
Lebanese;Dominican Republic;DR;4600;18.483713;-69.927916;Arabic, Levantine;Islam;Americas;0
Lebanese Arabs;Congo;CF;1200;-4.265835;15.25975;Arabic, Levantine;Islam;Africa;0
Tunisian Arabs;Netherlands;NL;10500;52.354425;4.85017;Arabic, Tunisian;Islam;Europe;0
Sudanese Arabs;France;FR;3300;48.887513;2.315381;Arabic, Sudanese;Islam;Europe;0
Levantine Arabs;Guinea-Bissau;PU;11000;11.860982;-15.595721;Arabic, Levantine;Islam;Africa;0
Levantine Arabs;Sweden;SW;400000;59.325896;18.027515;Arabic, Levantine;Islam;Europe;0
Syrian Arabs;Martinique;MB;550;14.62173;-61.06313;Arabic, Levantine;Islam;Americas;0
Flemings;Rwanda;RW;4300;-1.949;30.0602;Dutch;Christianity;Africa;0
Sinyar;Sudan;SU;13000;12.41355;22.63259;Sinyar;Islam;Africa;0
Dagel;Chad;CD;2300;11.691303;20.687135;Kibet;Islam;Africa;0
Erenga;Sudan;SU;13000;13.097984;22.059711;Assangori;Islam;Africa;0
Russians;Peru;PE;1400;-12.142878;-77.011444;Russian;Unaffiliated;Americas;0
Portuguese;Senegal;SG;3800;14.716565;-17.441671;Portuguese;Christianity;Africa;0
Turks;Lebanon;LE;6400;33.876007;35.535021;Turkish;Islam;Asia;0
Shawiya;Tunisia;TS;52500;35.887421;8.286866;Tachawit;Islam;Africa;0
Liberians;Netherlands;NL;350;52.373191;4.886656;English;Christianity;Europe;0
Angolans;Netherlands;NL;800;52.366717;4.877906;Portuguese;Christianity;Europe;0
Guinea;Netherlands;NL;350;51.922512;4.449584;French;Islam;Europe;0
Comorians;Reunion;RE;600;-20.8903;55.4658;Comorian, Maore;Islam;Africa;0
Kango-Dikango;Congo, Democratic Republic of the;CG;14000;3.504934;24.427465;Kango (DRC, , Bas-Uélé district);Ethnoreligion;Africa;0
Ruhu;Nigeria;NI;22000;10.578;9.0111;Lame;Islam;Africa;0
Konyanke;Cote d’Ivoire;IV;265000;9.498;-7.563;Konyanka;Islam;Africa;0
Fulakunda;Guinea;GV;7600;12.37209;-13.571989;Pulaar;Islam;Africa;0
Songhai;Benin;BN;10500;11.129345;2.937196;Songhay, Koyraboro Senni;Islam;Africa;0
Bozo;Burkina Faso;UV;4800;13.1189;-4.1588;Bozo, Jenaama;Islam;Africa;0
Ngala;South Sudan;OD;45000;4.645944;28.25386;Bangala;Islam;Africa;0
Suri;South Sudan;OD;1600;6.0223;34.81206;Suri, Tirmaga-Chai;Islam;Africa;0
Hima;Burundi;BY;15500;-3.3404;29.3533;Nyankore;Ethnoreligion;Africa;0
Arabs;Ghana;GH;3300;5.599462;-0.232694;Arabic, Standard;Islam;Africa;0
Macanese;Angola;AO;3900;-8.8733;13.2381;Portuguese;Unaffiliated;Africa;0
Garre;Somalia;SO;315000;2.29633;44.68618;Garre;Islam;Africa;0
Minduumo;Congo;CF;1900;-2.6114;13.6113;Ndumu;Ethnoreligion;Africa;0
Kufa-Lima;Sudan;SU;16000;10.986292;29.555599;Kanga;Islam;Africa;0
Tana;Chad;CD;10000;8.314493;18.745083;Vale;Islam;Africa;0
Assyrians;Israel;IS;850;31.78125;35.19402;Assyrian Neo-Aramaic;Ethnoreligion;Asia;0
Vale;Chad;CD;1900;8.037476;17.829678;Vale;Ethnoreligion;Africa;0
Benga;Gabon;GB;2000;0.6082;9.3243;Benga;Christianity;Africa;0
Ndunga;Congo, Democratic Republic of the;CG;11000;2.28;20.27;Ndunga;Ethnoreligion;Africa;0
Geme;Central African Republic;CT;850;8.48359;20.66112;Geme;Christianity;Africa;0
Samba;Congo, Democratic Republic of the;CG;8700;-6.1278;17.2621;Samba;Christianity;Africa;0
Yasa;Equatorial Guinea;EK;3200;2.23459;9.81591;Iyasa;Christianity;Africa;0
Zoba -Joba;Tanzania;TZ;6900;-4.8783;29.6443;Kiviila;Christianity;Africa;0
Seba;Congo, Democratic Republic of the;CG;357000;-10.5091;27.5471;Seba;Christianity;Africa;0
Songo;Congo, Democratic Republic of the;CG;27000;-4.55057;18.49777;Songo (Democratic Republic of the Congo);Christianity;Africa;0
Mbangwe;Congo;CF;3100;-2.5356;13.5471;Mbangwe;Christianity;Africa;0
Bulba;Benin;BN;4200;10.70255;1.27435;Notre;Ethnoreligion;Africa;0
Vumbu;Gabon;GB;7200;-2.17673;10.64985;Vumbu;Christianity;Africa;0
Tagbo;Congo, Democratic Republic of the;CG;42000;4.6852;26.44754;Tagbu;Ethnoreligion;Africa;0
Ngoli;Congo, Democratic Republic of the;CG;18500;-3.8019;19.1162;Ngwii;Christianity;Africa;0
Mbesa;Congo, Democratic Republic of the;CG;17500;1.7858;22.789;Mbesa;Christianity;Africa;0
Ngundu;Congo, Democratic Republic of the;CG;10500;-0.681023;26.53288;Ngundu;Christianity;Africa;0
Lonzo;Congo, Democratic Republic of the;CG;650;-4.6281;16.7982;Lonzo;Christianity;Africa;0
Yakoma;Congo, Democratic Republic of the;CG;21000;4.06428;22.34001;Yakoma;Ethnoreligion;Africa;0
Songora;Congo, Democratic Republic of the;CG;6100;-2.9472;25.9164;Songoora;Christianity;Africa;0
Ndobo;Congo, Democratic Republic of the;CG;22500;1.32539;18.61512;Ndobo;Christianity;Africa;0
Yombe;Angola;AO;95000;-4.80759;12.55637;Kiyombe;Ethnoreligion;Africa;0
Lopa;Nigeria;NI;11500;10.548153;4.4578;Lopa;Ethnoreligion;Africa;0
Bomwali;Cameroon;CM;12500;1.90709;15.82328;Bomwali;Christianity;Africa;0
Lobala;Congo;CF;31000;2.03793;18.049996;Lobala;Christianity;Africa;0
Evands;Nigeria;NI;20500;6.3558;9.3448;Evant;Christianity;Africa;0
Vute;Nigeria;NI;3700;7.8035;11.3704;Vute;Ethnoreligion;Africa;0
Laru;Nigeria;NI;34000;10.33247;4.46442;Laru;Ethnoreligion;Africa;0
Wom;Cameroon;CM;64000;9.0812;12.9723;Wom (Nigeria);Christianity;Africa;0
Dompago;Benin;BN;123000;9.40879;1.99545;Kabiyè;Ethnoreligion;Africa;0
Mid-Southern Banda;South Sudan;OD;5900;8.00846;26.00594;Banda, Mid-Southern;Christianity;Africa;0
Fanya;Chad;CD;3500;10.29104;18.75001;Fania;Islam;Africa;0
Majera;Chad;CD;4600;11.1374;15.121;Majera;Islam;Africa;0
Karanga;Chad;CD;25500;13.062138;20.59847;Karanga;Islam;Africa;0
Kaba Kurumi;Chad;CD;13000;9.9722;18.8375;Kulfa;Ethnoreligion;Africa;0
Furu;Central African Republic;CT;6200;4.53295;20.86962;Fulu;Christianity;Africa;0
Kupto;Nigeria;NI;6200;10.69452;11.48165;Kutto;Islam;Africa;0
Maha;Nigeria;NI;21500;10.72342;11.68995;Maaka;Islam;Africa;0
Kajakse;Chad;CD;40000;12.3849;20.6639;Kajakse;Islam;Africa;0
Jegu;Chad;CD;4800;11.50342;19.09535;Jonkor Bourmataguil;Islam;Africa;0
Pelende;Congo, Democratic Republic of the;CG;17500;-4.8874;17.4137;Pelende;Christianity;Africa;0
Yamongeri;Congo, Democratic Republic of the;CG;25500;-0.24248;22.3073;Yamongeri;Christianity;Africa;0
Molo;Sudan;SU;275;10.799022;33.58228;Berta;Islam;Africa;0
Yulu-Binga;Congo, Democratic Republic of the;CG;4900;-8.666616;25.116111;Yulu;Ethnoreligion;Africa;0
Kasanga;Guinea-Bissau;PU;1200;12.41733;-15.94127;Mandinka;Ethnoreligion;Africa;0
Saba;Chad;CD;3300;11.30721;18.49058;Saba;Ethnoreligion;Africa;0
Mubi;Chad;CD;107000;12.68932;19.59024;Mubi;Islam;Africa;0
Mesmedje;Chad;CD;82000;13.1713;19.304;Masmaje;Islam;Africa;0
Yulu;Sudan;SU;8200;10.536926;23.354644;Yulu;Christianity;Africa;0
Ngando;Congo, Democratic Republic of the;CG;633000;-0.14363;22.62315;Ngando (Democratic Republic of the Congo);Christianity;Africa;0
Mogum;Chad;CD;14000;11.51991;18.60816;Mogum;Ethnoreligion;Africa;0
Shani;Nigeria;NI;800;10.369895;8.761295;Hausa;Ethnoreligion;Africa;0
Gula;Chad;CD;11000;10.58847;19.14163;Zan Gula;Islam;Africa;0
Taura;Nigeria;NI;30000;10.54541;8.98438;Hausa;Ethnoreligion;Africa;0
Ngbinda;Congo, Democratic Republic of the;CG;10500;3.27251;23.56694;Lingala;Christianity;Africa;0
Kari;Congo, Democratic Republic of the;CG;3300;5.03525;25.74914;Zande;Christianity;Africa;0
Northern Teke;Gabon;GB;139000;-1.35436;13.93435;Teke-Tege;Christianity;Africa;0
Southern Teke;Congo;CF;79500;-2.27122;14.44074;Teke-Kukuya;Christianity;Africa;0
Soko;Congo, Democratic Republic of the;CG;31500;1.2972;23.6378;So (Democratic Republic of Congo);Christianity;Africa;0
Soruba;Benin;BN;21000;9.94886;1.38662;Miyobe;Ethnoreligion;Africa;0
Nyam;Nigeria;NI;150;9.2333;10.81456;Nyam;Ethnoreligion;Africa;0
Totela;Zambia;ZA;69000;-16.7064;24.9537;Totela;Ethnoreligion;Africa;0
Gciriku;Angola;AO;51500;-17.78822;20.7355;Gciriku;Ethnoreligion;Africa;0
Grebo;Cote d’Ivoire;IV;79000;4.6037;-7.4427;Grebo, Southern;Ethnoreligion;Africa;0
Kariya;Nigeria;NI;4700;10.909;9.775;Kariya;Ethnoreligion;Africa;0
Okpamheri;Nigeria;NI;278000;7.43646024;6.07475039;Okpamheri;Ethnoreligion;Africa;0
Jimi;Nigeria;NI;2400;10.61853;9.99485;Jimi;Islam;Africa;0
Ngumba;Equatorial Guinea;EK;29000;1.563;9.614;Kwasio;Christianity;Africa;0
Kwala;Congo;CF;93000;-0.48981;16.5967;Likwala;Christianity;Africa;0
Kirifi;Nigeria;NI;50500;10.35754;10.46037;Giiwo;Islam;Africa;0
Jimbin;Nigeria;NI;4600;10.8636;9.9807;Zibinju;Ethnoreligion;Africa;0
Gun;Gabon;GB;24500;0.392626;9.463921;Gun;Ethnoreligion;Africa;0
Uvbie;Nigeria;NI;39500;5.586;5.793;Uvbie;Christianity;Africa;0
Subia;Namibia;WA;37500;-17.68242;24.92927;Kuhane;Ethnoreligion;Africa;0
Tura;Cote d’Ivoire;IV;74500;7.76747;-7.33105;Toura (Côte d’Ivoire);Ethnoreligion;Africa;0
Jongor;Chad;CD;50500;12.2037;18.9594;Migaama;Islam;Africa;0
Sapo;Liberia;LI;77000;5.69555;-8.49229;Sapo;Ethnoreligion;Africa;0
Myene;Gabon;GB;93500;0.4227;9.434;Myene;Christianity;Africa;0
Gciriku;Namibia;WA;16500;-18.54794;20.60006;Gciriku;Ethnoreligion;Africa;0
Pila;Benin;BN;509000;10.1222;1.4374;Yom;Islam;Africa;0
Engenni;Nigeria;NI;58000;5.1114;6.4137;Engenni;Ethnoreligion;Africa;0
Bijobe;Togo;TO;6600;9.937923;1.336913;Miyobe;Ethnoreligion;Africa;0
Utange;Nigeria;NI;24500;6.5202;9.4123;Itang;Christianity;Africa;0
Sonde;Congo, Democratic Republic of the;CG;205000;-6.32223;18.35547;Sonde;Christianity;Africa;0
Eliri;Sudan;SU;11000;10.27415;30.73055;Arabic, Sudanese;Islam;Africa;0
Dair;Sudan;SU;3300;12.47398;30.67816;Arabic, Sudanese;Islam;Africa;0
Lebanese Christian Arabs;Lebanon;LE;1160000;33.886438;35.51498;Arabic, Levantine;Christianity;Asia;0
Marfa;Chad;CD;21500;13.1568;20.78818;Marfa;Islam;Africa;0
Tornasi Kelo;Sudan;SU;4900;10.555477;34.278561;Berta;Islam;Africa;0
Kibet;Chad;CD;87000;11.69135;20.692844;Kibet;Islam;Africa;0
Sungor;Sudan;SU;26000;13.453089;22.444943;Assangori;Islam;Africa;0
Fongoro;Chad;CD;3300;11.31789;22.56115;Fur;Islam;Africa;0
Kujarge;Chad;CD;3500;11.74732;22.19559;Kujarge;Islam;Africa;0
Kanga;Sudan;SU;21000;11.0278;29.3469;Kanga;Islam;Africa;0
Tingal;Sudan;SU;8000;12.17974;31.12441;Tegali;Islam;Africa;0
Ngile;Sudan;SU;117000;10.907756;29.835037;Ngile;Islam;Africa;0
Warnang;Sudan;SU;6200;10.59398;31.15736;Warnang;Islam;Africa;0
Logorif;Sudan;SU;8200;11.17389;29.80533;Logorik;Islam;Africa;0
Oki-No-Erabu;Japan;JA;18000;27.37384;128.6187;Oki-No-Erabu;Ethnoreligion;Asia;0
Ghadames;Tunisia;TS;3400;30.271425;9.579091;Ghadamès;Islam;Africa;0
Halang Doan;Laos;LA;2300;15.03;107.4704;Halang Doan;Ethnoreligion;Asia;0
Waris;Papua New Guinea;PP;6600;-3.277;141.10645;Waris;Christianity;Oceania;0
