PeopNameInCountry;Ctry;ISO2;Population;Latitude;Longitude;PrimaryLanguageName;PrimaryReligion;Region;PercentChristianity;JPScale
Ahiska Turks;Kyrgyzstan;KG;48500;42.886741;74.585904;Turkish;Islam;Central Asia;10;
Gawar-Bati;Afghanistan;AF;38000;35.22045;71.53814;Gawar-Bati;Islam;Southern Asia;0;
Dadupanthi;India;IN;101000;26.912416;75.787288;Marwari (India);Hinduism;Southern Asia;0;
Turks;Kazakhstan;KZ;91000;43.287186;76.896232;Turkish;Islam;Central Asia;0;
Jimdar;India;IN;98000;30.36508152;78.43825791;Garhwali;Hinduism;Southern Asia;0;
Tatar;Türkiye;TU;31000;41.074531;28.940367;Tatar;Islam;Western Asia;10;
Ahiska Turks;Russian Federation;RS;80000;45.038046;39.022423;Turkish;Islam;Eastern Europe;0;
Badhae;Nepal;NP;52000;26.453818;87.27399;Nepali;Hinduism;Southern Asia;10;
Yazidi Kurds;Armenia;AM;35500;40.637591;44.219856;Kurdish, Northern;Ethnoreligion;Western Asia;10;
Manjak;Senegal;SG;181000;12.656;-15.4287;Mandjak;Ethnoreligion;Western Africa;10;
Matses;Brazil;BR;1600;-5.727207;-72.721183;Matses;Ethnoreligion;South America;75;
Manjak;Guinea-Bissau;PU;114000;12.37436;-15.60103;Mandjak;Ethnoreligion;Western Africa;10;
Huni Kuin;Brazil;BR;7200;-9.108;-70.715;Kashinawa;Ethnoreligion;South America;75;
Yaz Gulom;Tajikistan;TI;5500;38.28006;71.56505;Yazghulami;Islam;Central Asia;10;
Riau Malay;Indonesia;ID;2375000;0.530739;101.448228;Malay;Islam;South-Eastern Asia;10;
Newar;India;IN;231000;26.735981;88.408625;Nepali;Hinduism;Southern Asia;10;
Cusco Quechua;Peru;PE;2345000;-14.08527;-71.76625;Quechua, Cusco;Ethnoreligion;South America;75;
Kyrgyz;Uzbekistan;UZ;316000;40.988354;71.680192;Kyrgyz;Islam;Central Asia;10;
Tatar;Tajikistan;TI;7100;38.5536;68.7362;Tatar;Islam;Central Asia;10;
Adibasi;Nepal;NP;9000;28.13;82.07;Nepali;Hinduism;Southern Asia;10;
Ghandarbav;Nepal;NP;10000;28.18314;84.041918;Nepali;Hinduism;Southern Asia;10;
Eastern Lawa;Thailand;TH;7100;18.962845;98.726973;Lawa, Eastern;Ethnoreligion;South-Eastern Asia;10;
Galo;Pakistan;PK;4000;35.0073;72.9674;Kohistani, Indus;Islam;Southern Asia;0;
Bhattra (Punjabi);India;IN;79000;31.3354288982;75.5798763943;Punjabi, Eastern;Sikhism;Southern Asia;75;
Irob;Ethiopia;ET;54000;14.5333;39.6333;Saho;Christianity;Eastern Africa;10;
Tatar;Russian Federation;RS;7115000;55.37514;50.77265;Tatar;Islam;Eastern Europe;10;
Central Moroccan Imazighen;Morocco;MO;3515000;32.6087;-4.0699;Tamazight, Central Atlas;Islam;Northern Africa;10;
Nawa Sherpa;Nepal;NP;950;27.69255;87.34093;Naaba;Ethnoreligion;Southern Asia;75;
Chinese Americans;United States;US;1750000;37.6771955023;-122.026200957;English;Unaffiliated;Northern America;75;
Kgalagadi;Botswana;BC;56500;-21.5283;21.931;Kgalagadi;Ethnoreligion;Southern Africa;10;
Olubogo;South Sudan;OD;24500;4.6242;31.91031;Olu’bo;Islam;Northern Africa;0;
Wakhi;China;CH;9600;37.38;75.402;Wakhi;Islam;Eastern Asia;0;
Han Chinese (Min Nan);Taiwan;TW;13660000;22.727244;120.295781;Chinese, Min Nan;Ethnoreligion;Eastern Asia;75;
Pangwal Buddhists;India;IN;2100;33.15328;76.49206;Pangwali;Buddhism;Southern Asia;0;
Santo Domingo Pueblo;United States;US;3300;35.5181579171;-106.366761706;Keres, Eastern;Ethnoreligion;Northern America;75;
Amish;Canada;CA;11000;43.4186;-80.4727;German, Pennsylvania;Christianity;Northern America;75;
Macedonians;Canada;CA;24000;43.7062;-79.3123;Macedonian;Christianity;Northern America;0;
Kathonglueng;Laos;LA;1400;18.14594;105.17113;Lao;Ethnoreligion;South-Eastern Asia;10;
Katu Hanna;Laos;LA;750;15.590595;107.142317;Katu, Western;Ethnoreligion;South-Eastern Asia;0;
Katu Triew;Laos;LA;2500;15.590595;107.142317;Katu, Western;Ethnoreligion;South-Eastern Asia;0;
Ta-Oy Haang;Laos;LA;300;15.9623912;106.5365729;Ta’oih, Upper;Ethnoreligion;South-Eastern Asia;75;
Ta-Oy Pras;Laos;LA;1300;16.266094;106.707533;Ta’oih, Upper;Ethnoreligion;South-Eastern Asia;0;
Ta-Oy Ralok;Laos;LA;850;15.975755;106.625407;Ta’oih, Upper;Ethnoreligion;South-Eastern Asia;0;
Ta-Oy Tamla;Laos;LA;1600;15.63766;107.211813;Ta’oih, Upper;Ethnoreligion;South-Eastern Asia;0;
Ta-Oy Yin;Laos;LA;8500;15.724027;106.478927;Ta’oih, Upper;Ethnoreligion;South-Eastern Asia;75;
Baga Fore;Guinea;GV;9500;10.7941;-14.7132;Mbulungish;Islam;Western Africa;0;
Baga Koga;Guinea;GV;5400;10.048028;-12.853688;Susu;Islam;Western Africa;0;
Bhattra (Bhatri);India;IN;335000;19.0814;82.0213;Bhatri;Hinduism;Southern Asia;0;
Cape Malay;South Africa;SF;248000;-33.97554;18.44811;Afrikaans;Islam;Southern Africa;0;
Zia Pueblo;United States;US;800;35.4974891891;-106.730414378;Keres, Eastern;Ethnoreligion;Northern America;75;
Mennonites;Canada;CA;163000;49.893365;-97.207537;Plautdietsch;Christianity;Northern America;75;
Canary Islanders;Spain;SP;1555000;28.469671;-16.303437;Spanish;Christianity;Southern Europe;10;
Giriama Mijikenda;Kenya;KE;1125000;-3.39952119592;39.7116294026;Kigiryama;Ethnoreligion;Eastern Africa;75;
Acoma Pueblo;United States;US;3100;34.89633;-107.58228;English;Ethnoreligion;Northern America;75;
Cochiti Pueblo;United States;US;1500;35.607575;-106.347463;English;Ethnoreligion;Northern America;75;
Laguna Pueblo;United States;US;4800;35.034485;-107.254635;English;Ethnoreligion;Northern America;75;
San Felipe Pueblo;United States;US;3600;35.437935;-106.437665;English;Ethnoreligion;Northern America;75;
Santa Ana Pueblo;United States;US;1000;35.340905;-106.524766;English;Ethnoreligion;Northern America;75;
Nambe Pueblo;United States;US;2000;35.887887;-105.964934;English;Ethnoreligion;Northern America;75;
Pojoaque Pueblo;United States;US;3700;35.8933210634;-106.016876443;English;Ethnoreligion;Northern America;75;
San Ildefonso Pueblo;United States;US;2100;35.890879;-106.118618;English;Ethnoreligion;Northern America;75;
Ohkay Owingeh Pueblo;United States;US;6300;36.052136247;-106.067966118;English;Ethnoreligion;Northern America;75;
Santa Clara Pueblo;United States;US;12000;35.96558;-106.08863;English;Ethnoreligion;Northern America;75;
Tesuque Pueblo;United States;US;1200;35.8067927229;-105.97051834;English;Ethnoreligion;Northern America;75;
Isleta Pueblo;United States;US;4500;34.9054744313;-106.694310117;English;Ethnoreligion;Northern America;75;
Sandia Pueblo;United States;US;4900;35.2511271694;-106.573606844;English;Ethnoreligion;Northern America;75;
Taos Pueblo;United States;US;5300;36.439899;-105.546692;English;Ethnoreligion;Northern America;75;
Tolowa;United States;US;1900;41.954706964;-124.20588412;English;Christianity;Northern America;75;
Gabrielino-Tongva;United States;US;3100;34.048775;-118.014656;English;Ethnoreligion;Northern America;75;
Salinans;United States;US;800;35.754692;-120.693042;English;Christianity;Northern America;75;
Rumsen Ohlone;United States;US;2000;36.714304;-121.649127;English;Christianity;Northern America;75;
Dididahts;Canada;CA;800;48.808439181;-124.669550892;English;Ethnoreligion;Northern America;75;
Tajiks;Germany;GM;25000;52.5149789226;13.3443563628;Tajik;Islam;Western Europe;0;
Akha Jaweuy;Laos;LA;4800;21.185418;101.381256;Akha;Ethnoreligion;South-Eastern Asia;10;
Macanese;Macao;MC;8900;22.1592562486;113.554819616;Chinese, Yue;Christianity;Eastern Asia;75;
Han Chinese (Cantonese);Hong Kong;HK;6255000;22.3109221025;114.171670154;Chinese, Yue;Ethnoreligion;Eastern Asia;75;
Filipinos;Hong Kong;HK;199000;22.2802154008;114.227607916;Tagalog;Christianity;Eastern Asia;75;
Vietnamese;Macao;MC;18500;22.1320499852;113.561457193;Vietnamese;Buddhism;Eastern Asia;0;
Han Chinese (Hakka);Hong Kong;HK;255000;22.3855738638;114.271262376;Chinese, Hakka;Ethnoreligion;Eastern Asia;10;
Vietnamese;Hong Kong;HK;46500;22.3292502738;114.161542132;Vietnamese;Buddhism;Eastern Asia;10;
Nepalis;Hong Kong;HK;29500;22.3089987285;114.170687868;Nepali;Hinduism;Eastern Asia;0;
Koreans;Hong Kong;HK;8600;22.2846453527;114.223073202;Korean;Unaffiliated;Eastern Asia;75;
Japanese;Hong Kong;HK;10000;22.2867323206;114.216387942;Japanese;Buddhism;Eastern Asia;0;
Han Chinese (Min Nan);Hong Kong;HK;419000;22.3482243281;114.198935709;Chinese, Min Nan;Ethnoreligion;Eastern Asia;75;
Han Chinese (Mandarin);Hong Kong;HK;163000;22.2866573104;114.214909747;Chinese, Mandarin;Ethnoreligion;Eastern Asia;75;
Han Chinese (Wu);Hong Kong;HK;56500;22.2894943066;114.199550821;Chinese, Wu;Ethnoreligion;Eastern Asia;75;
South Asians;Hong Kong;HK;15500;22.3004534722;114.17258091;Urdu;Islam;Eastern Asia;0;
Tanzanians;United States;US;22000;41.767462241;-87.6158156715;Swahili;Christianity;Northern America;10;
Khom Khea;Laos;LA;13000;14.7491;105.8975;Khmer;Ethnoreligion;South-Eastern Asia;10;
Lahu Kuisoong;Laos;LA;1600;21.179062;101.566495;Lahu Shi;Ethnoreligion;South-Eastern Asia;75;
Oy Layao;Laos;LA;5500;14.83552;106.75856;Oy;Ethnoreligion;South-Eastern Asia;10;
Pako Kado;Laos;LA;9200;16.418608;106.815737;Pacoh;Ethnoreligion;South-Eastern Asia;75;
Pako Kanai;Laos;LA;2000;16.52839;106.841554;Pacoh;Ethnoreligion;South-Eastern Asia;75;
Phutai Joy;Laos;LA;4300;17.271746;105.333415;Phu Thai;Buddhism;South-Eastern Asia;10;
Sadang Duan;Laos;LA;1000;14.7402497916;107.48311534;Sedang;Ethnoreligion;South-Eastern Asia;75;
Oy Sok;Laos;LA;2800;15.070102;106.84246;Oy;Ethnoreligion;South-Eastern Asia;10;
Han Chinese (Cantonese);Macao;MC;661000;22.1988902506;113.544367341;Chinese, Yue;Ethnoreligion;Eastern Asia;75;
Akha Eurba;Laos;LA;5900;21.356205;102.107169;Akha;Ethnoreligion;South-Eastern Asia;0;
Akha Jijor;Laos;LA;5100;21.222051;101.108595;Akha;Ethnoreligion;South-Eastern Asia;0;
Akha Jipea;Laos;LA;9700;21.131453;101.88011;Akha;Buddhism;South-Eastern Asia;0;
Akha Jowhoi;Laos;LA;550;21.185418;101.381256;Akha;Ethnoreligion;South-Eastern Asia;0;
Akha Ker;Laos;LA;3300;22.152479;101.817706;Akha;Ethnoreligion;South-Eastern Asia;0;
Akha Nuver;Laos;LA;6400;22.02299;101.880051;Akha;Ethnoreligion;South-Eastern Asia;0;
Akha Pala;Laos;LA;6500;21.0944602;102.1641847;Akha;Ethnoreligion;South-Eastern Asia;0;
Akha Piso;Laos;LA;5500;21.578035;101.882316;Akha;Ethnoreligion;South-Eastern Asia;0;
Akha Muji;Laos;LA;5300;21.368391;102.131034;Akha;Ethnoreligion;South-Eastern Asia;0;
Sida;Laos;LA;2700;21.007379;101.474317;Sila;Ethnoreligion;South-Eastern Asia;0;
Akha Luma;Laos;LA;6700;21.160488;102.118674;Akha;Ethnoreligion;South-Eastern Asia;0;
Xingmoun Laomai;Laos;LA;6100;20.889184;104.244566;Puoc;Ethnoreligion;South-Eastern Asia;0;
Oy Kamsang;Laos;LA;1400;14.811466;106.749345;Oy;Ethnoreligion;South-Eastern Asia;0;
Phongset;Laos;LA;1100;21.673561;102.188065;Phunoi;Buddhism;South-Eastern Asia;0;
Pong Phen;Laos;LA;3900;20.005982;103.866851;Phong-Kniang;Buddhism;South-Eastern Asia;0;
Pong Puang;Laos;LA;3800;20.1757328;104.0074688;Phong-Kniang;Buddhism;South-Eastern Asia;0;
Xingmoun Kor;Laos;LA;750;20.931766;104.077998;Puoc;Ethnoreligion;South-Eastern Asia;0;
Thai Toum;Laos;LA;2600;18.57761;104.98219;Hung;Ethnoreligion;South-Eastern Asia;0;
Yang;Laos;LA;6700;20.61966;101.07723;Bouyei;Ethnoreligion;South-Eastern Asia;0;
Eritreans;Canada;CA;27000;43.653226;-79.383184;Tigrigna;Christianity;Northern America;10;
Chechens;France;FR;67500;48.8822;2.381944;Chechen;Islam;Western Europe;0;
Sapanawas;Brazil;BR;100;-9.83161901055;-71.7591216262;Undetermined;Ethnoreligion;South America;0;
Rohingya;Saudi Arabia;SA;430000;21.4496339099;39.8305073291;Rohingya;Islam;Western Asia;0;
Ghazi;India;IN;1700;22.8444546307;88.8138702649;Bengali;Islam;Southern Asia;0;
Baga Mandouri;Guinea;GV;4900;10.76747;-14.60521;Baga Manduri;Islam;Western Africa;0;
Kyrgyz;Germany;GM;14000;50.1129272386;8.67950178467;Kyrgyz;Islam;Western Europe;0;
Zaghawa;United States;US;250;37.967;-91.83324;Zaghawa;Islam;Northern America;0;
Uyghurs;Canada;CA;1700;43.5798432384;-79.7176103939;Uyghur;Islam;Northern America;10;
Tatar;Azerbaijan;AJ;15500;40.411197;49.844;Tatar;Islam;Western Asia;0;
Bideyat;Sudan;SU;13000;15.079167;23.238118;Zaghawa;Islam;Northern Africa;10;
Zaghawa;Libya;LY;11500;24.176351;23.43977;Zaghawa;Islam;Northern Africa;0;
Ahiska Turks;Uzbekistan;UZ;194000;41.33056;69.32652;Turkish;Islam;Central Asia;0;
Vietnamese;Martinique;MB;375;14.620381;-61.045594;Vietnamese;Buddhism;Caribbean;0;
Ahiska Turks;United States;US;11000;41.8932;-87.7014;Turkish;Islam;Northern America;10;
Vietnamese;Uzbekistan;UZ;425;41.330194;69.267503;Vietnamese;Buddhism;Central Asia;0;
Singmoon;Laos;LA;9500;18.44539;103.363665;Puoc;Ethnoreligion;South-Eastern Asia;0;
Ahiska Turks;Ukraine;UP;8000;46.649;32.588;Turkish;Islam;Eastern Europe;0;
Tatar;Uzbekistan;UZ;856000;41.3114;69.3489;Tatar;Islam;Central Asia;10;
Vietnamese;Russian Federation;RS;150000;55.663139;37.490435;Vietnamese;Ethnoreligion;Eastern Europe;10;
Tatar;Turkmenistan;TX;72000;37.955331;58.337621;Tatar;Islam;Central Asia;0;
Ahiska Turks;Azerbaijan;AJ;27000;39.864427;48.470137;Turkish;Islam;Western Asia;0;
Tatar;United States;US;7000;40.742375;-73.890929;Tatar;Islam;Northern America;0;
Rashaida;Eritrea;ER;30500;15.3477;38.9247;Arabic, Hijazi;Islam;Eastern Africa;0;
Tatar;Kazakhstan;KZ;257000;53.231548;63.654267;Russian;Islam;Central Asia;10;
Yazidi Kurds;Iraq;IZ;655000;36.744953;43.886232;Kurdish, Northern;Ethnoreligion;Western Asia;10;
Vietnamese;Taiwan;TW;217000;25.020848;121.474122;Vietnamese;Ethnoreligion;Eastern Asia;10;
Vietnamese;Canada;CA;256000;49.22194;-123.08166;Vietnamese;Buddhism;Northern America;10;
Vietnamese;United Kingdom;UK;100000;51.4969;-0.215374;Vietnamese;Buddhism;Northern Europe;10;
Vietnamese;China;CH;2700;19.369897;110.093181;Vietnamese;Unaffiliated;Eastern Asia;0;
Vietnamese;Germany;GM;83500;52.511211;13.379261;Vietnamese;Buddhism;Western Europe;10;
Vietnamese;Netherlands;NL;8700;51.479652;5.660798;Vietnamese;Buddhism;Western Europe;75;
Vietnamese;United States;US;1600000;33.806284;-118.118308;Vietnamese;Buddhism;Northern America;10;
Vietnamese;France;FR;656000;48.807317;2.37808;Vietnamese;Buddhism;Western Europe;10;
Vietnamese;Czech Republic;EZ;61000;50.083776;14.455815;Vietnamese;Buddhism;Eastern Europe;10;
Chakmas;India;IN;205000;23.20945;92.4993;Chakma;Buddhism;Southern Asia;75;
Talysh;Iran;IR;147000;38.17158;48.675;Talysh;Islam;Southern Asia;0;
Mbukushu;Namibia;WA;54000;-18.10857;21.77723;Mbukushu;Ethnoreligion;Southern Africa;75;
Bhattiana;Pakistan;PK;24500;29.999056;73.25763;Punjabi, Eastern;Islam;Southern Asia;10;
Mennonites;Bolivia;BL;76500;-17.7689;-63.1257;Plautdietsch;Unaffiliated;South America;10;
Polci;Nigeria;NI;36500;10.1306;9.6052;Pesse;Ethnoreligion;Western Africa;75;
Tatar;Bulgaria;BU;6100;43.822;27.754;Crimean Tatar;Ethnoreligion;Eastern Europe;10;
Mennonites;Paraguay;PA;49500;-22.373;-60.1553;Plautdietsch;Christianity;South America;75;
Mennonites;Belize;BH;14000;17.73283;-88.89483;Plautdietsch;Christianity;Central America;75;
Mboa;Nigeria;NI;9800;11.087056;13.692505;Mbonga;Ethnoreligion;Western Africa;75;
Brao;United States;US;100;32.714313;-117.11051;Brao;Ethnoreligion;Northern America;0;
Hiechware;Zimbabwe;ZI;4600;-19.6355;27.0494;Tshuwau;Ethnoreligion;Eastern Africa;10;
Mbukushu;Zambia;ZA;12500;-17.1026;22.7872;Mbukushu;Ethnoreligion;Eastern Africa;75;
Kitsai;United States;US;2400;35.172548;-98.281499;English;Christianity;Northern America;75;
Yuchi;United States;US;2300;35.96146;-95.03933;English;Ethnoreligion;Northern America;75;
Kwakwakaʼwakw;United States;US;400;48.119567;-123.131596;Kwakwala;Christianity;Northern America;75;
Cupeno;United States;US;850;33.31483;-116.51471;English;Ethnoreligion;Northern America;75;
Peruvians;Canada;CA;45000;43.6679;-79.3864;Spanish;Christianity;Northern America;75;
Metis;Canada;CA;704000;47.558063;-52.725077;English;Christianity;Northern America;75;
Plains Cree;United States;US;33500;48.05291;-108.68074;Cree, Plains;Christianity;Northern America;75;
Vincentians;Canada;CA;18500;43.7371;-79.4349;Vincentian English Creole;Christianity;Northern America;75;
Hondurans;Canada;CA;11500;45.528078;-73.562158;Spanish;Christianity;Northern America;75;
Dakota;Canada;CA;5500;50.3451;-103.5326;English;Christianity;Northern America;75;
Trinidadians;Canada;CA;84000;43.58732;-79.630586;English;Christianity;Northern America;75;
Hupa;United States;US;2300;41.09821;-123.67988;English;Ethnoreligion;Northern America;75;
Vietnamese;Cambodia;CB;530000;11.082133;105.802443;Vietnamese;Buddhism;South-Eastern Asia;10;
Vietnamese;New Zealand;NZ;4900;-36.943753;174.844609;Vietnamese;Buddhism;Australia and New Zealand;75;
Germans;Belgium;BE;80000;50.706936;6.031799;German, Standard;Christianity;Western Europe;75;
Andorrans;Andorra;AN;46000;42.48936;1.51829;Catalan;Unaffiliated;Southern Europe;0;
Vietnamese;Laos;LA;137000;17.9628;102.6295;Vietnamese;Ethnoreligion;South-Eastern Asia;75;
Vietnamese;Thailand;TH;119000;13.5795;100.6004;Vietnamese;Buddhism;South-Eastern Asia;75;
Vietnamese;Australia;AS;174000;-33.919539;151.034909;Vietnamese;Buddhism;Australia and New Zealand;75;
Vietnamese;Malaysia;MY;85000;5.361434;100.445433;Vietnamese;Ethnoreligion;South-Eastern Asia;75;
Imazighen;France;FR;150000;49.005397;2.21363;Tamazight, Central Atlas;Islam;Western Europe;0;
Imazighen;United Kingdom;UK;3400;51.537269;-0.053662;Tamazight, Central Atlas;Islam;Northern Europe;0;
Mennonites;United States;US;15500;35.879308;-97.419744;Plautdietsch;Christianity;Northern America;75;
Mennonites;Mexico;MX;123000;29.2492;-106.68327;Plautdietsch;Christianity;Central America;10;
Bakong Kenyah;Malaysia;MY;2000;1.48438;114.53565;Kenyah, Mainstream;Islam;South-Eastern Asia;75;
Yazidi Kurds;Germany;GM;101000;53.0918;8.83332;Kurdish, Northern;Ethnoreligion;Western Europe;10;
Circassians;Saudi Arabia;SA;29500;24.745494;46.771322;Kabardian;Islam;Western Asia;0;
Evenk;Russian Federation;RS;33000;64.2756;100.21;Evenki;Ethnoreligion;Eastern Europe;0;
French Cree;Canada;CA;2000;45.4191;-75.706;Michif;Christianity;Northern America;75;
Southern Dakelh;Canada;CA;2600;52.9755;-122.5273;English;Christianity;Northern America;75;
Upper Kuskokwim;United States;US;200;62.2976;-155.95074;English;Christianity;Northern America;75;
Han Hwech'in;Canada;CA;400;64.0438770141;-139.379965854;English;Christianity;Northern America;75;
Kato;United States;US;125;39.70019;-123.43244;English;Ethnoreligion;Northern America;75;
Osage;United States;US;10500;36.829519;-96.220636;English;Christianity;Northern America;75;
Achumawi;United States;US;1200;41.479;-120.484;English;Christianity;Northern America;75;
Alabama-Coushatta;United States;US;800;30.76738;-94.62848;English;Christianity;Northern America;75;
French Cree;United States;US;6700;48.843596;-99.742775;English;Christianity;Northern America;75;
Han Hwech'in;United States;US;60;64.87146;-141.29456;English;Christianity;Northern America;75;
Salitz;United States;US;2600;44.7234728809;-123.911183059;English;Ethnoreligion;Northern America;10;
Umpqua;United States;US;900;43.1856273834;-123.367778416;English;Ethnoreligion;Northern America;0;
Monacan;United States;US;2600;37.5729;-79.12703;English;Ethnoreligion;Northern America;75;
Coquille;United States;US;600;43.394329;-124.219609;English;Ethnoreligion;Northern America;0;
Pequots;United States;US;1500;41.4710608528;-71.9576924592;English;Ethnoreligion;Northern America;0;
Okanagan;United States;US;2200;48.3596253729;-119.579011924;English;Christianity;Northern America;75;
Kenaitze;United States;US;1800;60.5544;-151.2583;English;Ethnoreligion;Northern America;75;
Judeo-Moroccan Jews;Canada;CA;16500;45.4813;-73.6484;Arabic, Judeo-Moroccan;Judaism;Northern America;10;
Chechens;Belgium;BE;18000;50.8377;4.406;Chechen;Islam;Western Europe;0;
Middle-Eastern Turkoman;Syria;SY;125000;34.73359;36.72365;Turkish;Islam;Western Asia;0;
Kohistani;Afghanistan;AF;2400;34.4188;70.4678;Gawri;Islam;Southern Asia;0;
Tatar;Kyrgyzstan;KG;66500;42.8927;74.6267;Tatar;Islam;Central Asia;10;
Rakhine;United States;US;7700;33.9912948309;-81.0235991698;Rakhine;Buddhism;Northern America;10;
Assyrians;United Kingdom;UK;7000;51.528511;-0.355176;Assyrian Neo-Aramaic;Christianity;Northern Europe;0;
Southeast Pashayi;Afghanistan;AF;172000;34.424012;70.449337;Pashai, Southeast;Islam;Southern Asia;0;
Bashgali Nuristani;Pakistan;PK;8900;35.702;71.689;Kateviri;Islam;Southern Asia;0;
Divehi;India;IN;74500;10.0675;73.6422;Maldivian;Islam;Southern Asia;0;
Brunei Dusun;Brunei;BX;10500;4.9098;114.9033;Kadazan Dusun;Islam;South-Eastern Asia;0;
Sakalava;Mayotte;MF;125000;-12.96521;45.13678;Bushi;Ethnoreligion;Eastern Africa;10;
Southern East Cree;Canada;CA;3200;49.6924;-75.9596;English;Christianity;Northern America;75;
Tse'khene;Canada;CA;950;57.44212;-125.66411;English;Christianity;Northern America;75;
Danezaa Zaage;Canada;CA;900;58.752;-118.711;English;Christianity;Northern America;75;
Nakota (Assiniboine);Canada;CA;6500;52.502606984;-108.275939769;English;Christianity;Northern America;75;
Kwakwakaʼwakw;Canada;CA;6500;50.7345089571;-127.499302762;English;Christianity;Northern America;75;
Nuxalk;Canada;CA;1000;52.371;-126.745;English;Christianity;Northern America;75;
Woodland Cree;Canada;CA;68500;55.07552;-105.321399;English;Christianity;Northern America;75;
Colville;United States;US;9300;48.29992;-119.18951;English;Christianity;Northern America;75;
Cocopah;United States;US;800;32.6213726731;-114.7685684;Cocopa;Christianity;Northern America;75;
Nakota (Assiniboine);United States;US;2400;48.31435;-108.60161;English;Christianity;Northern America;75;
Jiamao Li;China;CH;109000;18.55481;109.85372;Jiamao;Ethnoreligion;Eastern Asia;0;
Central Seko;Indonesia;ID;3600;-2.3458;119.8041;Seko Tengah;Christianity;South-Eastern Asia;75;
Tajiks;Uzbekistan;UZ;1710000;39.0585;66.8168;Tajik;Islam;Central Asia;10;
Zaghawa;Sudan;SU;263000;15.0879;24.1061;Zaghawa;Islam;Northern Africa;10;
Keot;India;IN;109000;23.791278;86.418526;Bengali;Hinduism;Southern Asia;10;
West Masela;Indonesia;ID;1100;-8.203657;129.820381;Masela, West;Christianity;South-Eastern Asia;75;
Monia Binza;Congo, Democratic Republic of the;CG;16500;2.1328;19.0925;Libinza;Christianity;Middle Africa;75;
Baokan;Malaysia;MY;4200;5.287688;116.37863;Murut, Bookan;Ethnoreligion;South-Eastern Asia;75;
Ma'ya Salawati;Indonesia;ID;5400;-1.22329;130.90913;Ma’ya;Christianity;South-Eastern Asia;75;
Beketan;Malaysia;MY;450;2.303413;113.004889;Bukitan;Christianity;South-Eastern Asia;75;
Central Masela;Indonesia;ID;950;-8.1804;129.83258;Masela, West;Christianity;South-Eastern Asia;75;
Liabuku;Indonesia;ID;850;-5.39659979526;122.684807191;Indonesian;Islam;South-Eastern Asia;0;
Moose Cree;Canada;CA;5800;51.06859;-80.69116;Cree, Moose;Christianity;Northern America;75;
Saberi;Indonesia;ID;2500;-1.88775;138.59509;Isirawa;Christianity;South-Eastern Asia;75;
Obokuitai;Indonesia;ID;150;-2.8816;137.9767;Obokuitai;Christianity;South-Eastern Asia;75;
Tsilhqot'in;Canada;CA;4900;52.0152;-123.1754;Chilcotin;Christianity;Northern America;75;
Oji-Cree;Canada;CA;13000;53.8354;-89.5963;Oji-Cree;Christianity;Northern America;75;
Hualapai;United States;US;2300;35.7333577544;-113.604691171;Havasupai-Walapai-Yavapai;Ethnoreligion;Northern America;75;
Comorian Maori;Mayotte;MF;217000;-12.783735;45.216985;Comorian, Maore;Islam;Eastern Africa;10;
Kufra Bedouin;Libya;LY;30000;24.172309;23.246315;Arabic, Libyan;Islam;Northern Africa;0;
Arabized Birgid;Sudan;SU;242000;12.842579;25.106828;Arabic, Sudanese;Islam;Northern Africa;0;
Jemez Pueblo;United States;US;2400;35.59942;-106.7662;Jemez;Christianity;Northern America;75;
Bushmen;Botswana;BC;72500;-24.00945;21.881301;Setswana;Ethnoreligion;Southern Africa;75;
Chechens;Russian Federation;RS;1365000;43.21954;45.73836;Chechen;Islam;Eastern Europe;10;
Even;Russian Federation;RS;19000;62.7627;148.1616;Russian;Ethnoreligion;Eastern Europe;0;
Andio;Indonesia;ID;2600;-0.853;123.144;Andio;Islam;South-Eastern Asia;75;
Lun Bawang;Indonesia;ID;26000;3.9244;115.86096;Lundayeh;Ethnoreligion;South-Eastern Asia;75;
Vietnamese;Vietnam;VM;85300000;17.11945;106.91747;Vietnamese;Buddhism;South-Eastern Asia;10;
Dakelh;Canada;CA;10500;54.4353;-124.2498;Carrier;Christianity;Northern America;75;
East Masela;Indonesia;ID;950;-8.13455;129.87322;Malay, Ambonese;Christianity;South-Eastern Asia;75;
Blackfoot;Canada;CA;3100;49.47284;-113.2755;Blackfoot;Christianity;Northern America;75;
Nakota (Stoney);Canada;CA;3800;51.19392;-114.98424;Stoney;Christianity;Northern America;75;
Nyiman;Sudan;SU;157000;11.9996;29.5405;Ama;Islam;Northern Africa;10;
Winye;Burkina Faso;UV;32000;11.7411;-2.9326;Winyé;Ethnoreligion;Western Africa;75;
Bekworra;Nigeria;NI;216000;6.703;8.9029;Bekwarra;Ethnoreligion;Western Africa;10;
Vengoo;Cameroon;CM;42500;6.064;10.4451;Vengo;Christianity;Middle Africa;75;
Bolewa;Nigeria;NI;253000;10.825329;10.769564;Bole;Islam;Western Africa;10;
Aten;Nigeria;NI;73500;9.6894;8.5717;Iten;Christianity;Western Africa;75;
Morokodo;South Sudan;OD;58500;5.5745;30.1605;Morokodo;Ethnoreligion;Northern Africa;10;
Matal;Cameroon;CM;60000;10.92842;14.04736;Matal;Ethnoreligion;Middle Africa;75;
Nigerian Mambila;Nigeria;NI;221000;6.69736;11.31614;Mambila, Nigeria;Ethnoreligion;Western Africa;75;
Mbukushu;Botswana;BC;40500;-18.7356;22.1728;Mbukushu;Ethnoreligion;Southern Africa;10;
Ahlon;Togo;TO;10500;7.237995;0.687269;Igo;Ethnoreligion;Western Africa;75;
Pubiao;China;CH;425;23.221616;104.804141;Chinese, Mandarin;Ethnoreligion;Eastern Asia;0;
Itawit;Philippines;RP;252000;17.714006;121.71319;Itawit;Christianity;South-Eastern Asia;75;
Eastern Bontoc;Philippines;RP;7400;17.03193;121.11048;Bontok, Eastern;Christianity;South-Eastern Asia;75;
Maghrebi Jews;Tunisia;TS;1100;36.807597;10.146419;Arabic, Tunisian;Judaism;Northern Africa;0;
Bghai Karen;Myanmar;BM;20500;18.9547;96.4832;Karen, Bwe;Ethnoreligion;South-Eastern Asia;75;
Daai Chin;Myanmar;BM;41000;20.73472;93.78532;Chin, Daai;Ethnoreligion;South-Eastern Asia;75;
S'gaw Karen;Myanmar;BM;2005000;17.81928;97.50115;Karen, S’gaw;Christianity;South-Eastern Asia;75;
Kawyaw;Myanmar;BM;12000;19.165;96.9531;Kawyaw;Christianity;South-Eastern Asia;75;
Michi;China;CH;49000;25.796469;102.238841;Chinese, Mandarin;Ethnoreligion;Eastern Asia;75;
Yeye;Botswana;BC;28500;-21.0334;24.405;Yeyi;Ethnoreligion;Southern Africa;10;
Manam;Papua New Guinea;PP;16000;-4.07921;145.03346;Manam;Christianity;Melanesia;75;
Kham Tibetans;China;CH;2505000;31.623868;100.001589;Tibetan, Khams;Buddhism;Eastern Asia;10;
Ngiti;Congo, Democratic Republic of the;CG;271000;1.2651;30.191;Ngiti;Christianity;Middle Africa;75;
Nyiramba;Tanzania;TZ;1245000;-4.3725;34.2129;Nilamba;Ethnoreligion;Eastern Africa;75;
Bashilele;Congo, Democratic Republic of the;CG;137000;-5.6983;20.3572;Lele (Democratic Republic of the Congo);Christianity;Middle Africa;75;
Saaronge;Chad;CD;92500;12.11866;18.79962;Daju, Dar Daju;Islam;Middle Africa;0;
Wolaitta;Ethiopia;ET;3020000;6.32668;37.75373;Wolaytta;Christianity;Eastern Africa;75;
Mesqan;Ethiopia;ET;317000;8.10059;38.33777;Mesqan;Islam;Eastern Africa;75;
Gibe;Ethiopia;ET;131000;7.1142;39.9984;Oromo, Borana-Arsi-Guji;Christianity;Eastern Africa;0;
Bacan;Indonesia;ID;3800;-0.62275;127.49047;Malay, North Moluccan;Islam;South-Eastern Asia;75;
Picuris Pueblo;United States;US;2400;36.19933;-105.710159;Tiwa, Northern;Ethnoreligion;Northern America;75;
Heishui;China;CH;48500;32.191643;103.038601;Tibetan, Central;Buddhism;Eastern Asia;0;
Subia;Botswana;BC;7500;-18.1568;24.4992;Kuhane;Ethnoreligion;Southern Africa;10;
Yazidi Kurds;United States;US;1100;40.8136;-96.7077;Kurdish, Northern;Ethnoreligion;Northern America;0;
Midob;Sudan;SU;92500;15.6341;32.3543;Midob;Islam;Northern Africa;0;
Tumbuka;Tanzania;TZ;294000;-10.946986;34.994454;Tumbuka;Christianity;Eastern Africa;10;
Kawaiisu;United States;US;35;36.05383;-118.67889;English;Ethnoreligion;Northern America;75;
Wakhi;Pakistan;PK;17000;36.617193;74.862273;Wakhi;Islam;Southern Asia;0;
Bideyat;Chad;CD;12000;14.9998;22.2723;Zaghawa;Islam;Middle Africa;10;
Nzime;Congo;CF;5700;2.1371;13.5358;Koonzime;Ethnoreligion;Middle Africa;10;
Brunei Malay;Brunei;BX;324000;4.89828;114.88626;Brunei;Islam;South-Eastern Asia;10;
Birwa;Botswana;BC;21000;-22.12034;28.34484;Birwa;Ethnoreligion;Southern Africa;10;
Mon;Laos;LA;400;19.154769;103.704206;Tho;Ethnoreligion;South-Eastern Asia;0;
Hulaula;Iran;IR;375;36.247248;46.27321;Kurdish, Central;Judaism;Southern Asia;0;
Kutenai;United States;US;225;47.33691;-114.33411;English;Christianity;Northern America;75;
Sau;Afghanistan;AF;9000;35.170868;71.455997;Savi;Islam;Southern Asia;0;
Ottawa;United States;US;4800;44.2661947336;-86.2738252766;English;Christianity;Northern America;75;
Peoria;United States;US;1200;36.8680837985;-94.870388233;English;Ethnoreligion;Northern America;75;
Yuki;United States;US;1200;39.8106490643;-123.254677767;English;Christianity;Northern America;0;
Paraguayans;United States;US;25500;38.8840011319;-76.9807841775;Guaraní, Paraguayan;Christianity;Northern America;75;
Washo;United States;US;1500;38.81841;-119.6403;English;Christianity;Northern America;75;
Atsina;United States;US;1200;48.48341;-108.73841;English;Christianity;Northern America;75;
Mangaya Bug;South Sudan;OD;850;8.195927;25.862917;Gbaya;Islam;Northern Africa;10;
Klallam;United States;US;1200;48.146477119;-123.552718535;English;Ethnoreligion;Northern America;75;
Tonga;Thailand;TH;200;5.963;101.1541;Ten’edn;Ethnoreligion;South-Eastern Asia;75;
Coeur d'Alene;United States;US;7600;47.29583;-116.71512;English;Christianity;Northern America;75;
Basque;Canada;CA;7400;45.5596927344;-73.6123636898;Basque;Unaffiliated;Northern America;10;
Mang;China;CH;550;22.54006;102.9422;Mang;Ethnoreligion;Eastern Asia;0;
Moklen;Thailand;TH;2100;8.16761;98.31762;Moklen;Ethnoreligion;South-Eastern Asia;10;
Fijians;Australia;AS;71500;-33.9060659176;151.185959035;English;Christianity;Australia and New Zealand;75;
Ho-Chunk;United States;US;5400;43.377658228;-89.7570645905;English;Ethnoreligion;Northern America;75;
Seminole;United States;US;3600;35.2172321973;-96.6652912385;English;Christianity;Northern America;75;
Chickahominy;United States;US;1700;37.4395628059;-77.0360691528;English;Christianity;Northern America;75;
Yaqui;United States;US;13500;32.04894;-111.06408;English;Christianity;Northern America;75;
White Americans;United States;US;194590000;37.843721;-92.083827;English;Christianity;Northern America;75;
Aleutian Island Aleuts;United States;US;8700;52.12283;-174.29013;English;Christianity;Northern America;75;
Wyandot;United States;US;1900;36.78736;-94.729691;English;Christianity;Northern America;75;
Hmong Daw;Vietnam;VM;1330000;21.48856;103.55258;Hmong Daw;Ethnoreligion;South-Eastern Asia;75;
Southern Sotho;South Africa;SF;5400000;-30.5338;27.364;Sotho, Southern;Christianity;Southern Africa;75;
Pacoh;Laos;LA;26000;16.298;106.932;Pacoh;Ethnoreligion;South-Eastern Asia;10;
Lahu;Laos;LA;15000;20.430466;100.371884;Lahu;Ethnoreligion;South-Eastern Asia;75;
Asienara;Indonesia;ID;1200;-3.54561;133.32748;Buruwai;Christianity;South-Eastern Asia;75;
Armenians;Canada;CA;71000;45.5167238897;-73.6211139236;Armenian, Western;Christianity;Northern America;75;
Acadians;Canada;CA;128000;46.092048;-64.801042;French;Christianity;Northern America;10;
Northern Saami;Finland;FI;1800;68.38717;23.6076;Saami, North;Christianity;Northern Europe;75;
Kongo;Angola;AO;3205000;-6.63077;14.3043;Koongo;Ethnoreligion;Middle Africa;75;
Fulbe;Canada;CA;3200;45.5016;-73.5672;Pular;Islam;Northern America;10;
Dutch;Canada;CA;137000;49.16007;-123.14058;Dutch;Unaffiliated;Northern America;75;
Belarusians;Canada;CA;19500;43.647595;-79.563988;Belarusian;Christianity;Northern America;0;
Burun;Ethiopia;ET;5900;9.871621;34.228894;Mabaan;Christianity;Eastern Africa;0;
Western Tarahumara;Mexico;MX;25000;27.488611;-107.888056;Spanish;Christianity;Central America;10;
Chiquihuitlan Mazatec;Mexico;MX;1700;17.994444;-96.744444;Spanish;Christianity;Central America;75;
Santa Maria Zacatepec Mixtec;Mexico;MX;2400;16.7625;-97.989167;Spanish;Christianity;Central America;75;
Ipalapa Amuzgo;Mexico;MX;1200;16.635556;-98.032778;Spanish;Christianity;Central America;75;
Welsh;Canada;CA;2200;43.8286978855;-79.3449908767;Welsh;Unaffiliated;Northern America;75;
Soyaltepec Mazatec;Mexico;MX;63500;18.239444;-96.403056;Spanish;Christianity;Central America;75;
Hesi;India;IN;3900;31.6073;76.579;Pahari-Potwari;Hinduism;Southern Asia;0;
Tabaa Zapotec;Mexico;MX;1500;17.304167;-96.208333;Zapotec, Tabaa;Christianity;Central America;75;
Madiga;India;IN;9445000;16.680416;79.422081;Telugu;Hinduism;Southern Asia;75;
Highland Mazatec;Mexico;MX;186000;18.130556;-96.843056;Mazatec, Huautla;Christianity;Central America;75;
Gosangi;India;IN;34000;18.438555;79.128841;Telugu;Hinduism;Southern Asia;0;
Guerrero Amuzgo;Mexico;MX;82500;16.794444;-98.240556;Amuzgo, Guerrero;Christianity;Central America;75;
Tsogo;Gabon;GB;65500;-1.55469;11.13589;Tsogo;Christianity;Middle Africa;10;
Manjak;France;FR;25500;48.858649;2.31903;Mandjak;Ethnoreligion;Western Europe;0;
Manjak;Gambia;GA;47000;13.36914;-16.69378;Mandjak;Ethnoreligion;Western Africa;75;
Bakwele;Gabon;GB;5800;0.5738;12.8643;Bekwel;Christianity;Middle Africa;75;
Nzebi;Gabon;GB;208000;-1.8422;12.71871;Njebi;Christianity;Middle Africa;75;
Germans;Czech Republic;EZ;22000;50.50021;13.23746;German, Standard;Unaffiliated;Eastern Europe;75;
Western Bolivian Guarani;Bolivia;BL;10500;-20.28192;-64.16621;Guaraní, Western Bolivian;Christianity;South America;0;
Bai;South Sudan;OD;4700;7.727036;26.708728;Bai;Ethnoreligion;Northern Africa;0;
Martinicans;Martinique;MB;341000;14.613508;-61.062644;Lesser Antillean French Creole;Christianity;Caribbean;75;
Southern Ngbandi;Congo, Democratic Republic of the;CG;315000;4.102341;22.445994;Ngbandi, Southern;Ethnoreligion;Middle Africa;0;
Tuyuka;Colombia;CO;750;0.4966;-70.11783;Tuyuca;Ethnoreligion;South America;0;
Southern Ngbandi;Congo;CF;3100;2.845545;18.390082;Ngbandi, Southern;Christianity;Middle Africa;0;
Maijuna;Peru;PE;300;-2.997;-73.1824;Maijuna;Ethnoreligion;South America;75;
Para Arara;Brazil;BR;475;-3.6721;-53.1138;Arara, Pará;Ethnoreligion;South America;10;
Maxakali;Brazil;BR;1500;-16.875;-40.585;Maxakalí;Christianity;South America;75;
Maimande;Brazil;BR;150;-13.833333;-59.916667;Mamaindê;Ethnoreligion;South America;0;
Matses;Peru;PE;1700;-5.8042;-73.188;Matses;Ethnoreligion;South America;75;
Avatime;Ghana;GH;35500;6.8688;0.41314;Avatime;Ethnoreligion;Western Africa;75;
Maslam;Chad;CD;1400;12.15819;14.95486;Maslam;Islam;Middle Africa;0;
Asheninca Ucayali-Yurua;Peru;PE;7000;-10.1881;-74.0371;Ashéninka, Ucayali-Yurúa;Ethnoreligion;South America;10;
Mbukushu;Angola;AO;13500;-17.2297;22.8714;Mbukushu;Ethnoreligion;Middle Africa;0;
Jabuti;Brazil;BR;200;-12.0782;-64.7046;Portuguese;Ethnoreligion;South America;75;
Ngondi;Congo;CF;6200;1.63917;16.12504;Ngundi;Christianity;Middle Africa;0;
Lulba;Uganda;UG;2700;3.655182;31.720722;Olu’bo;Ethnoreligion;Eastern Africa;0;
Arabela;Peru;PE;400;-1.929;-75.313;Arabela;Ethnoreligion;South America;75;
Monjombo;Central African Republic;CT;2500;3.5743;18.597;Monzombo;Ethnoreligion;Middle Africa;10;
Moken;Myanmar;BM;4000;12.46438;98.38829;Moken;Ethnoreligion;South-Eastern Asia;10;
Aanaar Saami;Finland;FI;750;69.7794813026;27.0289126025;Finnish;Christianity;Northern Europe;75;
Cong;Vietnam;VM;2000;22.298363;102.789892;Côông;Ethnoreligion;South-Eastern Asia;0;
Ngbaka Mabo;Congo;CF;186000;2.50623;18.16989;Ngbaka Ma’bo;Christianity;Middle Africa;10;
Monjombo;Congo;CF;16500;2.9312;18.4387;Monzombo;Christianity;Middle Africa;0;
Moken;Thailand;TH;2300;7.8305;98.9648;Moken;Ethnoreligion;South-Eastern Asia;10;
Asua;Congo, Democratic Republic of the;CG;52500;2.582;27.3196;Asoa;Ethnoreligion;Middle Africa;75;
Ethiopian Jews;Ethiopia;ET;9600;9.0258;38.7598;Amharic;Judaism;Eastern Africa;0;
Ethiopian Jews;Israel;IS;167000;31.9308;34.8638;Awngi;Judaism;Western Asia;10;
Ganzi;Central African Republic;CT;7700;5.1465;19.4286;Ganzi;Ethnoreligion;Middle Africa;10;
Yanesha;Peru;PE;7500;-10.1981;-75.2326;Yanesha’;Ethnoreligion;South America;75;
Ishelhayn Imazighen;Morocco;MO;5010000;30.28138;-8.18677;Tachelhit;Islam;Northern Africa;10;
Ishilhayn Imazighen;France;FR;146000;48.917986;2.266761;Tachelhit;Islam;Western Europe;10;
Doms;Iran;IR;111000;35.6611;51.4604;Persian, Iranian;Islam;Southern Asia;0;
Falkland Islanders;Falkland Islands;FK;2700;-51.695;-57.850556;English;Christianity;South America;75;
Sougb;Indonesia;ID;19500;-1.4952;134.0297;Sougb;Christianity;South-Eastern Asia;75;
Ghorbati;Afghanistan;AF;13500;34.5003;69.1282;Domari;Islam;Southern Asia;0;
Mugat;Uzbekistan;UZ;15000;41.347236;69.258457;Domari;Islam;Central Asia;10;
Mugat;Tajikistan;TI;5000;40.2922;70.4326;Tajik;Islam;Central Asia;0;
Rayeen;India;IN;473000;25.199852;86.826738;Urdu;Islam;Southern Asia;10;
Veps;Russian Federation;RS;6000;61.369261;35.352401;Russian;Christianity;Eastern Europe;0;
K'cho Chin;Myanmar;BM;30000;20.4554;94.2542;Chin, Müün;Christianity;South-Eastern Asia;75;
Carolinians;Northern Mariana Islands;CQ;3900;15.205;145.76498;Carolinian;Christianity;Micronesia;75;
Denesuline;Canada;CA;13500;58.719;-111.146;Dene;Christianity;Northern America;75;
Xinca;Guatemala;GT;289000;14.31028;-89.82346;Spanish;Ethnoreligion;Central America;10;
Pinjara, Dhunia (Bengali);India;IN;40500;22.424998;87.3725;Bengali;Islam;Southern Asia;0;
Chunari;India;IN;64000;23.140979;87.134957;Bengali;Hinduism;Southern Asia;0;
Khalifa;India;IN;8700;22.13;88.5;Bengali;Islam;Southern Asia;0;
Byadh;India;IN;1200;23.224858;88.348219;Bengali;Hinduism;Southern Asia;0;
Khatik (Bengali);India;IN;11500;22.843397;87.340286;Bengali;Hinduism;Southern Asia;0;
Dhal Kstriya;India;IN;125;23.526063;87.315108;Bengali;Hinduism;Southern Asia;0;
Kasar (Bengali);India;IN;102000;22.595134;88.359447;Bengali;Hinduism;Southern Asia;0;
Bajandar;India;IN;750;23.906981;91.795584;Bengali;Islam;Southern Asia;0;
Kapuria;India;IN;1800;23.428441;87.766921;Bengali;Hinduism;Southern Asia;0;
Bagti;India;IN;275;23.248259;86.499655;Bengali;Hinduism;Southern Asia;0;
Tamboli (Bengali);India;IN;106000;23.232389;87.861439;Bengali;Hinduism;Southern Asia;0;
Hajjam (Bengali);India;IN;68000;22.759877;88.852254;Bengali;Islam;Southern Asia;0;
East Indians;Guatemala;GT;700;15.825;-88.755;Spanish;Unaffiliated;Central America;0;
East Indians;Chile;CI;3900;-53.166667;-70.933333;Hindi;Hinduism;South America;0;
East Indians;Belize;BH;12000;17.499514;-88.194721;Belize English Creole;Unaffiliated;Central America;0;
East Indians;Grenada;GJ;4700;12.0546;-61.751;Hindi;Christianity;Caribbean;0;
East Indians;Trinidad and Tobago;TD;53500;10.62692;-61.32093;Hindustani, Sarnami;Hinduism;Caribbean;10;
East Indians;Brazil;BR;2400;-23.55;-46.633333;Hindi;Hinduism;South America;0;
East Indians;Guadeloupe;GP;4500;16.221;-61.522;Tamil;Christianity;Caribbean;0;
East Indians;Argentina;AR;2700;-34.524535;-58.543537;Hindi;Hinduism;South America;0;
East Indians;Venezuela;VE;500;10.5;-66.916667;Hindi;Hinduism;South America;0;
East Indians;Antigua and Barbuda;AC;400;17.112;-61.818;Leeward Caribbean English Creole;Hinduism;Caribbean;10;
Han Chinese (Hakka);Peru;PE;12500;-12.05006;-77.129384;Chinese, Hakka;Ethnoreligion;South America;0;
Fula Toro;France;FR;1000;48.860359;2.331194;Pulaar;Islam;Western Europe;0;
Han Chinese (Hakka);United States;US;1500;34.032636;-118.379904;Chinese, Hakka;Unaffiliated;Northern America;10;
Sisgars;India;IN;900;22.711983;75.847494;Urdu;Islam;Southern Asia;0;
Bihari;United States;US;325;37.326348;-121.954408;Bhojpuri;Islam;Northern America;10;
Assamese;United States;US;1400;37.360461;-121.890316;Assamese;Islam;Northern America;10;
Katong;Laos;LA;1000;15.643444;106.932631;Bru, Eastern;Buddhism;South-Eastern Asia;0;
Ismaili Gujarati;United States;US;15000;33.78847;-84.40535;Gujarati;Islam;Northern America;0;
Chadwa;India;IN;8900;25.703417;72.398314;Urdu;Islam;Southern Asia;0;
Tibetans;Sweden;SW;1000;59.354507;18.053548;Tibetan, Central;Buddhism;Northern Europe;0;
Han Chinese (Hakka);Guyana;GY;1700;6.796978;-58.148847;Chinese, Hakka;Ethnoreligion;South America;0;
Baisya;India;IN;1600;23.035053;87.90825;Hindi;Hinduism;Southern Asia;0;
Tibetans;Taiwan;TW;400;25.027295;121.510489;Tibetan, Central;Buddhism;Eastern Asia;0;
Hindi;Guyana;GY;32500;6.781;-58.169;Hindustani, Sarnami;Hinduism;South America;10;
Sudanese Arabs;Italy;IT;4900;41.913303;12.512906;Arabic, Standard;Islam;Southern Europe;10;
Meithei;United States;US;150;32.87832;-96.75744;Meitei;Hinduism;Northern America;0;
Yonaguni;Japan;JA;2200;24.44997;122.99075;Yonaguni;Ethnoreligion;Eastern Asia;0;
Sinhalese;United States;US;30000;34.057104;-118.336735;Sinhala;Buddhism;Northern America;10;
Tibetans;Canada;CA;5200;43.713582;-79.643598;Tibetan, Central;Buddhism;Northern America;0;
Rajasthani;United States;US;800;37.389406;-122.006095;Gujarati;Hinduism;Northern America;10;
Tibetans;United States;US;11500;40.7577;-73.8898;Tibetan, Central;Buddhism;Northern America;10;
Marathi;United States;US;83000;42.347;-83.1156;Marathi;Hinduism;Northern America;10;
Iraqi Arabs;Canada;CA;84500;43.2609;-79.8885;Arabic, Mesopotamian;Islam;Northern America;10;
Oriya;United States;US;6100;37.64889;-122.081926;Odia;Hinduism;Northern America;10;
Han Chinese (Hakka);Canada;CA;5900;43.819271;-79.294333;Chinese, Hakka;Ethnoreligion;Northern America;10;
Buryat;Uzbekistan;UZ;1200;41.318345;69.168003;Buriat, Russia;Buddhism;Central Asia;0;
Azerbaijani;Uzbekistan;UZ;81000;41.360187;69.216275;Azerbaijani, North;Islam;Central Asia;0;
Khamnigan Mongols;China;CH;2600;49.641431;119.753577;Evenki;Ethnoreligion;Eastern Asia;10;
Azerbaijani;Turkmenistan;TX;61500;37.946789;58.401318;Azerbaijani, North;Islam;Central Asia;0;
East Indians;Saint Vincent and the Grenadines;VC;1500;13.162636;-61.231525;Vincentian English Creole;Unaffiliated;Caribbean;0;
Chaldeans;Iraq;IZ;67000;37.09724;43.50269;Chaldean Neo-Aramaic;Christianity;Western Asia;0;
Tsaatan;Mongolia;MG;350;51.318;99.317;Tuvan;Ethnoreligion;Eastern Asia;0;
Han Chinese (Hakka);French Guiana;FG;17000;4.9325;-52.2964;Chinese, Hakka;Ethnoreligion;South America;0;
Soyot;Russian Federation;RS;4200;52.5199;99.8246;Buriat, Russia;Buddhism;Eastern Europe;0;
East Indians;Saint Lucia;ST;5500;14.001;-60.987;Lesser Antillean French Creole;Unaffiliated;Caribbean;0;
Yakut;China;CH;2700;52.042594;122.056079;Yakut;Ethnoreligion;Eastern Asia;0;
Eritreans;Germany;GM;61000;48.140578;11.557347;English;Christianity;Western Europe;0;
Judeo-Iraqi Arabs;United Kingdom;UK;6000;51.510859;-0.112548;Arabic, Judeo-Iraqi;Judaism;Northern Europe;0;
East Indians;Martinique;MB;6900;14.612962;-61.082014;Tamil;Christianity;Caribbean;0;
Malay Chinese;Malaysia;MY;34000;2.977;101.7472;Chinese, Mandarin;Ethnoreligion;South-Eastern Asia;10;
Yakha;India;IN;7400;27.33146;88.61507;Yakkha;Hinduism;Southern Asia;0;
Durga Murga;India;IN;1200;15.4559;75.008611;Telugu;Hinduism;Southern Asia;0;
Lakhera;India;IN;218000;23.384677;76.558872;Malvi;Hinduism;Southern Asia;10;
Angarok;India;IN;6800;23.332078;86.365208;Bengali;Hinduism;Southern Asia;0;
Bandi;India;IN;5800;14.70923;74.780519;Telugu;Hinduism;Southern Asia;0;
Bhalla;India;IN;3800;24.228813;88.245722;Bengali;Hinduism;Southern Asia;0;
Khairwar (Bengali);India;IN;166000;22.784182;87.010038;Bengali;Hinduism;Southern Asia;0;
Nepalis;United States;US;106000;40.701849;-73.833809;Nepali;Hinduism;Northern America;10;
Sankara;India;IN;69000;22.346013;87.337782;Bengali;Hinduism;Southern Asia;10;
Baida;India;IN;800;23.332078;86.365208;Bengali;Hinduism;Southern Asia;0;
Siyalgar;India;IN;7500;21.839858;87.423203;Bengali;Hinduism;Southern Asia;0;
Western Baloch;Turkmenistan;TX;52000;37.427719;62.337371;Balochi, Western;Islam;Central Asia;0;
Nikari;India;IN;200000;22.332803;88.785091;Bengali;Islam;Southern Asia;10;
Crimean Tatars;Uzbekistan;UZ;204000;40.12217;65.50777;Crimean Tatar;Islam;Central Asia;0;
Merat;India;IN;406000;26.999292;74.241497;Mewari;Islam;Southern Asia;10;
Moroccan Arabs;Italy;IT;508000;41.928864;12.487104;Arabic, Moroccan;Islam;Southern Europe;10;
Hui;Taiwan;TW;60000;25.021078;121.468098;Chinese, Mandarin;Islam;Eastern Asia;10;
Alxa Mongols;China;CH;35500;39.207987;101.67522;Kalmyk-Oirat;Islam;Eastern Asia;0;
Beja;Egypt;EG;1245000;24.461195;32.945682;Bedawiyet;Islam;Northern Africa;10;
Batlukh-Gid Avar;Russian Federation;RS;50000;43.2171;46.8584;Avar;Islam;Eastern Europe;0;
Jama Mapun;Malaysia;MY;6500;5.861344;118.079946;Mapun;Islam;South-Eastern Asia;0;
Southern Baloch;Qatar;QA;57000;25.287411;51.469826;Balochi, Southern;Islam;Western Asia;0;
Amdang;Chad;CD;99500;14.696;21.0963;Amdang;Islam;Middle Africa;10;
Uzbeks;Turkmenistan;TX;584000;41.84451;59.96422;Uzbek, Northern;Islam;Central Asia;10;
Azerbaijani;Germany;GM;15000;52.575769;13.298027;Azerbaijani, North;Islam;Western Europe;10;
Fulfulde-Fulani;France;FR;33000;48.971036;2.295657;Fulfulde, Adamawa;Islam;Western Europe;0;
Shawiya;France;FR;196000;48.973541;2.632009;Tachawit;Islam;Western Europe;0;
Sindhi;United States;US;10000;34.078201;-118.310445;Sindhi;Islam;Northern America;10;
Urdu;Guyana;GY;4000;6.8198;-58.1324;Urdu;Islam;South America;10;
Syrian Arabs;Canada;CA;67000;43.6908;-79.6717;Arabic, Standard;Islam;Northern America;10;
Coastal Swahili;Kenya;KE;59000;-2.177429;40.823181;Swahili;Islam;Eastern Africa;10;
Crimean Tatars;Kyrgyzstan;KG;700;42.904685;74.605862;Crimean Tatar;Islam;Central Asia;0;
Hui;China;CH;11510000;37.097818;106.248134;Chinese, Mandarin;Islam;Eastern Asia;10;
North Sumatran Malay;Indonesia;ID;2700000;3.729656;98.672025;Malay;Islam;South-Eastern Asia;10;
Southern Baloch;Oman;MU;670000;23.6042;58.503758;Balochi, Southern;Islam;Western Asia;10;
Uzbeks;Türkiye;TU;618000;41.0611;28.922;Uzbek, Northern;Islam;Western Asia;10;
Kyrgyz;Tajikistan;TI;133000;39.245213;71.517645;Kyrgyz;Islam;Central Asia;10;
Dongxiang;China;CH;814000;35.58083;103.55807;Dongxiang;Islam;Eastern Asia;10;
Uzbeks;Tajikistan;TI;2500000;37.832;68.7778;Uzbek, Northern;Islam;Central Asia;10;
Southern Baloch;United Arab Emirates;AE;454000;24.2703;55.74138;Balochi, Southern;Islam;Western Asia;10;
Yoruk;Türkiye;TU;90000;41.2646;26.6866;Balkan Gagauz Turkish;Islam;Western Asia;10;
Dhofari Arabs;Oman;MU;140000;17.0543;54.4618;Arabic, Dhofari;Islam;Western Asia;10;
Southern Zaza;Türkiye;TU;1780000;38.889;40.492;Zazaki, Southern;Islam;Western Asia;10;
Syrian Arabs;Türkiye;TU;3840000;36.710833;38.947778;Arabic, Levantine;Islam;Western Asia;10;
Shawiya;Algeria;AG;2490000;35.18674;6.88901;Tachawit;Islam;Northern Africa;10;
Iraqis;Germany;GM;178000;52.539593;13.368876;Arabic, Mesopotamian;Islam;Western Europe;10;
Beja;Sudan;SU;3175000;15.4573;36.401;Bedawiyet;Islam;Northern Africa;10;
Algerian Arabs;France;FR;1705000;43.30485;5.38561;Arabic, Algerian;Islam;Western Europe;10;
Andalal-Qarak Avar;Russian Federation;RS;60000;41.756041;47.921054;Avar;Islam;Eastern Europe;10;
Avar;Russian Federation;RS;912000;42.42226;46.56284;Avar;Islam;Eastern Europe;10;
Antsukh Avar;Russian Federation;RS;50000;42.189167;46.339722;Avar;Islam;Eastern Europe;10;
Tajiks;Russian Federation;RS;1245000;55.618835;37.613197;Tajik;Islam;Eastern Europe;10;
Saudi Shia Arabs;Saudi Arabia;SA;2815000;26.3966;50.0409;Arabic, Gulf;Islam;Western Asia;10;
Sutradhar;India;IN;911000;22.431;87.3215;Bengali;Hinduism;Southern Asia;0;
Bengali Sufi Muslims;Bangladesh;BG;31680000;23.822068;90.372586;Bengali;Islam;Southern Asia;10;
Iraqi Shia Arabs;Iraq;IZ;19410000;30.497583;47.79737;Arabic, Mesopotamian;Islam;Western Asia;10;
Azerbaijani;Türkiye;TU;561000;39.9223;44.0405;Azerbaijani, South;Islam;Western Asia;10;
Swahili Arabs;Oman;MU;52000;23.6115;58.5876;Swahili;Islam;Western Asia;10;
Sirvi;India;IN;601000;26.8092;74.093249;Marwari (India);Hinduism;Southern Asia;10;
Wolof;Senegal;SG;6895000;14.725861;-17.472962;Wolof;Islam;Western Africa;10;
Kurmi (Bengali);India;IN;1480000;22.416623;87.323568;Bengali;Hinduism;Southern Asia;10;
Iranian Arabs;Iran;IR;1390000;31.311514;48.638705;Arabic, Mesopotamian;Islam;Southern Asia;10;
Peranakan;Malaysia;MY;5000;2.336717;102.261714;Malay;Ethnoreligion;South-Eastern Asia;75;
Han Chinese (English);Malaysia;MY;2395000;3.129405;101.766605;English;Ethnoreligion;South-Eastern Asia;75;
Han Chinese (Mandarin);Canada;CA;1055000;43.794;-79.238;Chinese, Mandarin;Ethnoreligion;Northern America;75;
Han Chinese (English);Singapore;SN;357000;1.324428;103.691223;English;Ethnoreligion;South-Eastern Asia;75;
Han Chinese;Saint Lucia;ST;175;14.012;-60.9847;Chinese, Mandarin;Ethnoreligion;Caribbean;75;
Han Chinese;Romania;RO;2200;44.417213;26.027035;Chinese, Mandarin;Unaffiliated;Eastern Europe;75;
Han Chinese;Dominica;DO;150;15.312;-61.386;Chinese, Mandarin;Ethnoreligion;Caribbean;75;
Han Chinese (Mandarin);Peru;PE;17000;-12.008228;-77.10355;Chinese, Mandarin;Ethnoreligion;South America;75;
Han Chinese;Denmark;DA;13000;55.676811;12.568333;Chinese, Mandarin;Unaffiliated;Northern Europe;75;
Lushai;Myanmar;BM;19500;23.2142;93.665;Mizo;Christianity;South-Eastern Asia;75;
Gurung;India;IN;147000;26.70394;88.427741;Nepali;Ethnoreligion;Southern Asia;75;
Yimchungru Naga;Myanmar;BM;5600;25.42932;94.74458;Naga, Yimchungru;Christianity;South-Eastern Asia;75;
Zou;United States;US;225;40.8257;-96.6851;Zo;Christianity;Northern America;75;
Persians;South Korea;KS;3500;37.5441;126.9802;Persian, Iranian;Islam;Eastern Asia;75;
Tangkhul Naga;United States;US;100;32.8781;-96.7556;Naga, Tangkhul (India);Christianity;Northern America;75;
Nepalis;Bhutan;BT;131000;27.443651657;89.6652142515;Nepali;Hinduism;Southern Asia;75;
Konyak Naga;Myanmar;BM;2200;26.496;95.1299;Naga, Konyak;Christianity;South-Eastern Asia;75;
Kela;India;IN;29000;20.454597;85.914827;Bengali;Islam;Southern Asia;75;
Persians;Greece;GR;2400;38.014049;23.71631;Persian, Iranian;Islam;Southern Europe;75;
Sino-Vietnamese;United States;US;4200;37.278381;-121.833206;Chinese, Mandarin;Buddhism;Northern America;75;
Assamese;Bhutan;BT;7300;26.881042;90.239869;Assamese;Hinduism;Southern Asia;75;
Anal;Myanmar;BM;50;24.216;94.311;Anal;Christianity;South-Eastern Asia;75;
Bhangi (Bengali);India;IN;699000;22.421375;87.321632;Bengali;Hinduism;Southern Asia;75;
Caribbean Hindi;French Guiana;FG;13500;4.936164;-52.319672;English;Christianity;South America;75;
Latvians;Latvia;LG;1080000;56.985624;24.116221;Latvian, Standard;Unaffiliated;Northern Europe;75;
Akha;Thailand;TH;57500;20.14444;99.67492;Akha;Ethnoreligion;South-Eastern Asia;75;
Lepcha;Bhutan;BT;2800;27.114501;89.143561;Lepcha;Ethnoreligion;Southern Asia;75;
Flowery/Southern Lisu;Thailand;TH;42000;19.43851;98.29428;Lisu;Ethnoreligion;South-Eastern Asia;75;
Sgaw Karen;Thailand;TH;204000;18.15512;97.92409;Karen, S’gaw;Ethnoreligion;South-Eastern Asia;75;
Western Nyanja;Zambia;ZA;835000;-13.6162;32.634;Chichewa;Christianity;Eastern Africa;75;
Red Karen;Thailand;TH;110000;19.3875;97.9508;Kayah, Eastern;Ethnoreligion;South-Eastern Asia;75;
Malayali;United States;US;165000;40.72591;-73.852389;Malayalam;Hinduism;Northern America;75;
Han Chinese;Netherlands;NL;30500;52.359545;4.933297;Chinese, Mandarin;Ethnoreligion;Western Europe;75;
Han Chinese;Austria;AU;14000;48.185473;16.404125;Chinese, Mandarin;Ethnoreligion;Western Europe;75;
Hmong Njua;French Guiana;FG;4900;4.905472;-52.31243;Hmong Njua;Christianity;South America;75;
Baori;India;IN;448000;29.10874;74.194575;Marwari (India);Hinduism;Southern Asia;75;
Shona;Zimbabwe;ZI;8600000;-17.807502;31.036037;Shona;Christianity;Eastern Africa;75;
Baiti;India;IN;27000;23.223237;88.266193;Bengali;Hinduism;Southern Asia;75;
Han Chinese (Mandarin);Singapore;SN;466000;1.324392;103.710863;Chinese, Mandarin;Ethnoreligion;South-Eastern Asia;75;
Persians;Armenia;AM;7900;40.181389;44.514444;Persian, Iranian;Islam;Western Asia;75;
Han Chinese (Mandarin);Taiwan;TW;4635000;25.043429;121.518387;Chinese, Mandarin;Ethnoreligion;Eastern Asia;75;
Soli;Zambia;ZA;159000;-15.3386;28.6704;Soli;Ethnoreligion;Eastern Africa;75;
Han Chinese (Min Nan);Singapore;SN;1780000;1.326407;103.789823;Chinese, Min Nan;Ethnoreligion;South-Eastern Asia;75;
Damai (Nepali);India;IN;66500;26.718057;88.452357;Nepali;Hinduism;Southern Asia;75;
Persians;Germany;GM;175000;52.482781;13.305604;Persian, Iranian;Islam;Western Europe;75;
Han Chinese;Nicaragua;NU;14500;12.1204;-86.2524;Chinese, Mandarin;Ethnoreligion;Central America;75;
Sarki;India;IN;18000;26.697092;88.411807;Nepali;Hinduism;Southern Asia;75;
Hmong Daw;France;FR;15000;48.837201;2.545473;Hmong Daw;Ethnoreligion;Western Europe;75;
Han Chinese (Mandarin);Malaysia;MY;1015000;3.070913;101.578511;Chinese, Mandarin;Ethnoreligion;South-Eastern Asia;75;
Ukrainians;Poland;PL;44500;49.80857;22.87076;Ukrainian;Christianity;Eastern Europe;75;
Hmong Daw;United States;US;203000;33.854995;-118.187967;Hmong Daw;Ethnoreligion;Northern America;75;
Tamil;Canada;CA;162000;43.821222;-79.337276;Tamil;Hinduism;Northern America;75;
Tase Naga;Myanmar;BM;60000;27.16457;96.4323;Naga, Tangshang;Christianity;South-Eastern Asia;75;
Persians;Canada;CA;201000;43.877233;-79.270596;Persian, Iranian;Islam;Northern America;75;
Han Chinese (Hakka);Suriname;NS;18000;5.789745;-55.175807;Chinese, Hakka;Ethnoreligion;South America;75;
Han Chinese;Spain;SP;170000;40.395852;-3.749309;Chinese, Mandarin;Ethnoreligion;Southern Europe;75;
Persians;Indonesia;ID;8000;-6.169045;106.833312;Persian, Iranian;Islam;South-Eastern Asia;75;
Mahafaly;Madagascar;MA;474000;-24.219511;45.314443;Malagasy, Tandroy-Mahafaly;Ethnoreligion;Eastern Africa;75;
Indo-Caribbean;French Guiana;FG;12500;5.491694;-54.027351;Sranan Tongo;Hinduism;South America;75;
Persians;Türkiye;TU;130000;40.9934;28.8491;Persian, Iranian;Islam;Western Asia;75;
Sherpa;Bhutan;BT;3700;27.447127;89.672882;Sherpa;Buddhism;Southern Asia;75;
Hmong Njua;United States;US;123000;44.888116;-93.288103;Hmong Njua;Ethnoreligion;Northern America;75;
Scots;United Kingdom;UK;5430000;55.871815;-4.23829;English;Unaffiliated;Northern Europe;75;
Miyako-Irabu;Japan;JA;65500;24.804539;125.285358;Japanese;Ethnoreligion;Eastern Asia;75;
Doai;India;IN;21500;22.361149;88.435377;Bengali;Hinduism;Southern Asia;75;
Kotal;India;IN;42500;23.566831;87.304205;Bengali;Hinduism;Southern Asia;75;
Jingar;India;IN;80500;26.28384;73.021378;Marwari (India);Hinduism;Southern Asia;75;
Norwegians;Norway;NO;5505000;61.112;8.886;Norwegian;Unaffiliated;Northern Europe;75;
Finns;Finland;FI;4975000;64.22287;26.33121;Finnish;Unaffiliated;Northern Europe;75;
Zulu;South Africa;SF;14320000;-29.595063;30.387135;Zulu;Christianity;Southern Africa;75;
Kora;India;IN;277000;23.337191;86.363741;Bengali;Ethnoreligion;Southern Asia;75;
Swedish;Sweden;SW;8710000;59.296291;18.045218;Swedish;Unaffiliated;Northern Europe;75;
Kalu;India;IN;385000;22.5708;88.679;Bengali;Hinduism;Southern Asia;10;
Behera;India;IN;3800;22.50906;88.321182;Bengali;Hinduism;Southern Asia;10;
Mayra;India;IN;206000;23.473401;87.976514;Bengali;Hinduism;Southern Asia;10;
Karmakar;India;IN;32500;22.5726;88.3639;Bengali;Hinduism;Southern Asia;10;
Bhat (Bengali);India;IN;49500;23.332078;86.365208;Bengali;Hinduism;Southern Asia;10;
Lohar (Bengali);India;IN;460000;23.075669;87.310376;Bengali;Hinduism;Southern Asia;10;
Dom (Bengali);India;IN;448000;23.721117;86.877845;Bengali;Hinduism;Southern Asia;10;
Yadava (Bengali);India;IN;5085000;22.378987;87.365547;Bengali;Hinduism;Southern Asia;10;
Teli (Bengali);India;IN;2115000;22.338555;87.336359;Bengali;Hinduism;Southern Asia;10;
Kamar;India;IN;1430000;22.415461;87.266795;Bengali;Hinduism;Southern Asia;10;
Munda (Bengali);India;IN;366000;22.589019;88.462273;Bengali;Hinduism;Southern Asia;10;
Kahar (Bengali);India;IN;491000;22.595769;88.263639;Bengali;Hinduism;Southern Asia;10;
Kumhar;India;IN;6080000;22.1755;87.5976;Bengali;Hinduism;Southern Asia;10;
Nai (Bengali);India;IN;1145000;22.569307;87.271205;Bengali;Hinduism;Southern Asia;10;
Sadgop;India;IN;2880000;23.389604;87.910847;Bengali;Hinduism;Southern Asia;10;
Tanti;India;IN;5865000;22.5726;88.3639;Bengali;Hinduism;Southern Asia;10;
Konai;India;IN;160000;24.049936;87.702077;Bengali;Hinduism;Southern Asia;10;
Jhalo Malo;India;IN;547000;23.691182;88.380204;Bengali;Hinduism;Southern Asia;10;
Chain;India;IN;518000;24.605167;88.004689;Bengali;Hinduism;Southern Asia;10;
Mahishya;India;IN;15770000;22.805533;88.474332;Bengali;Hinduism;Southern Asia;10;
Kapali;India;IN;385000;22.478572;88.826639;Bengali;Hinduism;Southern Asia;10;
Mali (Bengali);India;IN;395000;22.420871;87.326088;Bengali;Hinduism;Southern Asia;10;
Bairagi (Bengali);India;IN;1405000;22.18054;87.485547;Bengali;Hinduism;Southern Asia;10;
Sunri;India;IN;970000;23.409379;87.188318;Bengali;Hinduism;Southern Asia;10;
Baidya;India;IN;636000;22.507905;88.360446;Bengali;Hinduism;Southern Asia;10;
Aguri;India;IN;542000;23.107051;87.416413;Bengali;Hinduism;Southern Asia;10;
Jogi;India;IN;2685000;22.4853;88.3206;Bengali;Hinduism;Southern Asia;10;
Gandhabanik;India;IN;1860000;22.88482;88.078053;Bengali;Hinduism;Southern Asia;10;
Keora;India;IN;387000;22.414444;88.58661;Bengali;Hinduism;Southern Asia;10;
Chasadhobi;India;IN;152000;24.062932;88.281445;Bengali;Hinduism;Southern Asia;10;
Tiyar;India;IN;576000;22.334168;87.902579;Bengali;Hinduism;Southern Asia;10;
Namasudra;India;IN;4740000;22.940975;88.401826;Bengali;Hinduism;Southern Asia;10;
Kunui;India;IN;900;24.228955;88.246094;Bengali;Hinduism;Southern Asia;10;
Pod;India;IN;3355000;22.50777;88.533095;Bengali;Ethnoreligion;Southern Asia;10;
Bauri;India;IN;2485000;23.413645;88.332128;Bengali;Hinduism;Southern Asia;10;
Brahmin (Bengali);India;IN;3665000;23.570684;87.297187;Bengali;Hinduism;Southern Asia;10;
Rajbanshi;India;IN;5090000;22.452535;88.400218;Bengali;Hinduism;Southern Asia;10;
Bagdi;India;IN;3975000;23.125927;88.193999;Bengali;Hinduism;Southern Asia;10;
Bhuimali;India;IN;207000;23.403468;88.486202;Bengali;Hinduism;Southern Asia;10;
Bhakta;India;IN;2700;23.164544;87.062425;Bengali;Hinduism;Southern Asia;0;
Karenga;India;IN;51500;22.421033;87.32341;Bengali;Hinduism;Southern Asia;10;
Chasot;India;IN;626000;23.137518;88.538108;Bengali;Hinduism;Southern Asia;10;
Bengali Sunni Muslims;Bangladesh;BG;91700000;23.73122;90.409818;Bengali;Islam;Southern Asia;10;
Sayyid (Bengali);India;IN;527000;21.788685;87.752578;Bengali;Islam;Southern Asia;10;
Mirshikar;India;IN;9900;22.300575;87.418299;Bengali;Islam;Southern Asia;0;
Bengali Shia Muslims;Bangladesh;BG;69000;23.809152;90.3487;Bengali;Islam;Southern Asia;10;
Moroccan Arabs;Netherlands;NL;409000;52.378682;4.896695;Arabic, Moroccan;Islam;Western Europe;10;
Moroccan Arabs;Belgium;BE;231000;51.22954;4.462891;Arabic, Moroccan;Islam;Western Europe;10;
Southern Sama;Malaysia;MY;500000;6.083088;116.18469;Sama, Southern;Islam;South-Eastern Asia;10;
Uyghurs;Türkiye;TU;47000;41.090883;29.008151;Uyghur;Islam;Western Asia;10;
Iraqi Sunni Arabs;Iraq;IZ;10340000;33.428694;43.301464;Arabic, Mesopotamian;Islam;Western Asia;10;
Arabs;Kenya;KE;56000;-2.102354;41.063912;Swahili;Islam;Eastern Africa;10;
Karachay;Russian Federation;RS;218000;43.768558;41.913185;Karachay-Balkar;Islam;Eastern Europe;10;
Salar;China;CH;170000;35.7755;102.7661;Salar;Islam;Eastern Asia;10;
Tunisian Arabs;France;FR;459000;43.369001;5.356106;Arabic, Tunisian;Islam;Western Europe;10;
Nogai;Russian Federation;RS;104000;44.1697;45.8656;Nogai;Islam;Eastern Europe;10;
Negev Bedouins;Israel;IS;130000;31.0701;35.0372;Arabic, Eastern Egyptian Bedawi;Islam;Western Asia;0;
Turks;Bulgaria;BU;508000;41.72955;25.74217;Turkish;Islam;Eastern Europe;10;
Western Baloch;Afghanistan;AF;567000;30.9584;61.8657;Balochi, Western;Islam;Southern Asia;10;
Kumyk;Russian Federation;RS;503000;42.974993;47.426111;Kumyk;Islam;Eastern Europe;10;
Moroccan Arabs;France;FR;852000;48.875748;2.191908;Arabic, Moroccan;Islam;Western Europe;10;
Uzbeks;Kyrgyzstan;KG;1015000;40.935603;72.985681;Uzbek, Northern;Islam;Central Asia;10;
Brahui;Iran;IR;24000;27.2026;60.6856;Brahui;Islam;Southern Asia;10;
Southern Baloch;Saudi Arabia;SA;13500;24.652793;46.686346;Balochi, Southern;Islam;Western Asia;0;
Urdu;Canada;CA;220000;43.6609;-79.3739;Urdu;Islam;Northern America;10;
Parya;Tajikistan;TI;3000;38.512245;68.628298;Parya;Islam;Central Asia;10;
Turks;Denmark;DA;107000;55.671412;12.536884;Turkish;Islam;Northern Europe;10;
Uyghurs;China;CH;9610000;39.46343;75.990751;Uyghur;Islam;Eastern Asia;10;
Turks;Romania;RO;56500;44.020371;27.830144;Turkish;Islam;Eastern Europe;10;
Turks;Netherlands;NL;759000;51.930123;4.489032;Turkish;Islam;Western Europe;10;
Digo;Tanzania;TZ;268000;-5.080258;39.087007;Chidigo;Islam;Eastern Africa;10;
Malays;Singapore;SN;742000;1.348671;103.874957;Malay;Islam;South-Eastern Asia;10;
Kazakh;China;CH;1400000;43.429761;83.270891;Kazakh;Islam;Eastern Asia;10;
Afar;Djibouti;DJ;359000;11.504;42.103;Afar;Islam;Eastern Africa;10;
Kyrgyz;Türkiye;TU;1800;41.060897;28.86841;Kyrgyz;Islam;Western Asia;10;
Kazakh;Türkiye;TU;9400;41.0631;29.0217;Kazakh;Islam;Western Asia;10;
Pakistani;United States;US;666000;40.75396;-73.8783;Urdu;Islam;Northern America;10;
Tajiki Arabs;Tajikistan;TI;1700;37.345832;68.128981;Arabic, Tajiki;Islam;Central Asia;10;
Syrian Arabs;Netherlands;NL;93500;52.371;4.865;Arabic, Levantine;Islam;Western Europe;10;
Chadian Arabs;Chad;CD;1960000;12.125852;15.086509;Arabic, Chadian;Islam;Middle Africa;10;
Syrian Arabs;Lebanon;LE;494000;33.890196;35.492453;Arabic, Standard;Islam;Western Asia;10;
Egyptian Arabs;Italy;IT;130000;41.875219;12.535502;Arabic, Egyptian;Islam;Southern Europe;10;
Syrian Arabs;Greece;GR;75500;37.9509;23.6489;Arabic, Levantine;Islam;Southern Europe;10;
Palestinian Arabs;Israel;IS;1790000;32.69913;35.301795;Arabic, Levantine;Islam;Western Asia;10;
Iraqi Arabs;Netherlands;NL;63000;52.3731;4.8921;Arabic, Levantine;Islam;Western Europe;10;
Arabs;Brazil;BR;487000;-23.610646;-46.719511;Arabic, Standard;Islam;South America;10;
East Indian Muslims;Suriname;NS;32500;5.8036;-55.176;Sranan Tongo;Islam;South America;10;
Yagnobi;Tajikistan;TI;20000;39.179506;69.212514;Yagnobi;Islam;Central Asia;10;
Somalis;United Kingdom;UK;141000;51.517934;0.019715;Somali;Islam;Northern Europe;10;
Melayu Pontianak;Indonesia;ID;326000;-0.025449;109.329077;Malay;Islam;South-Eastern Asia;10;
Uzbeks;Kazakhstan;KZ;573000;41.464488;69.153327;Uzbek, Northern;Islam;Central Asia;10;
Malayali;Canada;CA;31500;43.564;-79.6533;Malayalam;Islam;Northern America;10;
Southern Baloch;United States;US;325;40.724529;-73.807053;Balochi, Southern;Islam;Northern America;0;
Turks;Belgium;BE;83000;50.873736;4.400497;Turkish;Islam;Western Europe;10;
Crimean Tatars;Ukraine;UP;233000;45.96285;33.78712;Crimean Tatar;Islam;Eastern Europe;10;
Sindhi;Canada;CA;13000;43.6975;-79.5124;Sindhi;Islam;Northern America;10;
Dogri;Pakistan;PK;1450000;32.509855;74.537972;Dogri;Islam;Southern Asia;10;
Kabyle;France;FR;721000;43.342028;5.442739;Kabyle;Islam;Western Europe;10;
Crimean Tatars;Türkiye;TU;115000;39.7885;30.5035;Turkish;Islam;Western Asia;10;
Tajiks;Tajikistan;TI;7285000;38.5605;68.7626;Tajik;Islam;Central Asia;10;
East Indian Muslims;Trinidad and Tobago;TD;79500;10.628996;-61.287903;Trinidadian English Creole;Islam;Caribbean;10;
Kannada;Canada;CA;4400;43.798;-79.3698;Kannada;Hinduism;Northern America;10;
Gujaratis;Canada;CA;115000;43.655855;-79.428931;Gujarati;Hinduism;Northern America;10;
Gujaratis;United States;US;464000;40.687658;-73.973333;Gujarati;Hinduism;Northern America;10;
Marathi;Canada;CA;9200;43.7694;-79.2826;Marathi;Hinduism;Northern America;10;
Munda;United States;US;2800;37.387202;-121.900047;Munda;Hinduism;Northern America;10;
Konkani;Canada;CA;3700;43.588131;-79.641619;Konkani;Hinduism;Northern America;10;
South Azeri;Canada;CA;2700;43.767756;-79.47395;Azerbaijani, South;Islam;Northern America;10;
Nepalis;Canada;CA;21500;43.6628;-79.3747;Nepali;Hinduism;Northern America;10;
Kannada;United States;US;55000;29.77;-95.3746;Kannada;Hinduism;Northern America;10;
Bhutanese;United States;US;55500;33.8681;-84.1118;Nepali;Hinduism;Northern America;10;
Hindi;United States;US;909000;40.719584;-73.905002;Hindi;Hinduism;Northern America;10;
Bhutanese;Canada;CA;4800;45.555;-73.7081;Nepali;Hinduism;Northern America;10;
East Indians;Trinidad and Tobago;TD;132000;10.705003;-61.553744;Trinidadian English Creole;Christianity;Caribbean;10;
Hmong Njua;Thailand;TH;190000;19.50173;100.47043;Hmong Njua;Ethnoreligion;South-Eastern Asia;10;
Han Chinese (Teochew);Singapore;SN;578000;1.316605;103.725706;Chinese, Min Nan;Ethnoreligion;South-Eastern Asia;10;
Buryat;Mongolia;MG;58500;49.7795;107.5127;Buriat, Mongolia;Ethnoreligion;Eastern Asia;10;
Shengzha Nosu;China;CH;1735000;28.296009;102.252624;Nuosu;Ethnoreligion;Eastern Asia;10;
Limi;China;CH;45500;24.385429;99.66979;Lalo, Central;Ethnoreligion;Eastern Asia;10;
Han Chinese (Hakka);Singapore;SN;160000;1.311842;103.688905;Chinese, Hakka;Ethnoreligion;South-Eastern Asia;10;
Ewenki;China;CH;29000;49.715;119.832;Evenki;Ethnoreligion;Eastern Asia;10;
Han Chinese (Teochew);Malaysia;MY;634000;1.4694;103.900445;Chinese, Min Nan;Ethnoreligion;South-Eastern Asia;10;
Oroqen;China;CH;9400;50.63193;125.01685;Daur;Ethnoreligion;Eastern Asia;10;
Han Chinese (Hakka);Taiwan;TW;4695000;24.57756;120.90605;Chinese, Hakka;Ethnoreligion;Eastern Asia;10;
Han Chinese (Hakka);Malaysia;MY;396000;2.82012;101.797431;Chinese, Hakka;Ethnoreligion;South-Eastern Asia;10;
Daur;China;CH;125000;48.8556;124.0901;Daur;Ethnoreligion;Eastern Asia;10;
Tai Lu;Laos;LA;205000;20.36149;100.61487;Lü;Ethnoreligion;South-Eastern Asia;10;
Katu;Laos;LA;30000;15.552;107.2288;Katu, Eastern;Ethnoreligion;South-Eastern Asia;10;
Naxi;China;CH;341000;26.91082;100.077238;Naxi;Ethnoreligion;Eastern Asia;10;
Yaeyama;Japan;JA;46000;24.34006;123.80106;Yaeyama;Ethnoreligion;Eastern Asia;10;
Khiamngan Naga;Myanmar;BM;2300;26.19654;95.27432;Naga, Khiamniungan;Ethnoreligion;South-Eastern Asia;10;
Tai Nua;China;CH;201000;23.9287;100.6501;Tai Nüa;Ethnoreligion;Eastern Asia;10;
Tangkhul Naga;Myanmar;BM;17000;24.898541;94.886675;Naga, Tangkhul (India);Ethnoreligion;South-Eastern Asia;10;
Kui;Laos;LA;46500;15.3345;105.9726;Kuay;Ethnoreligion;South-Eastern Asia;10;
Tai Long;Myanmar;BM;4755000;21.58197;98.13633;Shan;Buddhism;South-Eastern Asia;10;
Kyerung;Nepal;NP;6500;28.21382;85.38778;Kyerung;Buddhism;Southern Asia;10;
Nepali (Gorkha);Myanmar;BM;418000;25.37915;97.388069;Nepali;Hinduism;South-Eastern Asia;10;
Taungyo;Myanmar;BM;100000;20.41039;96.74008;Taungyo;Buddhism;South-Eastern Asia;10;
Intha;Myanmar;BM;150000;20.39204;96.93882;Intha;Buddhism;South-Eastern Asia;10;
Bikol Agta;Philippines;RP;474000;13.413112;123.453893;Bikol, Rinconada;Christianity;South-Eastern Asia;10;
Masbateno;Philippines;RP;1080000;12.21453;123.63579;Masbatenyo;Christianity;South-Eastern Asia;10;
Koreans;Japan;JA;798000;34.491669;135.550061;Korean;Unaffiliated;Eastern Asia;10;
Rumai Palaung;Myanmar;BM;218000;23.096623;96.629325;Palaung, Rumai;Buddhism;South-Eastern Asia;10;
Phuan;Laos;LA;172000;19.56112;103.29542;Phuan;Buddhism;South-Eastern Asia;10;
Wa;Myanmar;BM;1000000;23.58436;98.6316;Wa, Parauk;Buddhism;South-Eastern Asia;10;
Silver Palaung;Myanmar;BM;272000;20.66769;96.50917;Palaung, Ruching;Buddhism;South-Eastern Asia;10;
Zangskar;Pakistan;PK;9700;33.505058;73.900811;Zangskari;Buddhism;Southern Asia;10;
Mongols;China;CH;5680000;40.7961;111.6531;Mongolian, Peripheral;Buddhism;Eastern Asia;10;
Hindi;Bhutan;BT;17000;26.862636;89.37904;Hindi;Hinduism;Southern Asia;10;
Khas;India;IN;73500;27.222671;88.494139;Nepali;Hinduism;Southern Asia;10;
Thakuri;India;IN;31000;26.1693;90.218;Nepali;Hinduism;Southern Asia;10;
Eastern Tamang;Bhutan;BT;5000;26.937;89.042;Tamang, Eastern;Buddhism;Southern Asia;10;
Kirati Rai;Bhutan;BT;18500;26.866076;89.385011;Limbu;Other;Southern Asia;10;
Drukpa;India;IN;261000;26.7013;88.3149;Dzongkha;Buddhism;Southern Asia;10;
Magar;India;IN;346000;26.70588;88.423634;Magar, Eastern;Hinduism;Southern Asia;10;
Gurung;Bhutan;BT;9400;26.990179;88.913323;Gurung;Ethnoreligion;Southern Asia;10;
Eastern Magar;Bhutan;BT;9000;26.880309;90.260742;Magar, Eastern;Ethnoreligion;Southern Asia;10;
Russian Jews;Israel;IS;1140000;31.965997;34.810843;Russian;Judaism;Western Asia;10;
Sanglech-Ishkashimi;Tajikistan;TI;1900;36.681024;71.745764;Ishkashimi;Islam;Central Asia;10;
Shughni;Tajikistan;TI;147000;37.495331;71.559641;Shughni;Islam;Central Asia;10;
Talysh;Azerbaijan;AJ;134000;38.7389;48.59481;Talysh;Islam;Western Asia;10;
Azerbaijani;Azerbaijan;AJ;9590000;40.2128;47.68707;Azerbaijani, North;Islam;Western Asia;10;
Azerbaijani;Georgia;GG;260000;41.458214;44.820261;Azerbaijani, North;Islam;Western Asia;10;
Sindhi (Hindi);India;IN;443000;23.33785;75.03538;Hindi;Hinduism;Southern Asia;10;
Wakhi;Tajikistan;TI;17000;37.40446;72.970342;Wakhi;Islam;Central Asia;10;
Druze;Israel;IS;161000;32.922881;35.29801;Arabic, Levantine;Other;Western Asia;10;
Persians;Azerbaijan;AJ;1400;40.406738;49.948119;Persian, Iranian;Islam;Western Asia;10;
Bara;Madagascar;MA;1030000;-23.261348;46.095976;Malagasy, Bara;Ethnoreligion;Eastern Africa;10;
Sala;Zambia;ZA;58500;-15.5074;27.9253;Sala;Ethnoreligion;Eastern Africa;10;
Zambezi Tonga;Zambia;ZA;2065000;-15.397317;28.296882;Tonga (Zambia);Ethnoreligion;Eastern Africa;10;
Makonde;Mozambique;MZ;688000;-11.68292;39.41332;Makonde;Ethnoreligion;Eastern Africa;10;
Konyagi;Senegal;SG;29500;12.65234;-13.09264;Wamey;Ethnoreligion;Western Africa;10;
Bemba;Zambia;ZA;4590000;-10.204298;31.186639;Bemba;Ethnoreligion;Eastern Africa;10;
Manyika;Mozambique;MZ;285000;-17.9973;33.11295;Manyika;Ethnoreligion;Eastern Africa;10;
Balanta-Ganja;Senegal;SG;127000;12.504186;-15.86293;Balanta-Ganja;Ethnoreligion;Western Africa;10;
Sihanaka;Madagascar;MA;709000;-17.075149;48.421859;Malagasy, Merina;Ethnoreligion;Eastern Africa;10;
Bainouk;Senegal;SG;41000;12.5502;-16.2989;Bainouk-Gunyaamolo;Ethnoreligion;Western Africa;10;
Han Chinese (Hakka);Jamaica;JM;5900;18.002018;-76.7987;Chinese, Hakka;Ethnoreligion;Caribbean;10;
Tanala;Madagascar;MA;1245000;-21.871664;47.444577;Malagasy, Merina;Ethnoreligion;Eastern Africa;10;
Mankanya;Senegal;SG;49500;12.54318;-16.0806;Mankanya;Ethnoreligion;Western Africa;10;
Eritreans;Italy;IT;25000;41.1179;16.8776;Tigrigna;Christianity;Southern Europe;10;
Plateau Tonga;Zambia;ZA;945000;-16.277642;27.474691;Tonga (Zambia);Christianity;Eastern Africa;10;
East Indians;Jamaica;JM;25500;17.983333;-76.8;Hindi;Christianity;Caribbean;10;
Irish;Ireland;EI;5015000;53.355451;-6.262555;English;Christianity;Northern Europe;10;
Tuvinian;Russian Federation;RS;268000;50.9972;95.1722;Tuvan;Christianity;Eastern Europe;10;
Tigrai/Tigrinya;Ethiopia;ET;8010000;14.125218;38.71418;Tigrigna;Christianity;Eastern Africa;10;
Moldovans;Moldova;MD;2395000;47.028564;28.823014;Romanian;Christianity;Eastern Europe;10;
Ukrainians;Ukraine;UP;34420000;50.461574;30.443781;Ukrainian;Christianity;Eastern Europe;10;
Croats;Bosnia and Herzegovina;BK;505000;43.826;17.003;Croatian;Christianity;Southern Europe;10;
Koreans;Russian Federation;RS;181000;48.741992;44.501463;Russian;Unaffiliated;Eastern Europe;10;
Buryat;Russian Federation;RS;461000;51.8274;107.6455;Buriat, Russia;Buddhism;Eastern Europe;10;
Hindi;Panama;PM;16000;9.065947;-79.425207;Hindi;Hinduism;Central America;10;
Khasonke;Senegal;SG;15500;13.58;-13.7831;Xaasongaxango;Islam;Western Africa;10;
Punjabis;United States;US;605000;38.254819;-122.037966;Punjabi, Eastern;Sikhism;Northern America;10;
Hindi;Canada;CA;287000;43.684493;-79.49194;Hindi;Hinduism;Northern America;10;
Sinhalese;Canada;CA;18000;43.7751;-79.2539;Sinhala;Buddhism;Northern America;10;
Antankarana;Madagascar;MA;568000;-12.314707;49.289011;Malagasy, Antankarana;Islam;Eastern Africa;10;
Fula Toro;Senegal;SG;2195000;14.8684;-15.887;Pulaar;Islam;Western Africa;10;
Sunuwar;India;IN;38000;27.066771;88.464167;Sunwar;Hinduism;Southern Asia;0;
Tibetans;Bhutan;BT;5800;27.5622;89.5624;Tibetan, Central;Buddhism;Southern Asia;0;
Bhujel;India;IN;19000;27.0455;88.4661;Nepali;Hinduism;Southern Asia;0;
Tuvinians;Mongolia;MG;6700;50.27611;92.24569;Tuvan;Buddhism;Eastern Asia;0;
Kyrgyz;China;CH;195000;38.01774;76.0963;Kyrgyz;Islam;Eastern Asia;0;
Assyrians;Iraq;IZ;204000;37.09724;43.50269;Assyrian Neo-Aramaic;Christianity;Western Asia;0;
Buryat;China;CH;170000;48.75926;117.7863;Buriat, China;Ethnoreligion;Eastern Asia;0;
Akha;Laos;LA;113000;21.329851;102.163259;Akha;Ethnoreligion;South-Eastern Asia;0;
Azerbaijani;Netherlands;NL;7500;52.280307;4.803636;Azerbaijani, North;Islam;Western Europe;0;
San Diu;Vietnam;VM;146000;22.372952;104.072758;Iu Mien;Ethnoreligion;South-Eastern Asia;10;
Limbu;India;IN;240000;26.876;88.288;Limbu;Hinduism;Southern Asia;10;
Georgians;Georgia;GG;3220000;41.716291;44.79127;Georgian;Christianity;Western Asia;10;
Brahmin (Nepali);India;IN;93500;27.338936;88.606504;Nepali;Hinduism;Southern Asia;10;
Kami (Nepali);India;IN;145000;26.699397;88.317852;Nepali;Hinduism;Southern Asia;10;
Sherpa;India;IN;63000;26.70967;88.428677;Sherpa;Buddhism;Southern Asia;10;
Southern Yemeni Arabs;Yemen;YM;11980000;13.758096;44.136128;Arabic, Ta’izzi-Adeni;Islam;Western Asia;10;
Persians;Malaysia;MY;20500;3.206669;101.672088;Persian, Iranian;Islam;South-Eastern Asia;10;
Muong;Vietnam;VM;1485000;20.73738;105.1856;Muong;Ethnoreligion;South-Eastern Asia;10;
Uyghurs;Kazakhstan;KZ;292000;43.27151;79.22958;Uyghur;Islam;Central Asia;10;
Eastern Magar;India;IN;167000;27.050383;88.268285;Magar, Eastern;Hinduism;Southern Asia;10;
Turkish Cypriots;Cyprus;CY;312000;35.197512;33.345333;Turkish;Islam;Western Asia;10;
Rai;India;IN;821000;26.694201;88.438444;Nepali;Ethnoreligion;Southern Asia;10;
Eastern Tamang;India;IN;283000;27.2913425947;88.2600498818;Sikkimese;Hinduism;Southern Asia;10;
Sindhi (Marwari);India;IN;133000;26.915749;70.908346;Marwari (India);Hinduism;Southern Asia;10;
Chattagrami;Bangladesh;BG;14620000;22.351699;91.820343;Chittagonian;Islam;Southern Asia;10;
Bishnoi;India;IN;438000;28.196345;73.189366;Marwari (India);Hinduism;Southern Asia;10;
Turks;Türkiye;TU;63880000;39.967604;32.830757;Turkish;Islam;Western Asia;10;
Iraqis;Greece;GR;17000;37.9696;23.6394;Arabic, Mesopotamian;Islam;Southern Europe;10;
Antemoro;Madagascar;MA;1100000;-20.226;47.905;Malagasy, Merina;Ethnoreligion;Eastern Africa;10;
Masikoro;Madagascar;MA;948000;-22.501585;43.64069;Malagasy, Masikoro;Ethnoreligion;Eastern Africa;10;
Turks;Germany;GM;2205000;51.488;7.043515;Turkish;Islam;Western Europe;10;
Lithuanians;Lithuania;LH;2315000;55.14291;23.96007;Lithuanian;Christianity;Northern Europe;10;
Syrian Arabs;Germany;GM;584000;52.520152;13.382494;Arabic, Levantine;Islam;Western Europe;10;
Croats;Croatia;HR;3625000;45.805378;15.972493;Croatian;Christianity;Southern Europe;10;
Antanosy;Madagascar;MA;792000;-23.181163;47.474096;Malagasy, Tanosy;Ethnoreligion;Eastern Africa;10;
Gujaratis;Zambia;ZA;36000;-15.439;28.273;Gujarati;Hinduism;Eastern Africa;10;
Assamese;Bangladesh;BG;14000;25.92115;89.75852;Assamese;Hinduism;Southern Asia;10;
Nagar;India;IN;156000;25.350134;87.938911;Angika;Hinduism;Southern Asia;10;
Bazigar;India;IN;516000;30.524501;75.883008;Punjabi, Eastern;Hinduism;Southern Asia;10;
Gujaratis;Uganda;UG;29500;0.282216;32.565377;Gujarati;Hinduism;Eastern Africa;0;
Gujaratis;Reunion;RE;23500;-20.8884;55.4984;Gujarati;Hinduism;Eastern Africa;10;
Balija;India;IN;2070000;13.148564;77.689437;Telugu;Hinduism;Southern Asia;10;
Bind;India;IN;1175000;25.582942;83.578322;Maithili;Hinduism;Southern Asia;10;
Marathi;Zimbabwe;ZI;6600;-17.803467;31.078257;Marathi;Hinduism;Eastern Africa;10;
Bhar;India;IN;2270000;25.825661;83.9607;Hindi;Hinduism;Southern Asia;10;
Rajbhar;India;IN;88500;22.597922;80.371386;Bhojpuri;Hinduism;Southern Asia;10;
Gujaratis;Kenya;KE;25000;-1.269836;36.803779;Gujarati;Hinduism;Eastern Africa;10;
Chadar;India;IN;144000;23.851942;78.741653;Bundeli;Hinduism;Southern Asia;10;
Gujaratis;Tanzania;TZ;507000;-6.8405;39.2414;Gujarati;Hinduism;Eastern Africa;10;
Tilli;India;IN;150000;25.24025;86.977727;Hindi;Hinduism;Southern Asia;0;
Biar;India;IN;447000;25.323721;82.774089;Bhojpuri;Hinduism;Southern Asia;10;
Karapotó;Brazil;BR;2100;-10.0227;-36.6238;Portuguese;Ethnoreligion;South America;10;
Kaimbe;Brazil;BR;1400;-10.428317;-38.783667;Portuguese;Ethnoreligion;South America;10;
Czechs;Czech Republic;EZ;9815000;50.0739;14.4716;Czech;Unaffiliated;Eastern Europe;10;
Sikhs;Kenya;KE;42000;-1.269836;36.803779;Punjabi, Eastern;Sikhism;Eastern Africa;10;
Tribal Bengali;Bangladesh;BG;654000;23.092132;92.235125;Bengali;Ethnoreligion;Southern Asia;10;
Embera, Dobida;Colombia;CO;24000;6.7779;-76.9242;Emberá, Northern;Ethnoreligion;South America;10;
Kantaruré;Brazil;BR;450;-9.1542;-38.381833;Portuguese;Ethnoreligion;South America;10;
Gaddi;India;IN;810000;28.499921;79.550931;Gaddi;Ethnoreligion;Southern Asia;10;
Acre Arara;Brazil;BR;375;-7.833333;-72.666667;Sharanahua;Ethnoreligion;South America;0;
Pankara;Brazil;BR;3000;-8.4344;-38.740167;Portuguese;Ethnoreligion;South America;0;
Wasu;Brazil;BR;2100;-9.059917;-35.726;Portuguese;Ethnoreligion;South America;10;
Koiupanka;Brazil;BR;1200;-9.215833;-37.756667;Portuguese;Ethnoreligion;South America;0;
Mallah;Nepal;NP;199000;26.454745;87.290001;Nepali;Hinduism;Southern Asia;0;
Baniya;Nepal;NP;217000;26.975892;85.34782;Nepali;Hinduism;Southern Asia;0;
Koiri;Nepal;NP;431000;26.9;85.916667;Nepali;Hinduism;Southern Asia;10;
Khatwe;Nepal;NP;128000;26.618647;86.739894;Nepali;Hinduism;Southern Asia;10;
Rajbhar;Nepal;NP;41500;27.433184;83.847381;Nepali;Hinduism;Southern Asia;0;
Lohar;Nepal;NP;141000;27.094406;84.880945;Nepali;Hinduism;Southern Asia;10;
Dusadh;Nepal;NP;271000;26.917971;85.387193;Nepali;Hinduism;Southern Asia;10;
Teli;Nepal;NP;521000;26.857169;85.707815;Nepali;Hinduism;Southern Asia;10;
Dhobi;Nepal;NP;126000;27.007084;84.995788;Nepali;Hinduism;Southern Asia;0;
Kanu;Nepal;NP;164000;26.991058;85.052564;Nepali;Hinduism;Southern Asia;0;
Halkhor;Nepal;NP;6200;27.025973;84.910601;Nepali;Hinduism;Southern Asia;0;
Mali;Nepal;NP;19500;27.019463;84.87856;Nepali;Hinduism;Southern Asia;0;
Kumhar;Nepal;NP;93000;26.881029;85.43026;Nepali;Hinduism;Southern Asia;10;
Kalwar;Nepal;NP;198000;26.945141;85.297567;Nepali;Hinduism;Southern Asia;10;
Kayastha;Nepal;NP;79000;26.480373;87.275488;Nepali;Hinduism;Southern Asia;0;
Sonar;Nepal;NP;248000;26.900351;85.48194;Nepali;Hinduism;Southern Asia;10;
Kamar;Nepal;NP;15000;27.752408;85.015624;Nepali;Hinduism;Southern Asia;0;
Nanbai;India;IN;15000;26.846511;80.946683;Urdu;Islam;Southern Asia;10;
Thakurai;India;IN;11500;27.1073;84.4716;Urdu;Islam;Southern Asia;0;
Meo;India;IN;1200000;27.576422;76.624425;Urdu;Islam;Southern Asia;10;
Ansari-Momin;India;IN;299000;29.307323;78.500173;Urdu;Islam;Southern Asia;10;
Qassab;India;IN;2625000;29.469716;77.322626;Urdu;Islam;Southern Asia;10;
Arain (Urdu);India;IN;120000;30.238602;77.091865;Urdu;Islam;Southern Asia;10;
Bisati;India;IN;8700;26.846511;80.946683;Urdu;Islam;Southern Asia;0;
Mawalud;India;IN;1540000;18.428561;77.982882;Urdu;Islam;Southern Asia;10;
Bhand  (Urdu);India;IN;36500;27.394647;80.129933;Urdu;Islam;Southern Asia;10;
Turuk Pasi;India;IN;9300;25.21015;84.99248;Urdu;Islam;Southern Asia;0;
Muslim Nat;India;IN;253000;25.709095;83.534836;Urdu;Islam;Southern Asia;10;
Bhisti;India;IN;684000;28.055033;77.837748;Urdu;Islam;Southern Asia;10;
Dharhi;India;IN;76000;27.55;80.2833;Urdu;Islam;Southern Asia;10;
Madari;India;IN;421000;26.208347;87.756819;Urdu;Islam;Southern Asia;10;
Faqir;India;IN;112000;29.580368;77.03546;Urdu;Islam;Southern Asia;10;
Mirasi;India;IN;133000;30.927705;74.72972;Urdu;Islam;Southern Asia;10;
Oriya;Myanmar;BM;154000;16.8203;96.1384;Odia;Hinduism;South-Eastern Asia;10;
Hindu Bengali;Bangladesh;BG;15320000;24.909972;91.866175;Bengali;Hinduism;Southern Asia;10;
Bairwa;India;IN;1370000;26.583612;75.656023;Marwari (India);Hinduism;Southern Asia;10;
Malayali;Myanmar;BM;31000;16.78696;96.144083;Malayalam;Hinduism;South-Eastern Asia;10;
Gujaratis;Myanmar;BM;47000;16.845624;96.182545;Gujarati;Hinduism;South-Eastern Asia;10;
Meena;India;IN;5670000;25.977295;75.925505;Marwari (India);Hinduism;Southern Asia;10;
Eastern Punjabi;Myanmar;BM;78000;16.867095;96.126759;Punjabi, Eastern;Hinduism;South-Eastern Asia;0;
Lingader;India;IN;175000;19.172113;77.313633;Telugu;Hinduism;Southern Asia;10;
Tamil;Myanmar;BM;292000;16.829568;96.153822;Tamil;Hinduism;South-Eastern Asia;10;
Rajbansi;Bangladesh;BG;17000;25.138494;89.056153;Rangpuri;Hinduism;Southern Asia;10;
Ho;Bangladesh;BG;2400;24.906656;91.848349;Ho;Ethnoreligion;Southern Asia;10;
Anglo-Bengalis;Bangladesh;BG;16500;23.830391;90.366725;Bengali;Christianity;Southern Asia;10;
Chak;Bangladesh;BG;6400;21.411799;92.204448;Chak;Ethnoreligion;Southern Asia;10;
Hajjam;India;IN;2270000;27.865971;81.509202;Awadhi;Islam;Southern Asia;10;
Bhatiara;India;IN;183000;27.968701;79.180006;Awadhi;Islam;Southern Asia;10;
Chakmas;Bangladesh;BG;484000;22.5018;92.0594;Chakma;Buddhism;Southern Asia;10;
Byangsi;Nepal;NP;2700;29.830702;81.886823;Byangsi;Buddhism;Southern Asia;0;
Bengali Muslims (Sylhetti);Bangladesh;BG;7440000;24.889749;91.869818;Sylheti;Islam;Southern Asia;10;
Mahimal;Bangladesh;BG;177000;24.897778;91.871389;Sylheti;Islam;Southern Asia;10;
Baltistani Bhotia;India;IN;149000;33.91504;76.340637;Balti;Islam;Southern Asia;10;
Baghban;India;IN;627000;29.212254;78.954272;Punjabi, Eastern;Islam;Southern Asia;10;
Rakkain;Bangladesh;BG;34000;21.439464;92.007732;Rakhine;Buddhism;Southern Asia;10;
Maswanka;Gambia;GA;2700;13.4005;-16.6588;Mansoanka;Islam;Western Africa;10;
Gujaratis;Malawi;MI;64500;-13.999701;33.793609;Gujarati;Islam;Eastern Africa;10;
Mura;Brazil;BR;15500;-3.592;-59.129;Portuguese;Christianity;South America;10;
Bambara;Senegal;SG;100000;13.983;-16.267;Bamanankan;Islam;Western Africa;0;
Central Aymara;Peru;PE;443000;-16.33639;-69.75485;Aymara, Central;Christianity;South America;10;
Katokinn;Brazil;BR;1200;-9.254527;-38.004854;Portuguese;Ethnoreligion;South America;0;
Marma;Bangladesh;BG;274000;22.497154;92.198894;Marma;Buddhism;Southern Asia;75;
Riang;Bangladesh;BG;700;23.537913;92.287363;Riang;Christianity;Southern Asia;75;
Tripuri;Bangladesh;BG;142000;23.314267;91.249521;Kok Borok;Hinduism;Southern Asia;75;
Pangkhu;Bangladesh;BG;5400;22.45696;92.5163;Pangkhua;Christianity;Southern Asia;75;
Koch;Bangladesh;BG;7000;25.41026;89.8129;Koch;Ethnoreligion;Southern Asia;75;
Mahale;Bangladesh;BG;24500;25.627465;88.634497;Santhali;Christianity;Southern Asia;75;
Garo;Bangladesh;BG;136000;25.0384;90.3623;Garo;Christianity;Southern Asia;75;
Hajong;Bangladesh;BG;9400;25.1193;90.4541;Hajong;Hinduism;Southern Asia;75;
Bengali;Nepal;NP;31000;26.456191;87.266665;Bengali;Hinduism;Southern Asia;75;
Chhetri;India;IN;17000;28.9828;79.3985;Nepali;Hinduism;Southern Asia;75;
Domban;India;IN;163000;10.383981;78.818378;Telugu;Hinduism;Southern Asia;75;
Lowland Quechua;Colombia;CO;475;0.4973;-76.5078;Quichua, Napo;Ethnoreligion;South America;75;
Gangai;India;IN;500;25.7141;87.6103;Surjapuri;Hinduism;Southern Asia;75;
Veddah;Sri Lanka;CE;500;6.97396;81.26177;Sinhala;Ethnoreligion;Southern Asia;75;
Mala Jangam;India;IN;34000;18.399386;76.574027;Telugu;Hinduism;Southern Asia;75;
Indian Tamils;Sri Lanka;CE;966000;7.174;80.716;Tamil;Hinduism;Southern Asia;75;
Indian Hindus;South Africa;SF;1365000;-26.1327;28.2162;Hindi;Hinduism;Southern Africa;75;
Anglo-Indians;India;IN;396000;12.948245;77.596229;English;Christianity;Southern Asia;75;
Lepcha;Nepal;NP;4700;26.856115;88.073094;Lepcha;Buddhism;Southern Asia;75;
Costa Ricans;Costa Rica;CS;4910000;9.938222;-84.059288;Spanish;Christianity;Central America;75;
Ecuadorians;Ecuador;EC;15170000;-2.890155;-79.01014;Spanish;Christianity;South America;75;
Hiligaynon;Philippines;RP;8920000;10.40179;122.97428;Hiligaynon;Christianity;South-Eastern Asia;75;
Chileans;Chile;CI;17700000;-33.462096;-70.691754;Spanish;Christianity;South America;75;
Chikwa;India;IN;89500;24.310251;84.319468;Urdu;Islam;Southern Asia;75;
Capisano;Philippines;RP;990000;11.41215;122.95359;Capiznon;Christianity;South-Eastern Asia;75;
Kulina;Peru;PE;425;-9.6845;-70.5837;Kulina;Ethnoreligion;South America;75;
Argentines;Argentina;AR;36260000;-34.689178;-58.71279;Spanish;Christianity;South America;75;
Tatma;Nepal;NP;131000;27.02;85.24;Nepali;Hinduism;Southern Asia;10;
Haluwai;Nepal;NP;86500;26.762955;86.222681;Nepali;Hinduism;Southern Asia;0;
Dhanuk;Nepal;NP;322000;26.48;86.77;Nepali;Hinduism;Southern Asia;10;
Bhumihar Brahmin;India;IN;3060000;26.130949;83.346872;Magahi;Hinduism;Southern Asia;10;
Maninka;Guinea;GV;3800000;10.386183;-9.298171;Maninkakan, Eastern;Islam;Western Africa;10;
Bishnupriya;Bangladesh;BG;47500;24.922979;91.87023;Bishnupuriya;Hinduism;Southern Asia;10;
Punjabis;Tanzania;TZ;69500;-6.8016;39.2574;Punjabi, Eastern;Hinduism;Eastern Africa;10;
Wolof;Gambia;GA;390000;13.5619;-15.4739;Wolof, Gambian;Islam;Western Africa;10;
Bantar;Nepal;NP;61500;26.510993;87.403828;Nepali;Hinduism;Southern Asia;10;
Moghol;India;IN;2065000;28.712816;79.042568;Urdu;Islam;Southern Asia;10;
Sri Lankan Moor;Sri Lanka;CE;1705000;7.2966;81.6882;Tamil;Islam;Southern Asia;10;
Western Punjabi;Libya;LY;73000;32.870569;13.211443;Punjabi, Western;Islam;Northern Africa;0;
Pari;South Sudan;OD;59000;5.09472;32.48215;Päri;Islam;Northern Africa;0;
Domal;India;IN;9200;33.237574;74.311821;Dogri;Islam;Southern Asia;0;
Namdagur;India;IN;1200;34.10044;74.820007;Kashmiri;Islam;Southern Asia;0;
Viri;South Sudan;OD;54500;7.547912;27.856747;Belanda Viri;Islam;Northern Africa;0;
Kresh;South Sudan;OD;9700;8.463;24.8083;Gbaya;Islam;Northern Africa;0;
Gujaratis;Mozambique;MZ;36000;-25.938698;32.556125;Gujarati;Islam;Eastern Africa;10;
Gujaratis;Madagascar;MA;100000;-18.9375;47.5256;Gujarati;Islam;Eastern Africa;10;
Kachchi;Malawi;MI;15000;-13.9704;33.7471;Kacchi;Islam;Eastern Africa;10;
Nipode;Peru;PE;125;-2.4787;-72.6869;Witoto, Nipode;Ethnoreligion;South America;10;
Tingui-Boto;Brazil;BR;800;-9.8987;-36.7065;Portuguese;Ethnoreligion;South America;0;
Pichis Asheninka;Brazil;BR;1300;-9.1215;-72.8051;Ashéninka, Pichis;Ethnoreligion;South America;10;
Bhampta;India;IN;52000;19.38306;76.550975;Marathi;Hinduism;Southern Asia;10;
Lodha;Nepal;NP;42500;27.51882;83.300123;Nepali;Hinduism;Southern Asia;0;
Cutchi Indians;Tanzania;TZ;69500;-6.806;39.2586;Kacchi;Hinduism;Eastern Africa;10;
Nukuini;Brazil;BR;600;-7.333333;-73.5;Portuguese;Ethnoreligion;South America;0;
Narin;South Sudan;OD;8700;4.7262;33.2519;Laarim;Ethnoreligion;Northern Africa;0;
Pnar;Bangladesh;BG;7800;24.447158;91.903143;Pnar;Christianity;Southern Asia;10;
Banda-Ndele;South Sudan;OD;24500;8.00846;26.00594;Banda-Ndélé;Christianity;Northern Africa;0;
Sahisia;India;IN;10500;25.545445;87.644985;Urdu;Islam;Southern Asia;0;
Bhand;Nepal;NP;17000;29.644105;80.509545;Urdu;Islam;Southern Asia;0;
Jhojha;India;IN;204000;29.347009;77.593521;Hindi;Hinduism;Southern Asia;10;
Pendar;India;IN;228000;15.175919;75.422535;Urdu;Islam;Southern Asia;0;
Putliwale;India;IN;1000;26.846511;80.946683;Urdu;Islam;Southern Asia;0;
Taga;India;IN;881000;28.877489;77.545713;Urdu;Islam;Southern Asia;10;
Gandharv;India;IN;14000;25.241822;86.993282;Hindi;Hinduism;Southern Asia;0;
Kaghzi;India;IN;76000;21.013321;75.563972;Urdu;Islam;Southern Asia;0;
Dom Muslims;India;IN;230000;28.892361;76.59124;Urdu;Islam;Southern Asia;10;
Mukeri;India;IN;39000;25.24003;86.984512;Urdu;Islam;Southern Asia;0;
Pawaria;India;IN;69500;25.586744;83.579723;Urdu;Islam;Southern Asia;10;
Ahmadiya;India;IN;7100;29.6945;77.6738;Urdu;Islam;Southern Asia;0;
Muslim Tamboli;India;IN;190000;24.74839;84.376663;Urdu;Islam;Southern Asia;10;
Muslim Kachera;India;IN;2500;21.1458;79.088155;Urdu;Islam;Southern Asia;0;
Nalband;India;IN;4700;26.6;85.48;Urdu;Islam;Southern Asia;0;
Jatigar;India;IN;125;16.83;75.71;Urdu;Islam;Southern Asia;0;
Gadihar;India;IN;200;24.79988;85.00262;Urdu;Islam;Southern Asia;0;
Mondivogula;India;IN;15000;14.87245;77.814823;Urdu;Islam;Southern Asia;0;
Cakketakare;India;IN;30;16.712381;81.096733;Urdu;Islam;Southern Asia;0;
Pankhiya;India;IN;850;26.449923;80.331874;Urdu;Islam;Southern Asia;0;
Sonavar;India;IN;20500;10.92755;79.833531;Urdu;Islam;Southern Asia;0;
Borewale;India;IN;900;18.775016;83.988976;Urdu;Islam;Southern Asia;10;
Khadim;India;IN;375;26.449896;74.639916;Urdu;Islam;Southern Asia;0;
Camma;India;IN;7600;26.46816;86.17481;Urdu;Islam;Southern Asia;0;
Tirugatigantla;India;IN;1500;17.688047;82.999222;Urdu;Islam;Southern Asia;0;
Garodi;India;IN;56000;16.691308;74.244866;Urdu;Islam;Southern Asia;0;
Baig;India;IN;26500;11.368618;77.704777;Urdu;Islam;Southern Asia;0;
Ganta Sayebulu;India;IN;750;17.2557;81.872797;Urdu;Islam;Southern Asia;0;
Khakar;India;IN;33500;15.85;74.5;Urdu;Islam;Southern Asia;0;
Sheikhzade;India;IN;5000;29.97256;77.5471;Urdu;Islam;Southern Asia;0;
Jarkhandi Hajjam;India;IN;94500;23.964031;86.801915;Urdu;Islam;Southern Asia;0;
Manjygur Muslims;India;IN;250;34.1268;74.81894;Urdu;Islam;Southern Asia;0;
Rai Bhat Muslims;India;IN;197000;28.97222;77.7058;Urdu;Islam;Southern Asia;0;
Ansari-Momin (Urdu);India;IN;10640000;29.322413;78.379959;Urdu;Islam;Southern Asia;10;
Phularis;India;IN;28000;19.122656;74.74285;Urdu;Islam;Southern Asia;0;
Garadi;India;IN;21500;14.061819;78.754078;Urdu;Islam;Southern Asia;0;
Cejara;India;IN;1400;26.447822;74.648189;Urdu;Islam;Southern Asia;0;
Dayare;India;IN;1900;8.713914;77.756653;Urdu;Islam;Southern Asia;0;
Koda;Bangladesh;BG;1500;24.554;88.649;Koda;Hinduism;Southern Asia;0;
Bari (Bhojpuri);India;IN;195000;26.262586;84.784509;Bhojpuri;Hinduism;Southern Asia;10;
Dombi Dasa;India;IN;8800;13.336683;77.112467;Telugu;Hinduism;Southern Asia;0;
Tamil;Seychelles;SE;400;-4.610118;55.450111;Tamil;Hinduism;Eastern Africa;10;
Gulgulia;India;IN;157000;25.220876;85.453579;Bhojpuri;Hinduism;Southern Asia;10;
Kanauri;Pakistan;PK;7300;32.260593;75.159605;Kinnauri;Hinduism;Southern Asia;0;
Indo-Mauritians;Kenya;KE;550;-1.287423;36.832763;Morisyen;Hinduism;Eastern Africa;10;
Gujaratis;Rwanda;RW;1400;-1.964299;30.070561;Gujarati;Hinduism;Eastern Africa;0;
Gujaratis;Seychelles;SE;500;-4.678768;55.520754;Gujarati;Hinduism;Eastern Africa;10;
Darmiya;Nepal;NP;1600;29.83684;80.5587;Darmiya;Hinduism;Southern Asia;0;
Gujaratis;Burundi;BY;16000;-3.371144;29.35511;Gujarati;Hinduism;Eastern Africa;0;
Lingala;South Sudan;OD;48500;4.579256;28.437941;Lingala;Islam;Northern Africa;0;
Parsi;Sri Lanka;CE;2600;6.903825;79.852905;Gujarati;Other;Southern Asia;0;
Dhawa;India;IN;32000;23.23243;87.863731;Bengali;Islam;Southern Asia;10;
Shershabadia;India;IN;4400;25.53632;87.57405;Bengali;Islam;Southern Asia;0;
Ansari-Momin (Bengali);India;IN;467000;22.884884;88.078183;Bengali;Islam;Southern Asia;0;
Hindu Syloti Bengali;Bangladesh;BG;1520000;24.752524;91.84605;Sylheti;Hinduism;Southern Asia;10;
Shaikh (Maithili);Nepal;NP;524000;26.780114;85.294463;Maithili;Islam;Southern Asia;10;
Sadri;Bangladesh;BG;268000;23.7853;90.3838;Sadri;Hinduism;Southern Asia;10;
Shaikh (Urdu);Nepal;NP;815000;26.778497;85.289874;Urdu;Islam;Southern Asia;10;
Shaikh (Bhojpuri);Nepal;NP;323000;27.012336;84.869368;Bhojpuri;Islam;Southern Asia;0;
Yadava (Bhojpuri);Nepal;NP;289000;27.028386;85.003418;Bhojpuri;Hinduism;Southern Asia;10;
Bania (Bhojpuri);India;IN;192000;26.501119;83.783641;Bhojpuri;Hinduism;Southern Asia;10;
Nai (Bhojpuri);India;IN;636000;25.64639;84.884524;Bhojpuri;Hinduism;Southern Asia;10;
Khatik (Bhojpuri);India;IN;144000;25.158113;82.336052;Bhojpuri;Hinduism;Southern Asia;10;
Brahmin (Bhojpuri);Nepal;NP;168000;27.014277;84.885591;Bhojpuri;Hinduism;Southern Asia;10;
Dom (Bhojpuri);India;IN;85000;24.957084;84.006513;Bhojpuri;Hinduism;Southern Asia;10;
Kurmi (Bhojpuri);India;IN;3290000;25.623572;85.093793;Bhojpuri;Hinduism;Southern Asia;10;
Yadava (Bhojpuri);India;IN;8465000;25.571693;83.60459;Bhojpuri;Hinduism;Southern Asia;75;
Kurmi (Bhojpuri);Nepal;NP;364000;27.040183;84.887839;Bhojpuri;Hinduism;Southern Asia;10;
Badhai (Bhojpuri);India;IN;1385000;25.601614;85.18144;Bhojpuri;Hinduism;Southern Asia;10;
Kahar (Bhojpuri);India;IN;5455000;25.631037;85.029686;Bhojpuri;Hinduism;Southern Asia;10;
Teli (Bhojpuri);India;IN;1645000;26.664318;84.919119;Bhojpuri;Ethnoreligion;Southern Asia;10;
Beldar (Bhojpuri);India;IN;115000;25.628594;85.033366;Bhojpuri;Hinduism;Southern Asia;75;
Kumhar (Bhojpuri);India;IN;1040000;24.9116;84.179348;Bhojpuri;Hinduism;Southern Asia;10;
Brahmin (Bhojpuri);India;IN;2060000;25.606392;85.166851;Bhojpuri;Hinduism;Southern Asia;10;
Shaikh (Bhojpuri);India;IN;1370000;26.518829;84.884561;Bhojpuri;Islam;Southern Asia;10;
Ansari-Momin (Bhojpuri);India;IN;1105000;26.761258;83.375587;Bhojpuri;Islam;Southern Asia;10;
Dhanak;India;IN;4730000;24.925403;86.229278;Bhojpuri;Hinduism;Southern Asia;10;
Yadava (Maithili);Nepal;NP;787000;26.704969;86.478367;Maithili;Hinduism;Southern Asia;10;
Majhi;India;IN;500;27.107668;88.326483;Majhi;Hinduism;Southern Asia;75;
Kisan;Nepal;NP;4900;26.69318;88.077082;Sadri;Hinduism;Southern Asia;10;
Brahmin (Maithili);Nepal;NP;479000;26.730143;85.928881;Maithili;Hinduism;Southern Asia;10;
Rajput (Kumaoni);Nepal;NP;130000;29.44871;80.3589;Kumaoni;Hinduism;Southern Asia;10;
Rajput (Punjabi);Pakistan;PK;991000;31.507605;74.348382;Punjabi, Western;Hinduism;Southern Asia;10;
Nepalis;Bangladesh;BG;22000;25.62987;88.637382;Nepali;Hinduism;Southern Asia;10;
Kachi Koli;Malawi;MI;25000;-13.9839;33.8058;Gujarati;Hinduism;Eastern Africa;10;
Tamil;Reunion;RE;187000;-20.908494;55.598712;Réunion French Creole;Hinduism;Eastern Africa;10;
Barar;India;IN;14500;30.7862;75.4751;Pahari-Potwari;Hinduism;Southern Asia;10;
Lahaula;India;IN;2500;32.5556;76.9741;Pahari-Potwari;Hinduism;Southern Asia;10;
Indo-Mauritians;South Africa;SF;62000;-29.815343;30.864606;Morisyen;Hinduism;Southern Africa;10;
Bodo;Nepal;NP;4900;26.78124;88.08058;Boro (India);Hinduism;Southern Asia;0;
Tharadari Koli;Pakistan;PK;85000;25.212066;68.807114;Koli, Wadiyari;Hinduism;Southern Asia;10;
Southern Marwari;Pakistan;PK;121000;27.147;67.746;Marwari (Pakistan);Hinduism;Southern Asia;10;
Wadiyara Koli;Pakistan;PK;294000;25.66864;69.7115;Koli, Wadiyari;Hinduism;Southern Asia;10;
Bagri;Pakistan;PK;364000;29.2574;71.333;Bagri;Hinduism;Southern Asia;10;
Kumhar (Urdu);India;IN;68000;26.275192;88.174176;Urdu;Hinduism;Southern Asia;10;
Od;Pakistan;PK;81500;27.661282;68.969456;Oadki;Hinduism;Southern Asia;10;
Sindhi (Awadhi);India;IN;50500;25.317671;82.973881;Awadhi;Hinduism;Southern Asia;10;
Bania (Pahari);India;IN;217000;31.1;76.27;Pahari-Potwari;Hinduism;Southern Asia;10;
Punjabis;Sri Lanka;CE;12500;7.717052;81.70006;Punjabi, Eastern;Sikhism;Southern Asia;0;
Shaikh (Urdu);India;IN;61300000;25.964293;87.521044;Urdu;Islam;Southern Asia;10;
Rajput (Kashmiri);Pakistan;PK;960000;32.582373;74.076212;Kashmiri;Islam;Southern Asia;10;
Bawarchi;India;IN;176000;28.88973;78.73657;Urdu;Islam;Southern Asia;10;
Shaikh (Bengali);India;IN;28160000;23.945568;88.063393;Bengali;Islam;Southern Asia;10;
Gujjar (Urdu);India;IN;221000;27.953362;79.822712;Urdu;Islam;Southern Asia;10;
Brahmin (Awadhi);Nepal;NP;62000;27.544052;83.046291;Awadhi;Hinduism;Southern Asia;10;
Teli (Urdu);India;IN;1770000;28.992553;77.705775;Urdu;Islam;Southern Asia;10;
Gujarati;Zimbabwe;ZI;28000;-17.8401;30.9978;Gujarati;Islam;Eastern Africa;10;
Muslim Dogra;India;IN;242000;32.91893;75.131271;Dogri;Islam;Southern Asia;10;
Shumashti;Pakistan;PK;24000;34.104898;71.144826;Shumashti;Islam;Southern Asia;10;
Bhotia;Nepal;NP;33000;27.708768;85.329527;Dzongkha;Buddhism;Southern Asia;10;
Muslim Gond;India;IN;28000;21.903865;77.903453;Urdu;Islam;Southern Asia;0;
Khampa;India;IN;2700;32.5633;77.058;Tibetan, Khams;Buddhism;Southern Asia;10;
Saifi;India;IN;633000;28.280411;78.014688;Urdu;Islam;Southern Asia;10;
Sinhalese;Sri Lanka;CE;17540000;6.867403;79.902605;Sinhala;Buddhism;Southern Asia;10;
Ismaili Muslims;Kenya;KE;32500;-4.053049;39.67286;Gujarati;Islam;Eastern Africa;10;
Dagi;India;IN;3100;32.6266;76.8796;Pahari-Potwari;Hinduism;Southern Asia;75;
Sri Lankan Tamil;Sri Lanka;CE;2610000;9.710814;80.036915;Tamil;Hinduism;Southern Asia;75;
Venezuelans;Peru;PE;1355000;-11.9406;-77.0487;Spanish;Christianity;South America;75;
Panamanians;Panama;PM;2945000;9.041443;-79.489999;Spanish;Christianity;Central America;75;
Lushai;Bangladesh;BG;2000;22.66;92.157;Mizo;Christianity;Southern Asia;75;
Venezuelans;Ecuador;EC;455000;-0.09739;-78.54256;Spanish;Christianity;South America;75;
Migam;Bangladesh;BG;8700;25.156283;91.217468;Megam;Christianity;Southern Asia;75;
Telugu;Canada;CA;17500;43.6401;-79.6269;Telugu;Hinduism;Northern America;10;
Brahmin (Punjabi);India;IN;755000;31.824472;75.214056;Punjabi, Eastern;Hinduism;Southern Asia;10;
Bati;India;IN;59500;30.3017;78.039;Punjabi, Eastern;Hinduism;Southern Asia;10;
Sudhi;Nepal;NP;154000;26.762601;85.917164;Nepali;Hinduism;Southern Asia;0;
Nuniya;Nepal;NP;114000;27.009917;84.892516;Nepali;Hinduism;Southern Asia;10;
Nayinda;India;IN;369000;12.97095;75.435138;Telugu;Hinduism;Southern Asia;10;
Patharkata;Nepal;NP;950;26.73074;88.107474;Nepali;Hinduism;Southern Asia;10;
Kumhar (Maithili);India;IN;164000;26.120976;86.779547;Maithili;Hinduism;Southern Asia;10;
Dhoba (Punjabi);India;IN;105000;30.733315;76.779418;Punjabi, Eastern;Hinduism;Southern Asia;10;
Sanyasi;Nepal;NP;341000;29.094302;80.39706;Nepali;Hinduism;Southern Asia;10;
Brahmin (Nepali);Nepal;NP;4460000;27.657925;84.440442;Nepali;Hinduism;Southern Asia;10;
Nai (Punjabi);India;IN;608000;31.788721;75.13187;Punjabi, Eastern;Hinduism;Southern Asia;10;
Khatri (Punjabi);India;IN;1030000;30.896363;75.799472;Punjabi, Eastern;Hinduism;Southern Asia;10;
Mali (Maithili);India;IN;46500;25.4167;86.1333;Maithili;Hinduism;Southern Asia;10;
Kumhar (Punjabi);India;IN;698000;30.966382;74.991307;Punjabi, Eastern;Hinduism;Southern Asia;10;
Dom (Punjabi);India;IN;180000;31.779401;75.455596;Punjabi, Eastern;Hinduism;Southern Asia;10;
Dhanak (Punjabi);India;IN;80000;30.142301;74.202182;Punjabi, Eastern;Hinduism;Southern Asia;10;
Kutchi Kohli;Pakistan;PK;278000;25.34329;68.72128;Koli, Kachi;Hinduism;Southern Asia;10;
Nai (Maithili);India;IN;194000;26.421661;85.66201;Maithili;Hinduism;Southern Asia;10;
Bania (Maithili);India;IN;66000;25.862968;85.781026;Maithili;Hinduism;Southern Asia;10;
Baram;Nepal;NP;12500;28.08;84.69;Nepali;Hinduism;Southern Asia;10;
Saam Rai;Nepal;NP;3300;27.708212;85.331119;Nepali;Hinduism;Southern Asia;10;
Gamal Kham;Nepal;NP;18000;28.370909;82.885596;Kham, Gamal;Hinduism;Southern Asia;10;
Palpa Pahari;Nepal;NP;10500;27.681264;85.76473;Nepali;Hinduism;Southern Asia;10;
Bania (Punjabi);India;IN;204000;30.210994;74.945474;Punjabi, Eastern;Hinduism;Southern Asia;10;
Vaghri Koli;Pakistan;PK;16500;26.133605;68.59996;Vaghri;Hinduism;Southern Asia;0;
Bhat (Maithili);India;IN;20000;26.346854;86.071547;Maithili;Hinduism;Southern Asia;10;
Telugu;Bangladesh;BG;12000;23.915792;90.266589;Telugu;Hinduism;Southern Asia;10;
Lohar (Punjabi);India;IN;353000;32.033852;75.407127;Punjabi, Eastern;Hinduism;Southern Asia;10;
Dhunia;Nepal;NP;2100;26.806809;85.836118;Nepali;Hinduism;Southern Asia;0;
Brahmin (Hindi);Nepal;NP;18000;27.708764;85.329528;Hindi;Hinduism;Southern Asia;75;
Ahluwalia;India;IN;1400;31.46291;75.314262;Punjabi, Eastern;Hinduism;Southern Asia;75;
Telugu;Sri Lanka;CE;12500;6.786887;79.926257;Telugu;Hinduism;Southern Asia;75;
Koi;Nepal;NP;3400;27.397808;86.879863;Koyee;Hinduism;Southern Asia;75;
Balmiki (Punjabi);India;IN;1295000;30.922779;74.631038;Punjabi, Eastern;Hinduism;Southern Asia;75;
Ojha;India;IN;46000;21.690503;78.447263;Telugu;Hinduism;Southern Asia;75;
Munda;Nepal;NP;8900;26.497131;87.344252;Munda;Hinduism;Southern Asia;75;
Tswana;Botswana;BC;2090000;-24.56975;24.68016;Setswana;Ethnoreligion;Southern Africa;10;
Sudugadu Siddha;India;IN;31500;13.008293;76.099935;Telugu;Ethnoreligion;Southern Asia;75;
Bhovi;India;IN;1405000;13.387237;77.86522;Telugu;Ethnoreligion;Southern Asia;10;
Teli (Maithili);India;IN;367000;26.130499;85.368632;Maithili;Ethnoreligion;Southern Asia;10;
Tai Mao;Myanmar;BM;120000;23.879559;97.602772;Tai Long;Buddhism;South-Eastern Asia;75;
Sayyid (Punjabi);India;IN;80000;30.372628;75.549102;Punjabi, Eastern;Islam;Southern Asia;10;
Teli (Urdu);Pakistan;PK;345000;24.978621;67.070196;Urdu;Islam;Southern Asia;10;
Kalkoti;Pakistan;PK;9000;35.344944;72.058454;Kalkoti;Islam;Southern Asia;0;
Rajput (Urdu);Pakistan;PK;839000;31.338016;73.421498;Urdu;Islam;Southern Asia;10;
Arain (Punjabi);India;IN;41000;30.246453;77.357462;Punjabi, Eastern;Islam;Southern Asia;0;
Majhi;Pakistan;PK;300;31.506776;74.331556;Punjabi, Western;Islam;Southern Asia;0;
Dhatki Marwari;Pakistan;PK;226000;25.5614;69.5323;Dhatki;Islam;Southern Asia;10;
Bakho;India;IN;31500;25.4167;86.1333;Urdu;Islam;Southern Asia;10;
Dhobi (Telugu);India;IN;155000;16.831868;82.030984;Telugu;Islam;Southern Asia;10;
Shaikh (Telugu);India;IN;1165000;15.454749;78.01323;Telugu;Islam;Southern Asia;10;
Eastern Gurung;Nepal;NP;261000;28.201115;84.742859;Gurung;Ethnoreligion;Southern Asia;10;
Manangi;Nepal;NP;6800;28.64158;84.05154;Nyeshangte;Buddhism;Southern Asia;10;
Southwestern Tamang;Nepal;NP;192000;27.57218;84.90357;Tamang, Eastern;Buddhism;Southern Asia;10;
Marwadi;Nepal;NP;75500;26.477096;87.283124;Nepali;Hinduism;Southern Asia;0;
Nurang;Nepal;NP;475;26.482757;87.527293;Nepali;Hinduism;Southern Asia;0;
Jaine;Nepal;NP;1700;27.7;85.333333;Nepali;Other;Southern Asia;0;
Northern Ghale;Nepal;NP;5200;28.095769;84.856779;Ghale, Northern;Buddhism;Southern Asia;10;
Central Asian Muslims;Russian Federation;RS;3340000;55.749998;37.700001;Russian;Islam;Eastern Europe;10;
Katio of Alto Andagueda;Colombia;CO;9000;5.40099889;-76.01818298;Embera Catío;Ethnoreligion;South America;10;
Ashéninka Alto Pichis;Peru;PE;7000;-10.37613;-74.904088;Ashéninka, Pichis;Ethnoreligion;South America;0;
Shaikh (Punjabi);India;IN;723000;30.393785;76.406769;Punjabi, Eastern;Islam;Southern Asia;10;
Shaikh (Maithili);India;IN;895000;26.025135;86.129903;Maithili;Islam;Southern Asia;10;
Shaikh (Urdu);Pakistan;PK;132000;25.367277;68.302318;Urdu;Islam;Southern Asia;10;
Barae;Nepal;NP;60500;26.875035;85.578349;Nepali;Hinduism;Southern Asia;0;
Dhoba (Maithili);India;IN;951000;26.609814;84.856793;Maithili;Hinduism;Southern Asia;10;
Bestha;India;IN;468000;12.314912;76.648165;Telugu;Hinduism;Southern Asia;0;
Yadava (Maithili);India;IN;1550000;26.817972;84.503647;Maithili;Hinduism;Southern Asia;10;
Kurmi (Maithili);India;IN;341000;26.114837;85.3932;Maithili;Hinduism;Southern Asia;10;
Julaha (Punjabi);India;IN;1450000;31.459282;74.924319;Punjabi, Eastern;Hinduism;Southern Asia;10;
Isaaq;Somalia;SO;3510000;9.563;44.0675;Somali;Islam;Eastern Africa;10;
Southern Baloch;Bahrain;BA;51500;26.2334;50.5915;Balochi, Southern;Islam;Western Asia;10;
Shaikh (Punjabi);Pakistan;PK;1775000;31.119129;74.447147;Punjabi, Western;Islam;Southern Asia;10;
Indian Muslims;South Africa;SF;166000;-29.989155;30.912665;English;Islam;Southern Africa;10;
Hajjam (Maithili);India;IN;400000;25.541424;87.57102;Maithili;Islam;Southern Asia;10;
Southern Baloch;Pakistan;PK;4525000;25.057667;66.924857;Balochi, Southern;Islam;Southern Asia;10;
Jains (Maithili);India;IN;47500;24.791267;84.412401;Maithili;Other;Southern Asia;0;
Ticherong;Nepal;NP;3300;28.95064;83.46725;Tichurong;Buddhism;Southern Asia;10;
Brokkat;Bhutan;BT;475;27.627186;90.657634;Brokkat;Buddhism;Southern Asia;0;
Lumba-Yakkha;Nepal;NP;1600;27.214663;87.294754;Yakkha, Chhathare;Buddhism;Southern Asia;10;
Tilung;Nepal;NP;400;27.11326;86.498177;Tilung;Ethnoreligion;Southern Asia;10;
Nubriba;Nepal;NP;5100;28.50918;84.77716;Nubri;Buddhism;Southern Asia;10;
Chhulung;Nepal;NP;1700;26.953694;87.256104;Chhiling;Ethnoreligion;Southern Asia;10;
Kutang Bhotia;Nepal;NP;2000;28.407957;84.891491;Kuke;Buddhism;Southern Asia;10;
Tseku;Nepal;NP;6500;27.12243;87.8542;Tseku;Buddhism;Southern Asia;0;
Sayyid (Telugu);India;IN;167000;17.436364;78.451317;Telugu;Islam;Southern Asia;10;
Hiranbaj;India;IN;900;26.999292;74.241497;Marwari (India);Islam;Southern Asia;0;
Pinjara (Punjabi);India;IN;3000;31.236653;76.50242;Punjabi, Eastern;Islam;Southern Asia;0;
Arain (Kannauji);India;IN;70500;28.534802;79.97527;Kanauji;Islam;Southern Asia;0;
Moghal (Telugu);India;IN;12500;17.417003;78.477119;Telugu;Islam;Southern Asia;0;
Ansari-Momin (Telugu);India;IN;140000;14.7817;78.5513;Telugu;Islam;Southern Asia;0;
Teli (Punjabi);India;IN;99500;30.246113;75.846832;Punjabi, Eastern;Islam;Southern Asia;10;
East Indian Muslims;Guyana;GY;68500;6.809541;-58.150131;Guyanese English Creole;Islam;South America;10;
Sart Kalmyk;Kyrgyzstan;KG;8400;42.8545;74.5499;Kyrgyz;Islam;Central Asia;10;
East Indians;Barbados;BB;3900;13.105833;-59.613056;Bajan;Islam;Caribbean;10;
Ushojo;Pakistan;PK;4200;35.150751;72.651055;Ushojo;Islam;Southern Asia;0;
Jerung;Nepal;NP;2400;27.309585833;86.501001899;Jerung;Hinduism;Southern Asia;10;
Koyava;India;IN;850;12.337494;75.806908;Kodava;Hinduism;Southern Asia;0;
Kummara, Kummari;India;IN;309000;12.321028;78.147297;Telugu;Hinduism;Southern Asia;0;
Khatik (Punjabi);India;IN;34000;30.7184;76.7922;Punjabi, Eastern;Hinduism;Southern Asia;0;
Kurmi (Punjabi);India;IN;89500;30.872363;75.845365;Punjabi, Eastern;Hinduism;Southern Asia;10;
Daoli;India;IN;2800;30.96548;76.52376;Punjabi, Eastern;Hinduism;Southern Asia;0;
Bania, Agarwal (Punjabi);India;IN;74500;30.9181;74.616142;Punjabi, Eastern;Hinduism;Southern Asia;10;
Kambalattan;India;IN;3200;8.713972;77.7537;Telugu;Hinduism;Southern Asia;0;
Natua;India;IN;59000;13.361729;78.020387;Telugu;Hinduism;Southern Asia;0;
Neeli;India;IN;27000;19.134514;77.324689;Telugu;Hinduism;Southern Asia;0;
Naikpod;India;IN;16000;19.111236;77.623988;Telugu;Hinduism;Southern Asia;0;
Tenugu;India;IN;47000;19.260614;76.776472;Telugu;Hinduism;Southern Asia;10;
Pochammalollu;India;IN;7400;19.117096;77.624492;Telugu;Hinduism;Southern Asia;0;
Kakmara;India;IN;900;22.430889;87.321492;Telugu;Hinduism;Southern Asia;0;
Kuluvan;India;IN;750;8.930803;77.641408;Telugu;Hinduism;Southern Asia;0;
Gangawar;India;IN;464000;10.41189;77.526983;Telugu;Hinduism;Southern Asia;0;
Surel;Nepal;NP;350;27.98;85.93;Nepali;Hinduism;Southern Asia;0;
Ayri;India;IN;225;12.433361;75.742564;Kodava;Hinduism;Southern Asia;0;
Nar;India;IN;225;31.79018;77.38517;Pahari-Potwari;Hinduism;Southern Asia;0;
Dhamin;India;IN;500;25.8869;87.1966;Maithili;Hinduism;Southern Asia;0;
Malaneese;India;IN;2100;32.2399;77.1883;Kanashi;Hinduism;Southern Asia;0;
Hindu Santarash;India;IN;4600;26.402724;86.223411;Maithili;Hinduism;Southern Asia;0;
Gagra;India;IN;700;30.805241;75.83633;Punjabi, Eastern;Hinduism;Southern Asia;0;
Racband;India;IN;3600;31.8099;75.6585;Punjabi, Eastern;Hinduism;Southern Asia;0;
Yamphu Rai;Nepal;NP;7300;27.275571;87.101255;Yamphu;Hinduism;Southern Asia;10;
Isconahua;Peru;PE;80;-7.9299;-74.5528;Shipibo-Conibo;Ethnoreligion;South America;0;
Kambiwa;Brazil;BR;3300;-8.6386;-37.8142;Portuguese;Ethnoreligion;South America;10;
Lassi;Pakistan;PK;24500;25.327647;66.916544;Lasi;Islam;Southern Asia;0;
Churaute;Nepal;NP;8400;26.66;86.89;Nepali;Islam;Southern Asia;0;
Xocó;Brazil;BR;450;-9.76331;-37.462983;Portuguese;Christianity;South America;0;
Yidgha;Pakistan;PK;9600;35.988832;71.533912;Yadgha;Islam;Southern Asia;0;
Meda;India;IN;53500;12.4206;75.74153;Kodava;Hinduism;Southern Asia;0;
Dhimal;India;IN;5400;27.036007;88.262675;Dhimal;Hinduism;Southern Asia;0;
Brokpa;Bhutan;BT;6900;27.402998;91.907364;Brokpake;Buddhism;Southern Asia;10;
Tsum;Nepal;NP;6500;28.493;85.048;Tsum;Buddhism;Southern Asia;10;
Lakha;Bhutan;BT;12500;27.625384;90.293127;Lakha;Buddhism;Southern Asia;0;
Nupbi;Bhutan;BT;3000;27.393;90.535;Nupbikha;Buddhism;Southern Asia;0;
Tamiang;Indonesia;ID;44500;4.184777;97.819638;Malay;Islam;South-Eastern Asia;10;
Khalaj;Iran;IR;52000;34.42237;50.32223;Khalaj;Islam;Southern Asia;10;
Lunape;Bhutan;BT;850;28.063;90.172;Lunanakha;Buddhism;Southern Asia;0;
Gongduk;Bhutan;BT;2800;27.088;91.187;Gongduk;Buddhism;Southern Asia;0;
Phunoi;Laos;LA;48000;21.66473;102.15764;Phunoi;Ethnoreligion;South-Eastern Asia;0;
Deshwali;India;IN;182000;23.332694;77.391581;Urdu;Islam;Southern Asia;10;
Rachavar;India;IN;45500;12.29581;76.63938;Telugu;Hinduism;Southern Asia;0;
Nandiwala;India;IN;9700;19.418606;74.421889;Telugu;Hinduism;Southern Asia;0;
Tikulhara;India;IN;2100;25.58841;85.14555;Maithili;Hinduism;Southern Asia;0;
Segeju;Tanzania;TZ;37500;-5.003243;39.086446;Segeju;Islam;Eastern Africa;10;
Sikule;Indonesia;ID;33000;2.69113;95.96357;Sikule;Islam;South-Eastern Asia;10;
Ixcatec;Mexico;MX;400;17.852778;-97.192778;Spanish;Christianity;Central America;10;
Gowro;Pakistan;PK;375;35.050774;73.120991;Gowro;Islam;Southern Asia;0;
Thami;China;CH;600;28.151812;85.975883;Thangmi;Ethnoreligion;Eastern Asia;0;
Indo-Caribbean;Trinidad and Tobago;TD;312000;10.646354;-61.471342;English;Hinduism;Caribbean;10;
Turkmen;Tajikistan;TI;15000;38.531;68.7347;Turkmen;Islam;Central Asia;10;
Kodava;India;IN;138000;12.429943;75.733019;Kodava;Hinduism;Southern Asia;10;
Xucuru-Kariri;Brazil;BR;3500;-9.397333;-36.629667;Portuguese;Ethnoreligion;South America;10;
Pashtun;United Arab Emirates;AE;456000;24.415223;54.610279;Pashto, Northern;Islam;Western Asia;10;
Arabs;Tanzania;TZ;496000;-6.17948;39.218267;Swahili;Islam;Eastern Africa;10;
Acehnese;Indonesia;ID;4855000;5.068514;97.255076;Aceh;Islam;South-Eastern Asia;10;
Laki;Iran;IR;1300000;34.01025;47.93976;Laki;Islam;Southern Asia;0;
Gilaki;Iran;IR;4360000;37.298714;49.322043;Gilaki;Islam;Southern Asia;10;
Chidmar;Nepal;NP;21000;28.056097;81.628032;Nepali;Hinduism;Southern Asia;0;
Gangai;Nepal;NP;53500;26.444882;87.440653;Nepali;Hinduism;Southern Asia;0;
Fula Jalon;Guinea;GV;5360000;11.48254;-12.59126;Pular;Islam;Western Africa;10;
Kurtop;Bhutan;BT;19000;27.714568;91.153344;Kurtokha;Buddhism;Southern Asia;0;
Bagri;India;IN;476000;23.182317;75.78026;Malvi;Ethnoreligion;Southern Asia;10;
Drukpa;Bhutan;BT;248000;27.474116;89.635157;Dzongkha;Buddhism;Southern Asia;10;
Sasak;Indonesia;ID;3885000;-8.58349;116.2841;Sasak;Islam;South-Eastern Asia;10;
Telugu;United States;US;427000;37.283381;-121.901581;Telugu;Hinduism;Northern America;10;
Afar;Ethiopia;ET;2230000;11.83353;41.08778;Afar;Islam;Eastern Africa;10;
Bangingi Sama;Malaysia;MY;90000;6.6466;117.416;Sama, Balangingih;Islam;South-Eastern Asia;0;
Turkmen;Türkiye;TU;800000;40.328491;36.552944;Turkish;Islam;Western Asia;10;
Brahui;Pakistan;PK;5495000;29.0283;66.5875;Brahui;Islam;Southern Asia;10;
Wolio;Indonesia;ID;241000;-5.336561;122.290695;Wolio;Islam;South-Eastern Asia;10;
Matumbi;Tanzania;TZ;366000;-8.53734;39.04091;Matumbi;Islam;Eastern Africa;10;
South Azeri;Iran;IR;17450000;36.676399;48.486806;Azerbaijani, South;Islam;Southern Asia;10;
Balkar;Russian Federation;RS;113000;43.4658;43.0341;Karachay-Balkar;Islam;Eastern Europe;10;
Mandailing;Indonesia;ID;1295000;1.3016;99.743752;Batak Mandailing;Islam;South-Eastern Asia;10;
Northern Thai;Thailand;TH;7420000;17.69906;99.7268;Thai, Northern;Buddhism;South-Eastern Asia;10;
Karamojong;Uganda;UG;782000;2.45157;34.27614;Ng’akarimojong;Ethnoreligion;Eastern Africa;10;
S'ilte;Ethiopia;ET;1515000;7.930055;38.229978;Silt’e;Islam;Eastern Africa;10;
Sakalava;Madagascar;MA;2255000;-19.165391;46.562322;Malagasy, Sakalava;Ethnoreligion;Eastern Africa;10;
Tengger;Indonesia;ID;89500;-7.969186;112.954657;Tengger;Hinduism;South-Eastern Asia;10;
Maltese;Malta;MT;528000;35.8884;14.45082;Maltese;Christianity;Southern Europe;10;
Abaza;Russian Federation;RS;43500;44.2084;41.8753;Abaza;Islam;Eastern Europe;10;
Tokpegola;Nepal;NP;3500;27.609624;87.627693;Walungge;Buddhism;Southern Asia;10;
Ganda;Uganda;UG;10120000;0.338613;32.586673;Ganda;Christianity;Eastern Africa;10;
Golden Palaung;Myanmar;BM;215000;22.99767;96.93945;Palaung, Shwe;Buddhism;South-Eastern Asia;0;
Kyrgyz;Kyrgyzstan;KG;5170000;41.73308;74.29227;Kyrgyz;Islam;Central Asia;10;
Slovenes;Slovenia;SI;1960000;46.067321;14.500283;Slovene;Christianity;Southern Europe;10;
Turkmen;Turkmenistan;TX;5295000;37.95117;58.378743;Turkmen;Islam;Central Asia;10;
Persians;Iran;IR;29320000;35.703318;51.436065;Persian, Iranian;Islam;Southern Asia;10;
Bulgarians;Bulgaria;BU;5610000;42.697688;23.291117;Bulgarian;Christianity;Eastern Europe;10;
Macedonians;North Macedonia;MK;1145000;41.59591;21.74326;Macedonian;Christianity;Southern Europe;10;
Kazakh;Kazakhstan;KZ;12420000;43.259943;76.892029;Kazakh;Islam;Central Asia;10;
Uzbeks;Uzbekistan;UZ;28320000;38.1793;68.36695;Uzbek, Northern;Islam;Central Asia;10;
Fars;Iran;IR;115000;29.7544;52.4177;Fars, Southwestern;Islam;Southern Asia;10;
Chuabo;Mozambique;MZ;2260000;-17.34285;37.12307;Chuwabu;Ethnoreligion;Eastern Africa;10;
Thakuri;Nepal;NP;573000;30;81.79;Nepali;Hinduism;Southern Asia;10;
Dhagar;Nepal;NP;54000;26.58377;87.158811;Kurux;Hinduism;Southern Asia;10;
Kir;India;IN;31500;22.614382;77.667708;Mandeali;Hinduism;Southern Asia;10;
Kahar;Nepal;NP;59000;27.50081;83.30889;Nepali;Hinduism;Southern Asia;10;
Bhediyar;Nepal;NP;30500;26.970775;85.324201;Nepali;Hinduism;Southern Asia;0;
Koiri;India;IN;8400000;25.845246;84.972374;Magahi;Hinduism;Southern Asia;10;
Chhetri;Nepal;NP;6150000;29.084615;80.382119;Nepali;Hinduism;Southern Asia;10;
Damai;Nepal;NP;668000;28.068215;83.751457;Nepali;Hinduism;Southern Asia;10;
Idiga;India;IN;84000;13.341438;77.103071;Telugu;Hinduism;Southern Asia;10;
Galle Gurung;Nepal;NP;34500;28.370784;82.885907;Ghale, Southern;Hinduism;Southern Asia;10;
Eastern Magar;Nepal;NP;603000;27.613089;85.228447;Magar, Eastern;Hinduism;Southern Asia;10;
Sarki;Nepal;NP;546000;28.057567;83.878084;Nepali;Hinduism;Southern Asia;10;
Rajbansi;Nepal;NP;168000;26.525293;87.833878;Rajbanshi;Hinduism;Southern Asia;10;
Kami;Nepal;NP;1535000;28.221891;83.093858;Nepali;Hinduism;Southern Asia;10;
Kumhali;Nepal;NP;128000;27.844901;83.601989;Kumal;Hinduism;Southern Asia;10;
Kachchi;India;IN;7515000;23.812572;79.527212;Hindi;Hinduism;Southern Asia;10;
Ushoi;Bangladesh;BG;7700;23.132175;91.949021;Usoi;Hinduism;Southern Asia;10;
Tajpuriya;Nepal;NP;22500;26.502333;87.697675;Nepali;Hinduism;Southern Asia;10;
Pankarare;Brazil;BR;1600;-9.4374;-38.5464;Portuguese;Ethnoreligion;South America;10;
Kogui;Colombia;CO;12500;10.94849;-73.80426;Kogi;Ethnoreligion;South America;10;
Kiriri;Brazil;BR;3300;-10.65775;-38.631833;Portuguese;Ethnoreligion;South America;10;
Katio;Colombia;CO;38500;7.1917;-76.4163;Embera Catío;Ethnoreligion;South America;10;
Xukurú;Brazil;BR;13000;-8.3375;-36.727;Portuguese;Ethnoreligion;South America;10;
Wiwa;Colombia;CO;19500;10.92861;-73.40561;Sanka;Ethnoreligion;South America;10;
Kulina;Brazil;BR;6000;-6.8667;-70.7541;Kulina;Ethnoreligion;South America;10;
Asheninca Perene;Peru;PE;5500;-10.902;-74.912;Ashéninka, Perené;Ethnoreligion;South America;0;
Potiguara;Brazil;BR;12500;-6.7429;-35.002333;Portuguese;Ethnoreligion;South America;10;
Iquito;Peru;PE;375;-3.8268;-73.3266;Spanish;Ethnoreligion;South America;10;
Ramdasia;India;IN;754000;30.87293;76.477689;Punjabi, Eastern;Sikhism;Southern Asia;10;
Sarera;India;IN;44000;31.531923;75.915895;Punjabi, Eastern;Ethnoreligion;Southern Asia;10;
Teli (Punjabi);Pakistan;PK;906000;31.517469;74.277335;Punjabi, Western;Islam;Southern Asia;10;
Jat;Pakistan;PK;33000;26.001827;67.454151;Jadgali;Islam;Southern Asia;10;
Thakali;Nepal;NP;16500;28.203995;83.99283;Nepali;Buddhism;Southern Asia;10;
Western Gurung;Nepal;NP;707000;28.22054;84.31816;Gurung;Ethnoreligion;Southern Asia;10;
Chaudhri;India;IN;415000;21.225699;72.899547;Chodri;Ethnoreligion;Southern Asia;10;
Chentel Magar;Nepal;NP;13000;28.367812;83.433685;Chantyal;Buddhism;Southern Asia;10;
Barhamu;Nepal;NP;9400;28.065807;84.721675;Nepali;Hinduism;Southern Asia;10;
Mussalli;India;IN;120000;30.963163;75.023084;Urdu;Islam;Southern Asia;10;
Dura;Nepal;NP;8800;28.160385;84.308562;Nepali;Buddhism;Southern Asia;0;
Yutanduchi Mixtec;Mexico;MX;1200;17.036111;-97.295833;Spanish;Christianity;Central America;10;
Hungarians;Hungary;HU;8905000;47.523742;19.117109;Hungarian;Christianity;Eastern Europe;10;
Susu;Guinea;GV;2760000;9.520339;-13.294205;Susu;Islam;Western Africa;10;
Tejalapan Zapotec;Mexico;MX;5300;17.111111;-96.854167;Spanish;Christianity;Central America;10;
Southeastern Guerrero Mixtec;Mexico;MX;117000;17.195556;-98.408056;Mixtec, Metlatónoc;Christianity;Central America;10;
Zenzontepec Chatino;Mexico;MX;21500;16.534444;-97.494722;Chatino, Zenzontepec;Christianity;Central America;10;
Zenu;Colombia;CO;285000;9.145449;-75.512414;Spanish;Christianity;South America;10;
Kamboh;India;IN;1680000;30.157026;76.183695;Hindi;Islam;Southern Asia;10;
Arhuaco;Colombia;CO;16500;10.70184;-73.63629;Arhuaco;Ethnoreligion;South America;10;
Eastern Tamang;Nepal;NP;1625000;27.53702;85.83794;Tamang, Eastern;Buddhism;Southern Asia;10;
Chigmecatitlan Mixtec;Mexico;MX;2100;18.6475;-98.075278;Spanish;Christianity;Central America;10;
Kaike;Nepal;NP;2400;28.8707;83.1455;Kaike;Ethnoreligion;Southern Asia;0;
Tilquiapan Zapotec;Mexico;MX;3200;16.780556;-96.581111;Zapotec, Tilquiapan;Christianity;Central America;10;
Sirkiband;India;IN;116000;30.907226;74.624677;Punjabi, Eastern;Hinduism;Southern Asia;10;
Rayon Zoque;Mexico;MX;16500;17.200278;-93.011389;Spanish;Christianity;Central America;10;
Pagadai;India;IN;20500;9.583333;77.95;Tamil;Hinduism;Southern Asia;75;
Toto;India;IN;1700;26.8297;89.3101;Toto;Buddhism;Southern Asia;75;
Thao;Taiwan;TW;800;23.83329;120.92981;Chinese, Min Nan;Christianity;Eastern Asia;75;
Huallaga Quechua;Peru;PE;57500;-9.8658;-76.1666;Quechua, Huallaga;Ethnoreligion;South America;75;
Guambiano;Colombia;CO;23500;2.8313;-76.562;Misak;Ethnoreligion;South America;75;
Manjuy Chorote;Argentina;AR;1600;-22.17584;-62.9306;Chorote, Iyo’wujwa;Ethnoreligion;South America;75;
Northwestern Chinantec;Mexico;MX;20500;17.887778;-96.524444;Chinantec, Tlacoatzintepec;Christianity;Central America;75;
Northern Puebla Nahuatl;Mexico;MX;179000;20.158333;-98.202222;Spanish;Christianity;Central America;75;
Poyanawa;Brazil;BR;550;-7.5;-73.083333;Portuguese;Ethnoreligion;South America;75;
Southeastern Ixtlan Zapotec;Mexico;MX;2900;17.330556;-96.487222;Spanish;Christianity;Central America;75;
Central Nahuatl;Mexico;MX;631000;19.151944;-98.103056;Spanish;Christianity;Central America;75;
Lowland Oaxaca Chontal;Mexico;MX;1000;16.025;-95.665278;Spanish;Christianity;Central America;75;
Ocotlan Zapotec;Mexico;MX;17500;16.741111;-96.680833;Spanish;Christianity;Central America;75;
Ixtlan Zapotec;Mexico;MX;5900;17.426667;-96.538333;Spanish;Christianity;Central America;75;
Yautepec Zapotec;Mexico;MX;325;16.428333;-95.973611;Spanish;Christianity;Central America;75;
Northern Tarahumara;Mexico;MX;2300;28.3475;-107.846111;Spanish;Christianity;Central America;75;
Tlacolula Valley Zapotec;Mexico;MX;108000;16.796111;-96.395833;Spanish;Ethnoreligion;Central America;75;
Chiltepec Chinantec;Mexico;MX;5500;17.946667;-96.170556;Spanish;Christianity;Central America;75;
Northwestern Tlaxiaco Mixtec;Mexico;MX;53000;17.269444;-97.679167;Spanish;Christianity;Central America;75;
Kanamari;Brazil;BR;3700;-6.7944;-69.3859;Kanamarí;Ethnoreligion;South America;75;
Paez;Colombia;CO;148000;2.8433;-76.3166;Nasa;Ethnoreligion;South America;75;
Tsachila;Ecuador;EC;3200;-0.2378;-79.2308;Tsafiki;Ethnoreligion;South America;75;
Sharanahua;Peru;PE;500;-10.1378;-70.9956;Sharanahua;Ethnoreligion;South America;75;
Wayuu;Colombia;CO;206000;11.3851;-72.2428;Wayuu;Ethnoreligion;South America;75;
Machiguenga;Peru;PE;11500;-11.7185;-72.9459;Matsigenka;Ethnoreligion;South America;75;
Central Tlaxiaco Mixtec;Mexico;MX;16000;17.018056;-97.5;Mixtec, Tijaltepec;Christianity;Central America;75;
Eastern Miahuatlan Zapotec;Mexico;MX;7800;16.378611;-96.3375;Zapotec, Mixtepec;Christianity;Central America;75;
Tlahuitoltepec Mixe;Mexico;MX;18500;17.093056;-96.064444;Mixe, Tlahuitoltepec;Christianity;Central America;75;
Southwestern Tlaxiaco Mixtec;Mexico;MX;15000;16.921111;-97.893056;Mixtec, Southwestern Tlaxiaco;Christianity;Central America;75;
Western Oaxaca Mixtec;Mexico;MX;67000;17.338889;-98.011111;Mixtec, Silacayoapan;Christianity;Central America;75;
Chachapoyas Quechua;Peru;PE;8800;-6.27021;-77.66152;Quechua, Chachapoyas;Ethnoreligion;South America;75;
Urarina;Peru;PE;4900;-4.091;-75.382;Urarina;Ethnoreligion;South America;75;
Southern Aymara;Peru;PE;257000;-16.8777;-70.5018;Aymara, Southern;Ethnoreligion;South America;75;
Capanahua;Peru;PE;375;-6.6539;-74.3294;Capanahua;Ethnoreligion;South America;75;
Junikuin;Peru;PE;1700;-9.9034;-70.9203;Kashinawa;Ethnoreligion;South America;75;
Yami;Taiwan;TW;4700;22.055;121.54423;Yami;Christianity;Eastern Asia;75;
Atayal;Taiwan;TW;93000;24.52089;121.38819;Atayal;Christianity;Eastern Asia;75;
Pinuyumayan;Taiwan;TW;14500;22.64302;120.99631;Chinese, Mandarin;Ethnoreligion;Eastern Asia;75;
Ami;Taiwan;TW;215000;23.09172;121.34791;Amis;Christianity;Eastern Asia;75;
Paiwanese;Taiwan;TW;116000;22.32714;120.80566;Paiwan;Christianity;Eastern Asia;75;
Ndebele;Zimbabwe;ZI;2135000;-19.8657;28.57415;Ndebele (Zimbabwe);Christianity;Eastern Africa;75;
Santal;Bhutan;BT;2200;26.8652;89.3816;Santhali;Christianity;Southern Asia;75;
Jirel;Nepal;NP;6400;27.631283;86.220261;Jirel;Ethnoreligion;Southern Asia;75;
Indo-Caribbean;Guyana;GY;238000;6.8043;-58.148404;Guyanese English Creole;Hinduism;South America;75;
Indo-Caribbean;Suriname;NS;133000;5.850083;-55.273467;Hindustani, Sarnami;Hinduism;South America;75;
Oraon;Bhutan;BT;4200;26.895792;89.095056;Kurux;Hinduism;Southern Asia;75;
Danuwar;Nepal;NP;69500;27.022391;86.184879;Danuwar;Hinduism;Southern Asia;75;
Santal;Nepal;NP;55000;26.524336;87.755687;Santhali;Hinduism;Southern Asia;75;
Chamlinge Rai;Nepal;NP;15000;26.843479;86.999822;Chamling;Hinduism;Southern Asia;75;
Sorgir;India;IN;1100;30.34;76.38;Punjabi, Eastern;Hinduism;Southern Asia;75;
Mazabi;India;IN;3625000;30.81965;75.179189;Punjabi, Eastern;Sikhism;Southern Asia;75;
Burgher;Sri Lanka;CE;45000;7.71975;81.67875;Indo-Portuguese;Christianity;Southern Asia;75;
Toda;India;IN;2400;11.491604;76.733652;Toda;Ethnoreligion;Southern Asia;75;
Indian Christians;South Africa;SF;310000;-29.833469;30.992916;English;Christianity;Southern Africa;75;
Papel;Guinea-Bissau;PU;214000;11.8977;-15.83879;Papel;Ethnoreligion;Western Africa;75;
Santal;Bangladesh;BG;209000;25.500199;88.951553;Santhali;Christianity;Southern Asia;75;
Alak Sanak;Laos;LA;5100;15.466871;106.944989;Alak;Ethnoreligion;South-Eastern Asia;10;
Makong Maroy;Laos;LA;1300;17.0567;105.602845;So (Laos);Ethnoreligion;South-Eastern Asia;75;
Makong Pua;Laos;LA;1500;17.503994;105.149065;So (Laos);Ethnoreligion;South-Eastern Asia;75;
Makong Trui;Laos;LA;2600;17.05563;105.78953;So (Laos);Ethnoreligion;South-Eastern Asia;10;
Phutai Silur;Laos;LA;5500;17.30625;105.60829;Phu Thai;Ethnoreligion;South-Eastern Asia;10;
Pong Javieng;Laos;LA;375;18.41591;104.50714;Phong-Kniang;Ethnoreligion;South-Eastern Asia;75;
Sin;Laos;LA;300;18.076639;105.066704;Lao;Ethnoreligion;South-Eastern Asia;75;
Tai Moey;Laos;LA;3400;18.6067;104.36219;Tai Dam;Buddhism;South-Eastern Asia;10;
Thai Teng;Laos;LA;1300;18.1618052;105.1659764;Thai;Ethnoreligion;South-Eastern Asia;10;
Holeya;India;IN;971000;17.338862;76.828505;Kannada;Hinduism;Southern Asia;10;
Lhomi;Nepal;NP;7200;27.758808;87.316499;Lhomi;Buddhism;Southern Asia;75;
Thai;Thailand;TH;22830000;13.823326;100.562724;Thai;Buddhism;South-Eastern Asia;10;
Saho;Eritrea;ER;169000;15.094;39.905;Saho;Islam;Eastern Africa;0;
Armenians;Armenia;AM;2775000;40.185518;44.523779;Armenian;Christianity;Western Asia;10;
Lao;Laos;LA;3935000;18.015882;102.640344;Lao;Buddhism;South-Eastern Asia;10;
Egyptian Copts;Egypt;EG;6115000;31.239984;29.992516;Arabic, Egyptian;Christianity;Northern Africa;10;
Isaan;Thailand;TH;18600000;17.397736;102.810027;Thai, Northeastern;Buddhism;South-Eastern Asia;10;
Badhi;Nepal;NP;11500;28.256733;83.972993;Jumli;Hinduism;Southern Asia;75;
Hayu;Nepal;NP;3100;27.275224;85.991842;Nepali;Hinduism;Southern Asia;10;
Chamar;Nepal;NP;462000;26.953943;85.308411;Nepali;Hinduism;Southern Asia;10;
Jat Sikhs;India;IN;11330000;27.205765;78.007418;Punjabi, Eastern;Sikhism;Southern Asia;10;
Shanenawa;Brazil;BR;400;-8.0741;-70.3457;Portuguese;Ethnoreligion;South America;10;
Badi;India;IN;16000;29.948;77.544;Hindi;Hinduism;Southern Asia;0;
Santa Ana de Tusi Pasco Quechua;Peru;PE;15500;-10.4712;-76.3543;Spanish;Christianity;South America;75;
Marubo;Brazil;BR;2000;-6.366667;-72.666667;Marubo;Ethnoreligion;South America;10;
Kashmiri;Pakistan;PK;191000;33.851225;73.754828;Kashmiri;Islam;Southern Asia;10;
Ramgarhia Sikhs;India;IN;1065000;30.965917;76.523023;Punjabi, Eastern;Sikhism;Southern Asia;10;
Oraon;Bangladesh;BG;89000;25.77886;88.79981;Kurux;Ethnoreligion;Southern Asia;75;
Afro-Ecuadorians;Ecuador;EC;937000;0.789;-79.094;Spanish;Christianity;South America;10;
Baniwa;Brazil;BR;5900;1.3859;-68.1534;Baniwa;Ethnoreligion;South America;75;
Highland Oaxaca Chontal;Mexico;MX;4000;16.173889;-95.886389;Spanish;Christianity;Central America;75;
Circassians;Jordan;JO;191000;32.33163;36.33668;Adyghe;Islam;Western Asia;10;
Brahui;Afghanistan;AF;306000;30.08586;64.65394;Brahui;Islam;Southern Asia;10;
Moors;Mauritania;MR;3855000;18.0508;-15.9685;Hassaniyya;Islam;Western Africa;10;
Katu Adek;Laos;LA;500;15.78874;107.047871;Katu, Western;Ethnoreligion;South-Eastern Asia;0;
Katu Dak Kang;Laos;LA;2000;15.407681;107.03389;Katu, Western;Ethnoreligion;South-Eastern Asia;0;
Khatavueng;Laos;LA;1000;18.21702;104.9771;Lao;Ethnoreligion;South-Eastern Asia;0;
Akha Mutuen;Laos;LA;1500;21.163123;101.80469;Akha;Ethnoreligion;South-Eastern Asia;10;
Phongku;Laos;LA;1800;21.430669;102.20432;Phunoi;Buddhism;South-Eastern Asia;0;
Phuthai Angkham;Laos;LA;1700;16.918645;106.073118;Phu Thai;Buddhism;South-Eastern Asia;0;
Phutai Kata;Laos;LA;1300;17.5976;105.18861;Phu Thai;Ethnoreligion;South-Eastern Asia;0;
Pong Poong;Laos;LA;1100;20.012748;103.865063;Phong-Kniang;Buddhism;South-Eastern Asia;0;
Pong Seng;Laos;LA;1000;20.21612;104.001426;Phong-Kniang;Buddhism;South-Eastern Asia;0;
Thai Ae;Laos;LA;900;18.26699;104.671142;Tai Yo;Ethnoreligion;South-Eastern Asia;0;
Sahrawi;Western Sahara;WI;270000;26.1560452625;-10.6008090189;Hassaniyya;Islam;Northern Africa;0;
Qizilbash;Afghanistan;AF;30500;32.364777;62.09403;Dari;Islam;Southern Asia;0;
Kamviri Nuristani;Afghanistan;AF;27500;35.40963;71.32342;Komviri;Islam;Southern Asia;0;
Usta;India;IN;2500;28.016667;73.311944;Urdu;Islam;Southern Asia;0;
Chungar;India;IN;8000;28.01989;73.317553;Urdu;Islam;Southern Asia;0;
Pipipa;Brazil;BR;2300;-8.5818;-37.933;Portuguese;Ethnoreligion;South America;10;
Kalanko;Brazil;BR;425;-9.1565;-37.906667;Portuguese;Ethnoreligion;South America;10;
Tumbalala;Brazil;BR;1700;-8.549017;-39.356833;Portuguese;Ethnoreligion;South America;10;
Galwan;India;IN;1300;34.06237;74.373223;Kashmiri;Islam;Southern Asia;0;
Panniandi;India;IN;24000;10.87353;76.976854;Telugu;Hinduism;Southern Asia;0;
Mujavar;India;IN;700;23.6884613355;69.2059314185;Kacchi;Islam;Southern Asia;0;
Punjabi Sikhs;Hong Kong;HK;7200;22.2750550428;114.176953508;Punjabi, Western;Sikhism;Eastern Asia;0;
Mir;India;IN;48500;22.307161;73.181213;Gujarati;Islam;Southern Asia;0;
Nar-Phuba;Nepal;NP;800;28.68;84.197;Nar Phu;Buddhism;Southern Asia;10;
Bankhariya;Nepal;NP;175;27.441355;84.886865;Kharia;Ethnoreligion;Southern Asia;10;
Modaks;India;IN;163000;24.267698;87.248663;Bengali;Hinduism;Southern Asia;0;
Pahari Nagarkotis;Nepal;NP;1500;27.7;85.333333;Pahari;Hinduism;Southern Asia;0;
Noorbasha;India;IN;776000;15.34951;78.005385;Telugu;Islam;Southern Asia;10;
Kokaniz;India;IN;15000;19.18972;72.972546;Urdu;Islam;Southern Asia;0;
Tajiks;Afghanistan;AF;11220000;37.146938;70.513232;Dari;Islam;Southern Asia;10;
Awlad Ali Bedouins;Egypt;EG;599000;31.333333;27.216667;Arabic, Egyptian;Islam;Northern Africa;10;
Chamar (Punjabi);India;IN;1795000;30.867962;75.908838;Punjabi, Eastern;Hinduism;Southern Asia;10;
Baraik;India;IN;89500;23.0226236327;84.5179405548;Hindi;Hinduism;Southern Asia;10;
Kewat;Nepal;NP;183000;26.748204;86.019195;Nepali;Hinduism;Southern Asia;10;
Kolai;Pakistan;PK;545000;35.2118;73.3848;Shina, Kohistani;Islam;Southern Asia;10;
Urdu;Pakistan;PK;17360000;25.389567;68.369636;Urdu;Islam;Southern Asia;10;
Gurung;Nepal;NP;460000;28.294851;83.926021;Nepali;Buddhism;Southern Asia;10;
Syuba;Nepal;NP;1700;27.44921;86.16753;Syuba;Buddhism;Southern Asia;75;
Yoruba;Canada;CA;10000;43.653226;-79.383184;Yoruba;Christianity;Northern America;75;
Togolese;Canada;CA;5600;45.5016889;-73.5672559;French;Christianity;Northern America;75;
Anglo-Australians;Canada;CA;45000;49.282729;-123.120738;English;Unaffiliated;Northern America;75;
Han Chinese;France;FR;172000;43.3274;5.3945;Chinese, Mandarin;Unaffiliated;Western Europe;75;
Sikhs;Canada;CA;522000;43.6767;-79.67754;Punjabi, Eastern;Sikhism;Northern America;10;
Punjabi Sikhs;Bangladesh;BG;80;23.709921;90.407143;Punjabi, Eastern;Sikhism;Southern Asia;0;
Gujarati Jains;Kenya;KE;24000;-4.05;39.666667;Gujarati;Other;Eastern Africa;10;
Goans;Mozambique;MZ;18000;-25.95364;32.594461;Konkani, Goan;Christianity;Eastern Africa;10;
Muslim Indo-Mauritians;Mauritius;MP;113000;-20.257551;57.467115;Urdu;Islam;Eastern Africa;10;
Bengali;Pakistan;PK;387000;24.836534;67.231648;Bengali;Islam;Southern Asia;10;
Shina;India;IN;37000;34.627874;74.804849;Shina;Islam;Southern Asia;0;
Latin American Nikkei;Japan;JA;61500;35.650325;139.659766;Spanish;Ethnoreligion;Eastern Asia;0;
Hindu Indo-Mauritians;Mauritius;MP;740000;-20.186687;57.71444;Bhojpuri;Hinduism;Eastern Africa;10;
Punjabis;Nepal;NP;16500;26.601554;87.102456;Punjabi, Eastern;Hinduism;Southern Asia;0;
Oriya;Bangladesh;BG;42500;24.897778;91.871389;Odia;Hinduism;Southern Asia;10;
Bengali;Sri Lanka;CE;25500;6.940434;79.85901;Bengali;Islam;Southern Asia;0;
Gujaratis;Bangladesh;BG;375;23.709921;90.407143;Gujarati;Hinduism;Southern Asia;0;
Bengali;Kenya;KE;1700;-1.288504;36.847898;Bengali;Islam;Eastern Africa;10;
Gujaratis;Pakistan;PK;1450000;27.997;69.408;Gujarati;Hinduism;Southern Asia;75;
Kuwaiti Arabs;United States;US;26500;34.746481;-92.289595;Arabic, Gulf;Islam;Northern America;0;
Kuwaiti Arabs;Canada;CA;2400;45.383547;-75.654498;Arabic, Gulf;Islam;Northern America;0;
Yemini Arabs;Canada;CA;7100;43.806766;-79.275171;Arabic, Ta’izzi-Adeni;Islam;Northern America;10;
Kashmiris;Canada;CA;3500;43.6532;-79.3831;Kashmiri;Islam;Northern America;0;
Sikhs;United States;US;304000;37.32585;-121.76453;Punjabi, Eastern;Sikhism;Northern America;10;
Kashmiri;United States;US;1300;32.6185;-97.0785;Kashmiri;Islam;Northern America;10;
Shaikh (Urdu);United States;US;60500;40.75002;-73.89177;Urdu;Islam;Northern America;10;
Mongols;United States;US;9900;39.707842;-104.975772;Mongolian, Peripheral;Buddhism;Northern America;10;
Nepali Brahmins;United States;US;1000;42.0048;-87.7368;Nepali;Hinduism;Northern America;10;
Khalka Mongols;Kyrgyzstan;KG;125;42.903153;74.604585;Mongolian, Halh;Unaffiliated;Central Asia;0;
Hui;United States;US;2300;37.7825;-122.4122;Chinese, Mandarin;Islam;Northern America;10;
Jains (Bengali);India;IN;130000;22.884884;88.078183;Bengali;Other;Southern Asia;0;
Khalka Mongols;Germany;GM;5000;52.529354;13.446077;Mongolian, Halh;Buddhism;Western Europe;0;
Khalka Mongols;Canada;CA;1300;45.372457;-75.703859;Mongolian, Halh;Buddhism;Northern America;10;
Hmong Njua;Canada;CA;900;43.4454;-80.51046;Hmong Njua;Ethnoreligion;Northern America;75;
Khalka Mongols;Hungary;HU;1200;47.518252;19.112151;Mongolian, Halh;Unaffiliated;Eastern Europe;75;
Indo-Fijians;United States;US;600;37.6182;-122.42877;Fiji Hindi;Hinduism;Northern America;75;
Afghans;Greece;GR;36000;37.979194;23.648348;Dari;Islam;Southern Europe;10;
Khalka Mongols;Taiwan;TW;7200;25.071195;121.537267;Mongolian, Halh;Ethnoreligion;Eastern Asia;0;
Khalka Mongols;Austria;AU;2600;48.303056;14.290556;Mongolian, Halh;Buddhism;Western Europe;10;
Khalka Mongols;Czech Republic;EZ;2300;50.095957;14.445599;Mongolian, Halh;Unaffiliated;Eastern Europe;10;
Eritreans;Kenya;KE;2100;-1.286389;36.817222;Tigrigna;Christianity;Eastern Africa;75;
Khalka Mongols;United Kingdom;UK;1900;51.49966;-0.270856;Mongolian, Halh;Unaffiliated;Northern Europe;75;
Eritreans;Uganda;UG;16000;0.313611;32.581111;Tigrigna;Christianity;Eastern Africa;75;
Afghans;France;FR;40000;48.866907;2.302646;Dari;Islam;Western Europe;10;
Afghans;Iran;IR;2555000;31.616057;54.478815;Dari;Islam;Southern Asia;10;
Chamar (Bengali);India;IN;1045000;23.236709;87.870813;Bengali;Hinduism;Southern Asia;10;
Han Chinese;Colombia;CO;11500;4.684506;-74.151689;Chinese, Mandarin;Ethnoreligion;South America;75;
Han Chinese;Costa Rica;CS;12000;9.901946;-84.09636;Chinese, Mandarin;Ethnoreligion;Central America;75;
Han Chinese;Brazil;BR;280000;-23.56558;-46.630529;Chinese, Mandarin;Ethnoreligion;South America;75;
Han Chinese;Czech Republic;EZ;10500;50.097593;14.386783;Chinese, Mandarin;Ethnoreligion;Eastern Europe;75;
Han Chinese;Greece;GR;28000;37.978195;23.718948;Chinese, Mandarin;Unaffiliated;Southern Europe;75;
Han Chinese;Germany;GM;51000;52.471611;13.303397;Chinese, Mandarin;Unaffiliated;Western Europe;75;
Han Chinese;Hungary;HU;16000;47.483541;19.091019;Chinese, Mandarin;Ethnoreligion;Eastern Europe;75;
Han Chinese;Argentina;AR;52500;-34.713045;-58.534193;Chinese, Mandarin;Ethnoreligion;South America;75;
Han Chinese;Martinique;MB;550;14.613127;-61.087169;Chinese, Mandarin;Ethnoreligion;Caribbean;75;
Han Chinese;Belize;BH;12500;17.497755;-88.205776;Chinese, Mandarin;Ethnoreligion;Central America;75;
Han Chinese;Bolivia;BL;7400;-16.469877;-68.170913;Chinese, Mandarin;Ethnoreligion;South America;75;
Han Chinese;Chile;CI;13500;-33.581729;-70.681689;Chinese, Mandarin;Ethnoreligion;South America;75;
Han Chinese;Barbados;BB;150;13.119;-59.613;Chinese, Mandarin;Ethnoreligion;Caribbean;75;
Han Chinese;Portugal;PO;26000;38.794368;-9.105198;Chinese, Mandarin;Ethnoreligion;Southern Europe;75;
Han Chinese;Bahamas;BF;325;25.04668;-77.280417;Chinese, Mandarin;Ethnoreligion;Caribbean;75;
Han Chinese;South Korea;KS;94500;37.504323;126.883719;Chinese, Mandarin;Unaffiliated;Eastern Asia;75;
Han Chinese;Mexico;MX;26000;32.5027;-116.9668;Chinese, Yue;Unaffiliated;Central America;75;
Han Chinese (Mandarin);United States;US;2340000;38.898418;-77.012814;Chinese, Mandarin;Unaffiliated;Northern America;75;
Han Chinese (Mandarin);Venezuela;VE;27000;10.451093;-66.925748;Chinese, Mandarin;Ethnoreligion;South America;75;
Han Chinese (Teochew);United States;US;35500;47.481099;-122.310492;Chinese, Min Nan;Ethnoreligion;Northern America;10;
Han Chinese (Cantonese);Haiti;HA;550;18.512727;-72.286948;Chinese, Yue;Ethnoreligion;Caribbean;75;
Han Chinese, Taiwanese;Argentina;AR;1400;-34.778406;-58.207389;Chinese, Min Nan;Ethnoreligion;South America;75;
Han Chinese (Cantonese);Ecuador;EC;9600;-0.134388;-78.495636;Chinese, Yue;Unaffiliated;South America;75;
Han Chinese (Cantonese);Venezuela;VE;30000;10.483908;-66.811752;Chinese, Yue;Ethnoreligion;South America;75;
Han Chinese (Min Nan);Peru;PE;7700;-12.072117;-77.011619;Chinese, Min Nan;Ethnoreligion;South America;75;
Han Chinese (Cantonese);Dominican Republic;DR;12000;18.47908;-69.888732;Chinese, Yue;Ethnoreligion;Caribbean;75;
Han Chinese (Cantonese);Guyana;GY;3300;6.80588;-58.137417;Chinese, Yue;Ethnoreligion;South America;75;
Han Chinese (Cantonese);Canada;CA;569000;49.169045;-122.85816;Chinese, Yue;Ethnoreligion;Northern America;75;
Han Chinese;Panama;PM;68500;8.43;-82.433;Chinese, Yue;Unaffiliated;Central America;75;
Han Chinese (Cantonese);Singapore;SN;510000;1.316197;103.699161;Chinese, Yue;Ethnoreligion;South-Eastern Asia;75;
Han Chinese;Trinidad and Tobago;TD;44500;10.679236;-61.445418;Chinese, Yue;Ethnoreligion;Caribbean;75;
Han Chinese (Cantonese);Peru;PE;117000;-11.955;-77.0515;Chinese, Yue;Ethnoreligion;South America;75;
Han Chinese;Brunei;BX;7900;4.8932;114.928;Chinese, Yue;Ethnoreligion;South-Eastern Asia;75;
Han Chinese (Cantonese);Honduras;HO;7700;14.104285;-87.170719;Chinese, Yue;Ethnoreligion;Central America;75;
Han Chinese;Curacao;UC;1100;12.104355;-68.912207;Chinese, Yue;Ethnoreligion;Caribbean;75;
Han Chinese (Cantonese);Belgium;BE;9500;50.871272;4.357569;Chinese, Yue;Unaffiliated;Western Europe;75;
Han Chinese;United Kingdom;UK;196000;51.461413;0.041474;Chinese, Yue;Ethnoreligion;Northern Europe;75;
Han Chinese;Paraguay;PA;15000;-25.287979;-57.57461;Chinese, Mandarin;Ethnoreligion;South America;75;
Han Chinese (Mandarin);Belgium;BE;21500;50.878565;4.353366;Chinese, Mandarin;Unaffiliated;Western Europe;75;
Han Chinese (Min Bei);Singapore;SN;19000;1.333424;103.701855;Chinese, Min Bei;Ethnoreligion;South-Eastern Asia;75;
Han Chinese;Switzerland;SZ;11000;47.402;8.541;Chinese, Mandarin;Ethnoreligion;Western Europe;75;
Han Chinese (Min Nan);Canada;CA;28500;45.421957;-75.637948;Chinese, Min Nan;Ethnoreligion;Northern America;75;
Han Chinese;Cuba;CU;40500;23.041717;-82.259612;Chinese, Mandarin;Unaffiliated;Caribbean;75;
Han Chinese (Min Nan);United States;US;155000;40.699054;-73.930101;Chinese, Min Nan;Ethnoreligion;Northern America;75;
Han Chinese;Italy;IT;100000;43.885474;11.092851;Chinese, Mandarin;Ethnoreligion;Southern Europe;75;
Han Chinese (Mandarin);Ecuador;EC;10500;-0.1672;-78.4843;Chinese, Mandarin;Unaffiliated;South America;75;
Han Chinese (Hainanese);Malaysia;MY;79000;3.189825;101.568628;Hainanese;Ethnoreligion;South-Eastern Asia;75;
Deaf Sahrawis;Western Sahara;WI;6100;27.1121692503;-13.1069819916;Natural Sign Language;Islam;Northern Africa;0;
Turks;Italy;IT;40000;45.4802270949;9.20215754791;Turkish;Islam;Southern Europe;0;
Gazan Arabs;Palestine;XP;2315000;31.347424;34.305955;South Levantine Arabic;Islam;Western Asia;0;
Western Baloch;Iran;IR;3015000;28.85962;60.63237;Balochi, Western;Islam;Southern Asia;0;
Azerbaijani;Kazakhstan;KZ;95000;43.257683;76.85815;Azerbaijani, North;Islam;Central Asia;0;
Middle-Eastern Turkoman;Jordan;JO;71500;32.569935;35.857712;Turkish;Islam;Western Asia;0;
Chechens;Kazakhstan;KZ;42000;43.3545;76.943;Chechen;Islam;Central Asia;0;
Azerbaijani;United States;US;26000;40.747729;-73.93138;Azerbaijani, North;Islam;Northern America;10;
Sahrawi;Morocco;MO;686000;28.0191;-9.2953;Hassaniyya;Islam;Northern Africa;10;
Somalis;Ethiopia;ET;8140000;9.638729;41.833952;Somali;Islam;Eastern Africa;10;
Bengali;Canada;CA;81000;43.736511;-79.474644;Bengali;Islam;Northern America;10;
Persians;Iraq;IZ;511000;33.246819;44.394543;Persian, Iranian;Islam;Western Asia;10;
Rumelian Turks;Greece;GR;161000;41.122625;25.402537;Turkish;Islam;Southern Europe;10;
Omani Arabs;Oman;MU;1120000;23.602457;58.544391;Arabic, Omani;Islam;Western Asia;10;
Behdini;Iraq;IZ;4360000;36.861257;43.003477;Kurdish, Northern;Islam;Western Asia;10;
Afghans;Canada;CA;89500;43.7834;-79.288;Dari;Islam;Northern America;10;
Afghans;Germany;GM;253000;53.575129;10.047306;Dari;Islam;Western Europe;10;
Kurmanji Kurds;Kyrgyzstan;KG;17000;42.893572;74.596891;Kurdish, Northern;Islam;Central Asia;10;
West Bank Arabs;Palestine;XP;3385000;31.710335;35.200601;Arabic, Levantine;Islam;Western Asia;10;
Rohingya;Bangladesh;BG;908000;21.1902;92.1604;Rohingya;Islam;Southern Asia;10;
Rohingya;Myanmar;BM;633000;20.824;92.3676;Bengali;Islam;South-Eastern Asia;10;
Somalis;Italy;IT;13500;41.893722;12.484288;Somali;Islam;Southern Europe;10;
Jordanian Arabs;Jordan;JO;3555000;31.976771;35.874321;Arabic, Levantine;Islam;Western Asia;10;
Bengali;United States;US;376000;40.700514;-73.81012;Bengali;Islam;Northern America;10;
Turks;North Macedonia;MK;69500;41.68;22.42;Turkish;Islam;Southern Europe;0;
Rohingya;United States;US;13000;41.0390565072;-85.154916532;Rohingya;Islam;Northern America;10;
Syrian Arabs;Jordan;JO;1300000;32.552051;35.851647;Arabic, Levantine;Islam;Western Asia;10;
Kurmanji Kurds;Lebanon;LE;154000;33.8314;35.5312;Kurdish, Northern;Islam;Western Asia;10;
Bengali;Myanmar;BM;347000;20.135177;92.891181;Bengali;Islam;South-Eastern Asia;10;
Afghans;Tajikistan;TI;6000;38.5514;68.7591;Dari;Islam;Central Asia;10;
Basith;India;IN;27500;33.371743;74.312482;Pahari-Potwari;Hinduism;Southern Asia;10;
Persians;Kuwait;KU;50000;29.3422;47.9386;Persian, Iranian;Islam;Western Asia;0;
Ryukyuan;United States;US;14500;21.345902;-157.912623;Japanese;Ethnoreligion;Northern America;10;
Albanians;Kosovo;KV;1960000;42.666496;21.164589;Albanian, Gheg;Islam;Southern Europe;10;
Afghans;Türkiye;TU;257000;38.490486;43.370358;Dari;Islam;Western Asia;10;
Burmese;Thailand;TH;1435000;13.7456;100.5957;Burmese;Buddhism;South-Eastern Asia;10;
Hari;India;IN;1145000;22.815999;88.828432;Bengali;Hinduism;Southern Asia;10;
Belarusians;Belarus;BO;7880000;53.900144;27.573972;Russian;Christianity;Eastern Europe;10;
Bahraini Shia Arabs;Bahrain;BA;739000;26.118077;50.572334;Arabic, Baharna;Islam;Western Asia;10;
Tamil;United States;US;338000;40.410634;-74.394548;Tamil;Hinduism;Northern America;10;
Tubatulabals;United States;US;1000;35.734111;-118.31343;English;Christianity;Northern America;75;
Goans;Canada;CA;5200;43.6531;-79.3831;Konkani, Goan;Christianity;Northern America;75;
Goans;Pakistan;PK;80000;24.855926;67.046335;Konkani, Goan;Hinduism;Southern Asia;75;
Peruvians;Peru;PE;26390000;-12.073636;-77.060924;Spanish;Christianity;South America;75;
Bengali;India;IN;4530000;24.459457;88.057797;Bengali;Islam;Southern Asia;10;
Karuazu;Brazil;BR;1400;-9.295;-38.035;Portuguese;Ethnoreligion;South America;10;
Dalu;Bangladesh;BG;750;25.090269;90.195427;Darlong;Hinduism;Southern Asia;0;
Han Chinese;Myanmar;BM;648000;16.870068;96.130736;Chinese, Mandarin;Ethnoreligion;South-Eastern Asia;75;
Han Chinese;Japan;JA;736000;35.636697;139.688709;Chinese, Mandarin;Unaffiliated;Eastern Asia;75;
Atisbaz;India;IN;3800;25.6898;82.4139;Urdu;Islam;Southern Asia;10;
Truka;Brazil;BR;4600;-8.520033;-39.337167;Portuguese;Ethnoreligion;South America;10;
Tara Baaka;South Sudan;OD;45500;4.871;29.479;Baka (South Sudan);Christianity;Northern Africa;0;
Nuer;South Sudan;OD;1750000;8.1194;32.3505;Nuer;Ethnoreligion;Northern Africa;10;
Dudekula;India;IN;57500;13.557083;78.998701;Telugu;Islam;Southern Asia;10;
Chamar (Maithili);India;IN;430000;26.118564;85.395889;Maithili;Hinduism;Southern Asia;75;
Khulwant;India;IN;2700;26.60957;84.8562;Bhojpuri;Hinduism;Southern Asia;10;
Chamar (Bhojpuri);India;IN;4550000;25.974625;83.546868;Bhojpuri;Hinduism;Southern Asia;75;
Bing;Nepal;NP;128000;27.169112;84.852437;Nepali;Hinduism;Southern Asia;10;
Dom;Nepal;NP;15500;26.469866;87.289587;Nepali;Hinduism;Southern Asia;10;
Chanao;India;IN;2200;27.16;84.3352;Bhojpuri;Hinduism;Southern Asia;10;
Bamar;Myanmar;BM;29680000;20.29805;95.78856;Burmese;Buddhism;South-Eastern Asia;10;
Basque;Spain;SP;2210000;42.96804;-2.07063;Basque;Unaffiliated;Southern Europe;10;
Danu;Myanmar;BM;113000;21.054463;96.519435;Danu;Buddhism;South-Eastern Asia;10;
Kayah;Myanmar;BM;115000;18.68704;97.4877;Kayah, Western;Ethnoreligion;South-Eastern Asia;10;
Sargara;India;IN;167000;25.771089;73.323448;Marwari (India);Hinduism;Southern Asia;75;
Circassian - Kabardins;Russian Federation;RS;526000;43.501664;43.615999;Kabardian;Islam;Eastern Europe;10;
Sorani Kurds;Iraq;IZ;5425000;35.62028;44.99394;Kurdish, Central;Islam;Western Asia;10;
French-speaking West Africans;France;FR;133000;48.803941;2.294599;French;Islam;Western Europe;10;
Antandroy;Madagascar;MA;1250000;-25.184272;46.087467;Malagasy, Tandroy-Mahafaly;Ethnoreligion;Eastern Africa;10;
Khalka Mongols;Mongolia;MG;3150000;46.17193;105.69295;Mongolian, Halh;Buddhism;Eastern Asia;10;
Brazilian Nikkei;Japan;JA;104000;35.174009;136.904075;Japanese;Ethnoreligion;Eastern Asia;75;
Northern Zaza;Türkiye;TU;1495000;39.361551;39.478885;Zazaki, Northern;Islam;Western Asia;10;
Pao Karen;Myanmar;BM;874000;20.6799;97.12815;Pa’o;Buddhism;South-Eastern Asia;10;
Pomak;Türkiye;TU;50000;37.7636;38.288;Turkish;Islam;Western Asia;0;
Icelanders;Iceland;IC;353000;64.135019;-21.900504;Icelandic;Unaffiliated;Northern Europe;75;
Israeli Jews;United Kingdom;UK;270000;51.375401;-0.103162;English;Judaism;Northern Europe;10;
Danau;Myanmar;BM;5600;20.6644568224;96.7136119897;Danau;Buddhism;South-Eastern Asia;0;
Jibana Mijikenda;Kenya;KE;43500;-3.82703315894;39.7866257356;Kigiryama;Ethnoreligion;Eastern Africa;75;
Digo Mijikenda;Kenya;KE;462000;-4.17225374307;39.5610448586;Chidigo;Islam;Eastern Africa;10;
Ribe Mijikenda;Kenya;KE;12000;-3.88361649574;39.6823689706;Kigiryama;Islam;Eastern Africa;75;
Chonyi Mijikenda;Kenya;KE;224000;-3.67622890984;39.8153177398;Chichonyi-Chidzihana-Chikauma;Ethnoreligion;Eastern Africa;75;
Kambe Mijikenda;Kenya;KE;35000;-3.91847816422;39.7398183045;Kigiryama;Ethnoreligion;Eastern Africa;75;
Han Chinese (Min Dong);United States;US;4500;33.994702;-117.968684;Chinese, Min Dong;Unaffiliated;Northern America;75;
Han Chinese (Wu);Canada;CA;9100;49.275409;-123.028214;Chinese, Wu;Ethnoreligion;Northern America;75;
Duruma Mijikenda;Kenya;KE;625000;-4.16911738973;39.2097542128;Chiduruma;Ethnoreligion;Eastern Africa;75;
Kauma Mijikenda;Kenya;KE;80000;-3.66488819576;39.8139409722;Kigiryama;Ethnoreligion;Eastern Africa;75;
Han Chinese (Wu);United States;US;8400;40.681699;-73.970641;Chinese, Wu;Unaffiliated;Northern America;75;
Goans;United States;US;7500;37.3444620915;-121.95308208;English;Christianity;Northern America;75;
Indo-Fijians;Canada;CA;21500;53.5837;-113.4505;Fiji Hindi;Hinduism;Northern America;75;
Antillean Creoles;Bonaire, Sint Eustatius, and Saba;XB;30000;12.1511542481;-68.2685631532;Papiamentu;Christianity;Caribbean;75;
Italians;Vatican City;VT;475;41.903582602;12.4562728218;Italian;Christianity;Southern Europe;75;
Portuguese;Macao;MC;10000;22.1868811252;113.534601732;Portuguese;Christianity;Eastern Asia;75;
Indonesians;Hong Kong;HK;140000;22.2786798899;114.184582895;Indonesian;Islam;Eastern Asia;75;
Filipinos;Macao;MC;32500;22.1605987616;113.57007841;Tagalog;Christianity;Eastern Asia;75;
Burmese;Macao;MC;7900;22.2041792359;113.546236553;Burmese;Buddhism;Eastern Asia;0;
Deaf Hongkongers;Hong Kong;HK;7900;22.2781989367;114.169302655;Hong Kong Sign Language;Ethnoreligion;Eastern Asia;0;
Deaf Macanese;Macao;MC;4800;22.2116;113.55129;Hong Kong Sign Language;Ethnoreligion;Eastern Asia;0;
Han Chinese (Mandarin);China;CH;901450000;39.9105;116.3758;Chinese, Mandarin;Unaffiliated;Eastern Asia;75;
Han Chinese (Cantonese);United States;US;1030000;37.742985;-122.430108;Chinese, Yue;Unaffiliated;Northern America;75;
Koreans;South Korea;KS;50200000;37.505323;126.986748;Korean;Unaffiliated;Eastern Asia;75;
Kapinawa;Brazil;BR;2500;-8.6041;-37.3045;Portuguese;Ethnoreligion;South America;10;
Atikum;Brazil;BR;5900;-8.301417;-38.775667;Portuguese;Ethnoreligion;South America;10;
Tuxa;Brazil;BR;2900;-8.84425;-38.770167;Portuguese;Ethnoreligion;South America;10;
Irish;Canada;CA;511000;43.6488;-79.3777;English;Christianity;Northern America;10;
Afrikaners;Canada;CA;30500;43.6784744656;-79.6380057004;Afrikaans;Christianity;Northern America;75;
Saint-Martiners;Saint Martin;RN;24000;18.0706848264;-63.0802614206;English;Christianity;Caribbean;10;
French;Saint Pierre and Miquelon;SB;5100;46.7816256319;-56.1757506448;French;Christianity;Northern America;0;
Moroccan Arabs;Western Sahara;WI;410000;27.1178117005;-13.1613526803;Arabic, Moroccan;Islam;Northern Africa;0;
Thai;Hong Kong;HK;13000;22.3345696206;114.18283291;Thai;Buddhism;Eastern Asia;0;
Rappahannock;United States;US;2300;37.909681;-77.047944;English;Ethnoreligion;Northern America;75;
Pamunkey;United States;US;425;37.574846;-77.001448;English;Christianity;Northern America;75;
Mattaponi;United States;US;450;37.662617;-76.915922;English;Christianity;Northern America;75;
Rabai Mijikenda;Kenya;KE;142000;-3.88174309464;39.6477326032;Chiduruma;Christianity;Eastern Africa;75;
Han Chinese (Hainanese);Singapore;SN;191000;1.31676;103.679547;Hainanese;Ethnoreligion;South-Eastern Asia;75;
Riffi Imazighen;Morocco;MO;2265000;34.81533;-3.40582;Tarifit;Islam;Northern Africa;10;
Mbya;Paraguay;PA;16000;-26.57018;-55.15034;Guaraní, Mbyá;Ethnoreligion;South America;10;
Central Sama;Malaysia;MY;68500;5.048345;118.289326;Sama, Central;Islam;South-Eastern Asia;0;
Kono;Guinea;GV;121000;7.7533;-8.8226;Kono (Guinea);Ethnoreligion;Western Africa;0;
Mwenga Lega;Congo, Democratic Republic of the;CG;92500;-3.39007;28.26206;Lega-Mwenga;Ethnoreligion;Middle Africa;75;
Orokolo;Papua New Guinea;PP;50000;-7.9647;145.7779;Orokolo;Christianity;Melanesia;75;
Gangam;Togo;TO;77500;10.3314;0.7448;Ngangam;Ethnoreligion;Western Africa;75;
Umon;Nigeria;NI;42000;5.3182;8.0802;Umon;Christianity;Western Africa;75;
Namau;Papua New Guinea;PP;21000;-7.59133;145.03551;Purari;Christianity;Melanesia;75;
Jere;Nigeria;NI;143000;10.043;8.99;Jere;Ethnoreligion;Western Africa;75;
Ruund;Congo, Democratic Republic of the;CG;354000;-8.3597;22.6471;Ruund;Christianity;Middle Africa;10;
Koalib;Sudan;SU;138000;11.613;30.4246;Koalib;Ethnoreligion;Northern Africa;75;
Craig Cove;Vanuatu;NH;2100;-16.2286;168.0156;Bislama;Christianity;Melanesia;75;
Talodi;Sudan;SU;24500;10.64529;30.48154;Arabic, Sudanese;Islam;Northern Africa;10;
Yamalele;Papua New Guinea;PP;8400;-9.4457;150.5922;Iamalele;Christianity;Melanesia;75;
Hausa;Nigeria;NI;39760000;11.98636;8.510117;Hausa;Islam;Western Africa;10;
Bari;South Sudan;OD;625000;3.7936;31.4155;Bari;Ethnoreligion;Northern Africa;75;
Icen;Nigeria;NI;99000;7.2276;10.2275;Etkywan;Christianity;Western Africa;75;
Gaaliin;Sudan;SU;4460000;14.391871;33.521462;Arabic, Sudanese;Islam;Northern Africa;0;
Tagalog;Philippines;RP;36530000;14.06;121.74695;Tagalog;Christianity;South-Eastern Asia;75;
Bondoukou Kulango;Cote d’Ivoire;IV;289000;8.1433;-2.9913;Kulango, Bondoukou;Ethnoreligion;Western Africa;10;
Moroccan Arabs;Morocco;MO;21120000;33.574177;-7.591614;Arabic, Moroccan;Islam;Northern Africa;10;
Logol;Sudan;SU;37000;10.98053;31.12359;Arabic, Sudanese;Islam;Northern Africa;0;
Anuak;South Sudan;OD;97500;7.5675;33.6473;Anuak;Islam;Northern Africa;10;
Mossi;Burkina Faso;UV;8255000;12.387861;-1.560947;Moore;Islam;Western Africa;75;
Sudanese Arabs;Sudan;SU;15500000;15.66736;32.448728;Arabic, Sudanese;Islam;Northern Africa;10;
Rundi;Burundi;BY;13930000;-3.51292;29.92039;Rundi;Christianity;Eastern Africa;10;
Tunisian Arabs;Tunisia;TS;11350000;36.6452;9.6041;Arabic, Tunisian;Islam;Northern Africa;10;
Deaf Israelis;Israel;IS;45000;31.766122;35.17728;Israeli Sign Language;Judaism;Western Asia;0;
Deaf Paraguayans;Paraguay;PA;69000;-25.336636;-57.543099;Paraguayan Sign Language;Unaffiliated;South America;10;
Deaf Dominicans;Dominican Republic;DR;112000;18.501666;-69.848714;Dominican Sign Language;Christianity;Caribbean;10;
Deaf Britons;United Kingdom;UK;670000;51.485348;-0.203094;British Sign Language;Christianity;Northern Europe;10;
Deaf Latvians;Latvia;LG;19000;56.934;24.07;Latvian Sign Language;Christianity;Northern Europe;10;
Deaf Japanese;Japan;JA;1210000;35.692526;139.581265;Japanese Sign Language;Ethnoreligion;Eastern Asia;10;
Deaf Filipinos;Philippines;RP;1180000;14.457997;121.014516;Filipino Sign Language;Christianity;South-Eastern Asia;10;
Deaf Slovakians;Slovakia;LO;54500;48.189831;17.146007;Slovakian Sign Language;Christianity;Eastern Europe;0;
Deaf Germans;Germany;GM;823000;50.9723;6.9355;German Sign Language;Christianity;Western Europe;10;
Deaf Koreans;South Korea;KS;549000;37.285551;127.134527;Korean Sign Language;Buddhism;Eastern Asia;10;
Deaf Spaniards;Spain;SP;464000;40.3383;-3.7467;Spanish Sign Language;Christianity;Southern Europe;10;
Deaf Danes;Denmark;DA;59500;55.68;12.505;Danish Sign Language;Christianity;Northern Europe;10;
Lele;Burkina Faso;UV;604000;12.3603;-2.5087;Lyélé;Ethnoreligion;Western Africa;10;
Katcha-Kadugli;Sudan;SU;96000;10.9978;29.7214;Katcha-Kadugli-Miri;Islam;Northern Africa;75;
Menya;Papua New Guinea;PP;50000;-7.17425;146.07051;Menya;Christianity;Melanesia;75;
Wala;Burkina Faso;UV;43000;11.683866;-2.485691;Dagaari Dioula;Islam;Western Africa;10;
Busa-Bisa;Nigeria;NI;19500;9.91074;4.39929;Bisã;Islam;Western Africa;10;
Tidikelt Imazighen;Algeria;AG;1300;27.01903;1.86218;Arabic, Algerian;Islam;Northern Africa;0;
Judeo-Amazigh Jews;Israel;IS;2900;32.1554;34.8485;Hebrew;Judaism;Western Asia;10;
Ghomara Imazighen;Morocco;MO;77500;35.013;-4.99;Arabic, Moroccan;Islam;Northern Africa;0;
Kayan Karen;Myanmar;BM;133000;19.687;96.9546;Kayan (Myanmar);Ethnoreligion;South-Eastern Asia;75;
Gourara Imazighen;Algeria;AG;13500;32.4872;3.6814;Taznatit;Islam;Northern Africa;0;
Beli;South Sudan;OD;82500;6.482602;29.620101;Beli (South Sudan);Ethnoreligion;Northern Africa;10;
Antesaka;Madagascar;MA;1670000;-22.784537;47.790778;Malagasy, Tesaka;Ethnoreligion;Eastern Africa;10;
Akaselem;Togo;TO;82000;9.0329;1.4184;Akaselem;Islam;Western Africa;0;
Han Chinese (Puxian);China;CH;3100000;25.392936;119.048784;Chinese, Pu-Xian;Unaffiliated;Eastern Asia;75;
Geba Karen;Myanmar;BM;40000;19.4802;96.5356;Karen, Geba;Christianity;South-Eastern Asia;75;
Spaniards;Spain;SP;31920000;40.442515;-3.684174;Spanish;Christianity;Southern Europe;10;
Germans;Germany;GM;69170000;48.132697;11.55731;German, Standard;Christianity;Western Europe;10;
Western Chams;Cambodia;CB;300000;12.07815;105.64424;Cham, Western;Islam;South-Eastern Asia;10;
Yintale Karen;Myanmar;BM;11500;18.829;97.259;Yintale;Buddhism;South-Eastern Asia;75;
Marshallese;Marshall Islands;RM;33000;7.145942;171.033426;Marshallese;Christianity;Micronesia;75;
Saint Lucians;Saint Lucia;ST;164000;14.003537;-60.997151;Lesser Antillean French Creole;Christianity;Caribbean;75;
Deaf Vietnamese;Vietnam;VM;950000;21.004893;105.846224;Hanoi Sign Language;Ethnoreligion;South-Eastern Asia;10;
Deaf Swedes;Sweden;SW;40000;59.381272;17.913401;Swedish Sign Language;Ethnoreligion;Northern Europe;0;
Deaf Burundians;Burundi;BY;39500;-3.381433;29.366371;Burundian Sign Language;Ethnoreligion;Eastern Africa;10;
Deaf Cambodians;Cambodia;CB;161000;11.550724;104.912376;Cambodian Sign Language;Ethnoreligion;South-Eastern Asia;0;
Deaf Nigerians;Nigeria;NI;1890000;10.519434;7.429807;Nigerian Sign Language;Ethnoreligion;Western Africa;10;
Deaf Ukrainians;Ukraine;UP;365000;50.504751;30.592808;Ukrainian Sign Language;Ethnoreligion;Eastern Europe;10;
Deaf Burmese;Myanmar;BM;526000;16.789555;96.193739;Myanmar Sign Language;Ethnoreligion;South-Eastern Asia;0;
Deaf Australians;Australia;AS;100000;-33.911597;151.180879;Auslan;Ethnoreligion;Australia and New Zealand;10;
Deaf Estonians;Estonia;EN;13000;59.404828;24.686929;Estonian Sign Language;Ethnoreligion;Northern Europe;10;
Deaf Lithuanians;Lithuania;LH;14500;54.708743;25.28867;Lithuanian Sign Language;Ethnoreligion;Northern Europe;10;
Deaf Bulgarians;Bulgaria;BU;65000;42.665816;23.363808;Bulgarian Sign Language;Ethnoreligion;Eastern Europe;0;
Deaf Sri Lankans;Sri Lanka;CE;165000;6.930593;79.862046;Sri Lankan Sign Language;Ethnoreligion;Southern Asia;0;
Deaf Chileans;Chile;CI;177000;-33.050715;-71.414334;Chilean Sign Language;Christianity;South America;0;
Deaf Russians;Russian Federation;RS;1465000;55.71781;37.78417;Russian Sign Language;Christianity;Eastern Europe;10;
Deaf Costa Ricans;Costa Rica;CS;50000;9.91383;-84.094228;Costa Rican Sign Language;Christianity;Central America;10;
Deaf Salvadorans;El Salvador;ES;74000;13.705166;-89.133098;Salvadoran Sign Language;Christianity;Central America;10;
Deaf South Africans;South Africa;SF;593000;-25.848611;28.174925;South African Sign Language;Christianity;Southern Africa;10;
Eastern Pwo Karen;Myanmar;BM;1265000;17.110789;97.80786;Karen, Pwo Eastern;Ethnoreligion;South-Eastern Asia;10;
Nalogo;Solomon Islands;BP;2500;-10.8198;165.8193;Nalögo;Christianity;Melanesia;75;
Kurmanji Kurds;Türkiye;TU;9000000;37.552454;44.300498;Kurdish, Northern;Islam;Western Asia;10;
Circassian - Cherkess;Russian Federation;RS;40000;43.644;43.3945;Kabardian;Islam;Eastern Europe;10;
British;United Kingdom;UK;46340000;51.51561;-0.158933;English;Unaffiliated;Northern Europe;75;
British;Sweden;SW;31500;59.3387;18.0203;Swedish;Unaffiliated;Northern Europe;75;
Chukchi;Russian Federation;RS;16000;68.64356;170.04503;Russian;Ethnoreligion;Eastern Europe;10;
Chinese Indonesians;Indonesia;ID;11200000;-6.29431;107.12853;Indonesian;Ethnoreligion;South-Eastern Asia;75;
Sino-Burmese;Myanmar;BM;1300000;19.744637;96.203997;Burmese;Buddhism;South-Eastern Asia;10;
Jews;Russian Federation;RS;208000;55.755556;37.635278;Russian;Unaffiliated;Eastern Europe;75;
Hermit Islanders;Papua New Guinea;PP;90;-2.021458;146.578779;Seimat;Christianity;Melanesia;10;
Western Pwo Karen;Myanmar;BM;210000;17.36215;97.70436;Karen, Pwo Western;Ethnoreligion;South-Eastern Asia;75;
Mandal;Sudan;SU;17000;10.6258;29.942;Arabic, Sudanese;Islam;Northern Africa;0;
Salao;Laos;LA;1300;14.980333;106.171854;Lao;Ethnoreligion;South-Eastern Asia;0;
Antillean Creole;Curacao;UC;121000;12.14225;-68.94557;Papiamentu;Christianity;Caribbean;75;
Kadung;Nigeria;NI;21000;9.3126;9.179;Kadung;Ethnoreligion;Western Africa;0;
Tuat Imazighen;Algeria;AG;33500;27.878119;-0.282987;Taznatit;Islam;Northern Africa;0;
Jalo Imazighen;Libya;LY;45000;29.0246;21.5585;Hassaniyya;Islam;Northern Africa;0;
Menasser Imazighen;Algeria;AG;24000;36.5954;2.1869;Tamazight, Central Atlas;Islam;Northern Africa;0;
Mara Chin;Myanmar;BM;24500;22.00932;93.09755;Mara;Christianity;South-Eastern Asia;75;
Calo Romani;Brazil;BR;1000000;-22.907201;-47.068749;Caló;Christianity;South America;10;
Figig  Imazighen;Algeria;AG;86000;32.0461;-1.2459;Tamazight, Central Atlas;Islam;Northern Africa;0;
North Alaskan Inupiat;Canada;CA;7800;68.363;-133.72;Inupiatun, North Alaskan;Christianity;Northern America;75;
Imazighen;Netherlands;NL;168000;52.345922;4.791064;Tamazight, Central Atlas;Islam;Western Europe;0;
Yeniche;Germany;GM;16000;50.919683;6.998201;Yeniche;Christianity;Western Europe;10;
Riffi Imazighen;France;FR;137000;48.729309;2.593782;Tarifit;Islam;Western Europe;0;
Hupdah;Colombia;CO;300;0.77;-69.6588;Hupdë;Ethnoreligion;South America;0;
Baka;Gabon;GB;6700;2.1538;12.1287;Baka (Cameroon);Christianity;Middle Africa;10;
Wargla Imazighen;Algeria;AG;24000;31.94537;5.28444;Tagargrent;Islam;Northern Africa;10;
Calo Romani;France;FR;24000;43.554957;1.378664;Caló;Christianity;Western Europe;10;
White Americans;Micronesia;FM;5400;6.963415;158.206232;English;Christianity;Micronesia;75;
White Americans;Marshall Islands;RM;1100;7.092;171.381;English;Christianity;Micronesia;75;
White Americans;Dominican Republic;DR;96000;18.501;-69.898;English;Christianity;Caribbean;75;
White Americans;Guam;GQ;14000;13.5278;144.8625;English;Christianity;Micronesia;75;
White Americans;Virgin Islands;VQ;15500;18.35;-64.95;English;Christianity;Caribbean;75;
White Americans;Costa Rica;CS;12500;9.946032;-84.129082;English;Christianity;Central America;75;
White Americans;Ecuador;EC;28000;-0.139054;-78.467354;English;Christianity;South America;75;
White Americans;Curacao;UC;1000;12.105355;-68.930368;English;Christianity;Caribbean;75;
White Americans;Australia;AS;95000;-33.94535;151.145552;English;Christianity;Australia and New Zealand;75;
White Americans;Panama;PM;186000;9.0005;-79.5294;English;Christianity;Central America;75;
White Americans;Haiti;HA;19000;18.57;-72.2885;English;Christianity;Caribbean;75;
White Americans;Singapore;SN;9700;1.319831;103.828833;English;Christianity;South-Eastern Asia;75;
Channel Islanders;Guernsey;GK;65000;49.459933;-2.541304;English;Christianity;Northern Europe;75;
Saint Lucians;French Guiana;FG;1000;4.940671;-52.318641;English;Christianity;South America;75;
Channel Islanders;Jersey;JE;111000;49.189168;-2.098837;English;Christianity;Northern Europe;75;
Antiguans;Antigua and Barbuda;AC;1700;17.10076;-61.8386;English;Unaffiliated;Caribbean;75;
Dominicans;Dominica;DO;66500;15.30216;-61.383487;English;Christianity;Caribbean;75;
Fumbira;Uganda;UG;969000;-1.278391;29.670444;Kinyarwanda;Christianity;Eastern Africa;0;
Kashmiri-Punjabis;United Kingdom;UK;204000;51.556291;0.142209;Urdu;Islam;Northern Europe;10;
Ashanti;Liberia;LI;62500;6.285678;-10.7536;Akan;Christianity;Western Africa;75;
Bondoukou Kulango;Ghana;GH;44500;7.66154;-2.47652;Kulango, Bondoukou;Christianity;Western Africa;10;
Goans;United Kingdom;UK;12000;51.452889;-0.097779;Konkani, Goan;Christianity;Northern Europe;10;
Bengali;United Kingdom;UK;1175000;51.524601;-0.096713;Bengali;Islam;Northern Europe;10;
Nyamusa;South Sudan;OD;1900;5.912647;30.304216;Nyamusa-Molo;Ethnoreligion;Northern Africa;75;
Bangobango;Congo, Democratic Republic of the;CG;383000;-4.31464;27.24376;Bangubangu;Islam;Middle Africa;10;
Akpes;Nigeria;NI;23000;7.612468;5.861216;Akpes;Ethnoreligion;Western Africa;75;
Germans;Canada;CA;774000;43.683674;-79.571313;German, Standard;Unaffiliated;Northern America;10;
Brazilians;French Guiana;FG;16500;4.9253;-52.2876;Portuguese;Christianity;South America;75;
Latin Americans;Curacao;UC;7000;12.151039;-68.944762;Spanish;Christianity;Caribbean;75;
Germans;Hungary;HU;35000;47.434;19.028;German, Standard;Unaffiliated;Eastern Europe;10;
Thai;Myanmar;BM;45000;16.7966;96.1705;Thai;Buddhism;South-Eastern Asia;0;
Armenians;United Kingdom;UK;1700;51.425136;-0.210425;Armenian;Christianity;Northern Europe;75;
Albanians;United Kingdom;UK;42000;51.57485;-0.386123;Albanian, Tosk;Islam;Northern Europe;0;
Brazilians;Brazil;BR;205770000;-22.856539;-43.350996;Portuguese;Christianity;South America;75;
Mbya;Argentina;AR;4700;-27.4827;-55.8212;Guaraní, Mbyá;Ethnoreligion;South America;75;
Mam;Mexico;MX;17500;14.908056;-92.260556;Spanish;Christianity;Central America;75;
Chiquitanos;Bolivia;BL;210000;-17.076874993;-59.9956950414;Spanish;Christianity;South America;75;
Brazilians;Canada;CA;28000;43.656778;-79.389649;Portuguese;Christianity;Northern America;75;
Peruvians;United States;US;442000;40.691587;-73.849323;Spanish;Christianity;Northern America;75;
Trinidadians;United States;US;174000;40.672224;-73.947443;English;Christianity;Northern America;75;
Albanians;Italy;IT;446000;38.1416;13.3443;Albanian, Gheg;Islam;Southern Europe;10;
Mexicans;Canada;CA;137000;43.6476;-79.3797;Spanish;Christianity;Northern America;75;
Jamaicans;Canada;CA;330000;43.7495;-79.5328;English;Christianity;Northern America;75;
Saint Lucians;United States;US;33500;40.67721;-73.964841;Lesser Antillean French Creole;Christianity;Northern America;75;
Costa Ricans;Canada;CA;5900;45.532002;-73.56137;Spanish;Christianity;Northern America;75;
Colombians;Canada;CA;103000;45.550881;-73.617598;Spanish;Christianity;Northern America;75;
Barbadians;Canada;CA;40500;43.665223;-79.411244;English;Christianity;Northern America;75;
Costa Ricans;United States;US;147000;25.875812;-80.325361;Spanish;Christianity;Northern America;75;
Greek Cypriots;Cyprus;CY;858000;35.178618;33.378469;Greek;Christianity;Western Asia;10;
Armenians;Georgia;GG;177000;41.259745;43.591315;Armenian;Christianity;Western Asia;10;
Armenians;France;FR;492000;43.307637;5.449127;Armenian;Christianity;Western Europe;10;
Armenians;Belgium;BE;26000;50.849648;4.334887;Armenian;Christianity;Western Europe;10;
Armenians;Russian Federation;RS;2135000;44.316682;39.321874;Armenian;Christianity;Eastern Europe;10;
Belarusians;Russian Federation;RS;792000;55.836129;37.512563;Belarusian;Christianity;Eastern Europe;10;
Armenians;Germany;GM;42000;53.572828;10.027204;Armenian;Christianity;Western Europe;0;
Armenians;Greece;GR;30000;37.996;23.758;Armenian;Christianity;Southern Europe;10;
Montenegrins;Montenegro;MJ;289000;42.442115;19.263897;Serbian;Christianity;Southern Europe;10;
Germans;Switzerland;SZ;317000;47.3802;8.53082;German, Standard;Christianity;Western Europe;75;
Tlingit;Canada;CA;2200;60.1695787516;-132.739132363;English;Christianity;Northern America;75;
Filipinos;Singapore;SN;174000;1.322072;103.763102;Tagalog;Christianity;South-Eastern Asia;75;
Germans;Poland;PL;45000;50.2898;18.929495;German, Standard;Christianity;Eastern Europe;75;
Germans;Luxembourg;LU;32500;49.595372;6.124016;German, Standard;Christianity;Western Europe;75;
Filipinos;Australia;AS;160000;-33.779248;151.053789;Tagalog;Christianity;Australia and New Zealand;75;
White Americans;Canada;CA;402000;43.7213;-79.7248;English;Christianity;Northern America;75;
Guadeloupeans;United States;US;20000;40.683557;-73.942815;Guadeloupean French Creole;Christianity;Northern America;75;
Han Chinese (Min Nan);Malaysia;MY;2375000;1.545444;103.802322;Chinese, Min Nan;Ethnoreligion;South-Eastern Asia;75;
British;New Zealand;NZ;91000;-36.916173;174.797127;English;Unaffiliated;Australia and New Zealand;75;
Yinbaw Karen;Myanmar;BM;11500;19.03831;97.2134;Yinbaw;Buddhism;South-Eastern Asia;75;
Han Chinese (Cantonese);Malaysia;MY;1900000;3.03089;101.57797;Chinese, Yue;Ethnoreligion;South-Eastern Asia;75;
Germans;Austria;AU;318000;47.485091;9.739699;German, Standard;Unaffiliated;Western Europe;10;
British;Gibraltar;GI;4000;36.136623;-5.353135;English;Unaffiliated;Southern Europe;75;
Germans;Australia;AS;122000;-35.231271;149.068805;German, Standard;Unaffiliated;Australia and New Zealand;75;
Japanese;United States;US;1525000;34.06014;-118.436541;Japanese;Ethnoreligion;Northern America;10;
Burmese;Australia;AS;14000;-33.881516;151.192332;Burmese;Buddhism;Australia and New Zealand;10;
British;Monaco;MN;2000;43.7329;7.4208;English;Unaffiliated;Western Europe;75;
British;Germany;GM;117000;52.546995;13.194108;English;Unaffiliated;Western Europe;75;
British;Malta;MT;11000;35.89474;14.48962;English;Unaffiliated;Southern Europe;75;
Han Chinese;Tanzania;TZ;105000;-6.791774;39.241971;Chinese, Mandarin;Ethnoreligion;Eastern Africa;75;
Germans;New Zealand;NZ;19500;-36.911155;174.818146;German, Standard;Unaffiliated;Australia and New Zealand;0;
Lahta Karen;Myanmar;BM;11500;20.0944;96.7869;Lahta;Ethnoreligion;South-Eastern Asia;75;
Zayein Karen;Myanmar;BM;14500;19.813;97.062;Zayein;Ethnoreligion;South-Eastern Asia;75;
Albanians;Greece;GR;282000;37.9597;23.7419;Albanian, Tosk;Christianity;Southern Europe;10;
Han Chinese;United Arab Emirates;AE;202000;25.275528;55.322101;Chinese, Mandarin;Unaffiliated;Western Asia;75;
Han Chinese;Botswana;BC;3000;-24.619763;25.921484;Chinese, Mandarin;Unaffiliated;Southern Africa;75;
Han Chinese (Mandarin);Vietnam;VM;1620000;20.711471;106.260216;Chinese, Mandarin;Ethnoreligion;South-Eastern Asia;75;
Han Chinese;Kenya;KE;8500;-1.283324;36.816475;Chinese, Mandarin;Unaffiliated;Eastern Africa;75;
Albanians;Germany;GM;66000;53.598089;9.992109;Albanian, Tosk;Islam;Western Europe;10;
Albanians;Switzerland;SZ;115000;47.5475;7.6023;Albanian, Tosk;Islam;Western Europe;0;
British;Argentina;AR;10000;-34.560254;-58.479493;English;Unaffiliated;South America;75;
British;Venezuela;VE;7300;10.520009;-66.904721;English;Unaffiliated;South America;75;
British;Seychelles;SE;4800;-4.628;55.448;English;Unaffiliated;Eastern Africa;75;
British;Peru;PE;9200;-12.054674;-76.960101;English;Unaffiliated;South America;75;
British;British Virgin Islands;VI;1500;18.4259;-64.6228;English;Unaffiliated;Caribbean;75;
British;Zimbabwe;ZI;5800;-17.875352;30.993259;English;Unaffiliated;Eastern Africa;75;
British;Zambia;ZA;35000;-15.436538;28.303693;English;Unaffiliated;Eastern Africa;75;
British;Botswana;BC;7100;-24.6673;25.892;English;Unaffiliated;Southern Africa;75;
British;Kenya;KE;56500;-1.308;36.8833;English;Unaffiliated;Eastern Africa;75;
British;Jamaica;JM;28500;18.01813;-76.82853;English;Unaffiliated;Caribbean;75;
British;Tanzania;TZ;10500;-6.8536;39.2815;English;Unaffiliated;Eastern Africa;75;
British;Trinidad and Tobago;TD;13000;10.586908;-61.338872;English;Unaffiliated;Caribbean;75;
British;Brunei;BX;6600;4.9029;114.9367;English;Unaffiliated;South-Eastern Asia;75;
British;Singapore;SN;60000;1.344231;103.787004;English;Unaffiliated;South-Eastern Asia;75;
British;Malawi;MI;13000;-13.998787;33.79828;English;Unaffiliated;Eastern Africa;75;
British;South Africa;SF;2200000;-26.190492;28.156168;English;Unaffiliated;Southern Africa;75;
British;Barbados;BB;7900;13.103191;-59.579075;English;Unaffiliated;Caribbean;75;
British;Namibia;WA;2400;-22.592803;17.075152;English;Unaffiliated;Southern Africa;75;
British;India;IN;43000;28.621722;77.11223;English;Unaffiliated;Southern Asia;75;
British;Cayman Islands;CJ;14000;19.320358;-81.378757;English;Unaffiliated;Caribbean;75;
British;Angola;AO;1900;-8.8243;13.2446;English;Unaffiliated;Middle Africa;75;
British;Pakistan;PK;18500;24.8711;67.0491;English;Christianity;Southern Asia;75;
Anglo-Australians;Thailand;TH;34500;13.781104;100.522495;English;Unaffiliated;South-Eastern Asia;10;
Zimbabweans;United States;US;6100;29.782604;-95.356584;English;Christianity;Northern America;75;
Guamanians;United States;US;59000;32.724843;-117.092019;English;Christianity;Northern America;75;
Polynesians;United States;US;14500;21.281658;-157.822334;English;Christianity;Northern America;75;
Nigerians;Spain;SP;34500;40.466695;-3.68083;English;Christianity;Southern Europe;10;
Filipinos;New Zealand;NZ;17000;-36.91135;174.817533;English;Christianity;Australia and New Zealand;75;
Anglo-Australians;Norfolk Island;NF;1400;-29.056818;167.940567;English;Unaffiliated;Australia and New Zealand;75;
Deaf Turkmen;Turkmenistan;TX;71000;37.915043;58.417675;Russian Sign Language;Islam;Central Asia;10;
Deaf Tajikistanis;Tajikistan;TI;97500;38.602681;68.787261;Russian Sign Language;Islam;Central Asia;0;
Deaf Puerto Ricans;Puerto Rico;RQ;27500;18.406389;-66.063889;Puerto Rican Sign Language;Christianity;Caribbean;0;
Deaf Mongolians;Mongolia;MG;17500;47.920635;106.916263;Mongolian Sign Language;Buddhism;Eastern Asia;10;
Deaf Bolivians;Bolivia;BL;119000;-16.497543;-68.118497;Bolivian Sign Language;Christianity;South America;10;
Deaf Serbs;Serbia;RI;63500;44.83384;20.383287;Slovenian Sign Language;Christianity;Southern Europe;10;
Deaf Kazakhstanis;Kazakhstan;KZ;207000;43.295244;76.951375;Russian Sign Language;Islam;Central Asia;0;
Deaf Kyrgyzstanis;Kyrgyzstan;KG;61000;42.8881;74.640214;Russian Sign Language;Islam;Central Asia;0;
Deaf Singaporeans;Singapore;SN;27500;1.287752;103.804687;Singapore Sign Language;Ethnoreligion;South-Eastern Asia;10;
Deaf Irish;Ireland;EI;52000;53.363007;-6.295533;Irish Sign Language;Christianity;Northern Europe;0;
Deaf Uzbekistanis;Uzbekistan;UZ;371000;41.246634;69.329231;Russian Sign Language;Islam;Central Asia;10;
Deaf Chinese;China;CH;14270000;31.160272;121.314788;Chinese Sign Language;Unaffiliated;Eastern Asia;10;
Deaf Malagasians;Madagascar;MA;297000;-18.849664;47.558507;Malagasy Sign Language;Ethnoreligion;Eastern Africa;10;
Goans;United Arab Emirates;AE;73500;25.205644;55.265636;Konkani, Goan;Hinduism;Western Asia;10;
Levantine Arabs;United Kingdom;UK;512000;51.443695;0.105089;Arabic, Standard;Islam;Northern Europe;10;
Ashkenazi Jews;Hungary;HU;48000;47.495403;19.061695;Yiddish, Eastern;Judaism;Eastern Europe;10;
Tripuri Namasudra;India;IN;291000;23.5286;91.477;Bengali;Hinduism;Southern Asia;0;
Tosk Albanian;United States;US;45000;40.877485;-73.860724;Albanian, Tosk;Islam;Northern America;10;
North Africans;France;FR;2200000;48.8567;2.3508;Arabic, Moroccan;Islam;Western Europe;10;
Armenians;Azerbaijan;AJ;124000;39.826667;46.760749;Armenian;Unaffiliated;Western Asia;10;
Tamil;Oman;MU;27500;23.617854;58.543795;Tamil;Islam;Western Asia;10;
Ashkenazi Jews;Moldova;MD;3800;47.030058;28.829157;Yiddish, Eastern;Judaism;Eastern Europe;0;
Ashkenazi Jews;Georgia;GG;3000;41.769558;44.790913;Yiddish, Eastern;Judaism;Western Asia;10;
Bengali;Oman;MU;261000;23.592556;58.430263;Bengali;Islam;Western Asia;10;
Wali;Sudan;SU;2700;11.8478;29.3566;Wali (Sudan);Islam;Northern Africa;0;
Uzbeks;China;CH;12500;44.14145;90.29497;Uzbek, Northern;Islam;Eastern Asia;0;
Thai;Germany;GM;20500;50.136838;8.667842;Thai;Buddhism;Western Europe;10;
Tajiks;Pakistan;PK;1860000;35.122832;71.961759;Dari;Islam;Southern Asia;10;
Kurmanji Kurds;Germany;GM;540000;51.455846;6.952996;Kurdish, Northern;Islam;Western Europe;10;
Hausa;Chad;CD;288000;12.1049;15.0947;Hausa;Islam;Middle Africa;10;
Sahrawi;Algeria;AG;238000;27.674054;-8.146384;Hassaniyya;Islam;Northern Africa;10;
Bengali;Thailand;TH;35000;13.7704;100.62;Bengali;Islam;South-Eastern Asia;0;
Germans;Slovenia;SI;6200;46.052953;14.545894;German, Standard;Unaffiliated;Southern Europe;10;
Armenians;Iraq;IZ;16500;33.3633;44.4597;Armenian;Christianity;Western Asia;10;
Armenians;United States;US;1175000;34.042549;-117.75194;Armenian;Christianity;Northern America;10;
Albanians;Türkiye;TU;68000;41.0611;28.8042;Albanian, Tosk;Islam;Western Asia;10;
Lithuanians;United States;US;46500;41.670661;-87.980474;Lithuanian;Christianity;Northern America;0;
Germans;Brazil;BR;589000;-26.903047;-49.094874;German, Standard;Christianity;South America;10;
Germans;Paraguay;PA;225000;-27.316844;-55.815798;German, Standard;Unaffiliated;South America;10;
Germans;Bolivia;BL;263000;-17.83095;-63.12773;German, Standard;Unaffiliated;South America;10;
Armenians;Syria;SY;138000;32.746;36.78;Armenian;Christianity;Western Asia;10;
Armenians;Argentina;AR;162000;-34.878857;-58.381825;Armenian;Christianity;South America;10;
Germans;Denmark;DA;28000;54.90826;9.01944;German, Standard;Christianity;Northern Europe;10;
Kurmanji Kurds;United Kingdom;UK;150000;51.429136;0.355834;Kurdish, Northern;Islam;Northern Europe;10;
Filipinos;Spain;SP;38500;40.358029;-3.697641;Tagalog;Christianity;Southern Europe;10;
Kurmanji Kurds;Syria;SY;1585000;37.0301;41.5455;Kurdish, Northern;Islam;Western Asia;10;
Sikhs;Thailand;TH;11500;13.791481;100.558771;Punjabi, Eastern;Sikhism;South-Eastern Asia;10;
Thai;United States;US;194000;34.087553;-118.297511;Thai;Buddhism;Northern America;10;
Israeli Jews;United States;US;215000;34.178798;-118.537581;Hebrew;Judaism;Northern America;10;
Numana;Nigeria;NI;56000;9.2303;8.3799;Numana;Ethnoreligion;Western Africa;10;
Jews;Argentina;AR;188000;-34.522686;-58.748789;Spanish;Judaism;South America;10;
Ashanti;Togo;TO;94000;6.1811;1.2525;Akan;Ethnoreligion;Western Africa;10;
Pol;Congo;CF;11000;1.99084;16.13904;Pol;Christianity;Middle Africa;10;
Ashanti;Cote d’Ivoire;IV;442000;6.738286;-3.361101;Akan;Christianity;Western Africa;10;
Ding;Congo, Democratic Republic of the;CG;332000;-4.0717;19.5883;Ding;Christianity;Middle Africa;10;
Germans;Kazakhstan;KZ;217000;51.148;71.495;Russian;Unaffiliated;Central Asia;10;
Syrian Arabs;Saudi Arabia;SA;810000;24.786119;46.787349;Arabic, Levantine;Islam;Western Asia;0;
Filipinos;Germany;GM;67000;53.566879;9.947179;Tagalog;Christianity;Western Europe;75;
Filipinos;Qatar;QA;256000;25.312717;51.454106;Tagalog;Christianity;Western Asia;75;
Filipinos;United Kingdom;UK;95000;51.569901;-0.195577;Tagalog;Christianity;Northern Europe;75;
Filipinos;Palau;PS;2900;7.3419;134.479;Tagalog;Christianity;Micronesia;75;
Filipinos;Malaysia;MY;871000;2.991395;101.798994;Tagalog;Christianity;South-Eastern Asia;75;
Filipinos;Oman;MU;94500;23.612663;58.471028;Tagalog;Christianity;Western Asia;75;
Filipinos;Italy;IT;77000;41.944;12.571;Tagalog;Christianity;Southern Europe;75;
Filipinos;Kuwait;KU;212000;29.319178;48.037034;Tagalog;Christianity;Western Asia;75;
Filipinos;Canada;CA;435000;43.882463;-79.439281;Tagalog;Christianity;Northern America;75;
Waruna;Papua New Guinea;PP;1600;-8.23565;142.46979;Waruna;Ethnoreligion;Melanesia;75;
Kota;Congo;CF;19000;0.86592;15.59111;Kota (Gabon);Christianity;Middle Africa;75;
Baka;Congo, Democratic Republic of the;CG;3100;4.55303;29.47908;Baka (South Sudan);Christianity;Middle Africa;75;
Pikiwa;Papua New Guinea;PP;4200;-7.82096;142.77883;Dibiyaso;Ethnoreligion;Melanesia;75;
Arum-Chessu;Nigeria;NI;11000;9.020741;8.61238;Arum;Ethnoreligion;Western Africa;75;
Tabriak;Papua New Guinea;PP;4200;-4.49162;143.59259;Karawari;Christianity;Melanesia;75;
Kumukio;Papua New Guinea;PP;2200;-6.03128;147.41094;Kumukio;Christianity;Melanesia;75;
Kwa;Nigeria;NI;15000;9.4739;11.6366;Kwa;Ethnoreligion;Western Africa;75;
Barmi;India;IN;600;12.84043;92.852113;Burmese;Buddhism;Southern Asia;75;
Kurmanji Kurds;Russian Federation;RS;35000;43.613956;39.732964;Kurdish, Northern;Islam;Eastern Europe;75;
Dutch;Curacao;UC;12500;12.22252;-69.02751;Dutch;Unaffiliated;Caribbean;75;
Belarusians;Argentina;AR;4600;-34.623291;-58.466304;Belarusian;Unaffiliated;South America;75;
Pidgin;United States;US;2900;32.951;-96.5512;Pidgin, Nigerian;Christianity;Northern America;75;
Armenians;Türkiye;TU;45000;41.095675;28.881096;Armenian;Christianity;Western Asia;75;
Armenians;Lebanon;LE;220000;33.8809;35.5485;Armenian;Christianity;Western Asia;75;
Burmese;Malaysia;MY;32500;3.074222;101.553435;Burmese;Buddhism;South-Eastern Asia;75;
Latvians;United States;US;111000;39.087295;-77.154358;Latvian, Standard;Unaffiliated;Northern America;75;
Armenians;Iran;IR;113000;38.456435;44.877044;Armenian;Christianity;Southern Asia;75;
Germans;United States;US;912000;46.830465;-100.754378;German, Standard;Unaffiliated;Northern America;75;
Han Chinese;Lesotho;LT;5600;-29.349493;27.506318;Chinese, Mandarin;Unaffiliated;Southern Africa;75;
Southern Kissi;Sierra Leone;SL;149000;8.24766;-10.49247;Kisi, Southern;Ethnoreligion;Western Africa;75;
Burmese;Germany;GM;500;49.977906;7.926055;Burmese;Buddhism;Western Europe;75;
Germans;Liechtenstein;LS;1300;47.105957;9.531208;German, Standard;Christianity;Western Europe;75;
Baiap;Vanuatu;NH;2100;-16.26955;168.01304;Daakaka;Christianity;Melanesia;75;
Gheko Karen;Myanmar;BM;17000;19.67411;96.5308;Karen, Geko;Christianity;South-Eastern Asia;75;
Paku Karen;Myanmar;BM;5300;18.81375;97.12034;Karen, Paku;Ethnoreligion;South-Eastern Asia;75;
Zotung Chin;United States;US;175;32.9195;-97.0714;Chin, Zotung;Christianity;Northern America;75;
Korop;Nigeria;NI;15500;5.17972;8.76496;Durop;Christianity;Western Africa;75;
Acheron;Sudan;SU;28500;10.88266;30.3187;Acheron;Islam;Northern Africa;75;
Deaf Canadians;Canada;CA;372000;45.39634;-75.628017;American Sign Language;Ethnoreligion;Northern America;75;
Germans;South Africa;SF;576000;-26.234403;27.949483;German, Standard;Unaffiliated;Southern Africa;75;
Deaf Haitians;Haiti;HA;102000;18.571515;-72.329044;Haitian Sign Language;Ethnoreligion;Caribbean;10;
Deaf Nigeriens;Niger;NG;318000;13.529131;2.078702;French Sign Language;Islam;Western Africa;10;
Deaf Hondurans;Honduras;HO;109000;14.10432;-87.154208;Spanish Sign Language;Christianity;Central America;10;
Deaf Macedonians;North Macedonia;MK;20000;42.00323;21.472782;Macedonian Sign Language;Ethnoreligion;Southern Europe;10;
Deaf Austrians;Austria;AU;88500;48.133476;16.284704;Austrian Sign Language;Christianity;Western Europe;10;
Deaf Turks;Türkiye;TU;855000;37.854909;32.47884;Turkish Sign Language;Islam;Western Asia;10;
Deaf Burkinabe;Burkina Faso;UV;245000;12.367569;-1.492015;Burkina Faso Sign Language;Ethnoreligion;Western Africa;10;
Deaf Senegalese;Senegal;SG;208000;14.7905;-16.927;Mbour (Senegal) Sign Language;Islam;Western Africa;10;
Deaf Malians;Mali;ML;235000;12.671058;-7.951959;Malian Sign Language;Islam;Western Africa;10;
Deaf Gambians;Gambia;GA;26500;13.46315;-16.683296;Gambian Sign Language;Islam;Western Africa;0;
Deaf Malawians;Malawi;MI;200000;-13.916424;33.755513;Malawian Sign Language;Ethnoreligion;Eastern Africa;10;
Deaf Czechs;Czech Republic;EZ;106000;50.070377;14.472094;Czech Sign Language;Christianity;Eastern Europe;10;
Lafofa;Sudan;SU;16000;10.33565;30.73307;Lafofa;Islam;Northern Africa;10;
Yogad;Philippines;RP;30000;16.70149;121.71773;Yogad;Ethnoreligion;South-Eastern Asia;75;
Filipinos;Guam;GQ;23000;13.527857;144.862585;Tagalog;Christianity;Micronesia;75;
Giangan Bagobo;Philippines;RP;87500;6.99967;125.3591;Bagobo-Klata;Ethnoreligion;South-Eastern Asia;75;
Moldovans;Canada;CA;16000;49.2328025835;-123.074644019;Romanian;Christianity;Northern America;75;
Keiga;Sudan;SU;15500;11.203737;29.378901;Keiga;Islam;Northern Africa;0;
Kryz;Azerbaijan;AJ;10500;41.171;48.23;Kryts;Islam;Western Asia;10;
Filipinos;United States;US;2520000;34.053916;-118.253461;Tagalog;Christianity;Northern America;75;
Filipinos;Northern Mariana Islands;CQ;16000;15.16887;145.774583;Tagalog;Christianity;Micronesia;75;
Filipinos;American Samoa;AQ;1300;-14.281954;-170.694914;Tagalog;Christianity;Polynesia;75;
Maori;Australia;AS;93000;-27.46758;153.027892;Maori;Christianity;Australia and New Zealand;75;
Basque;France;FR;954000;43.3299;-1.03;Basque;Christianity;Western Europe;75;
Romam;Vietnam;VM;700;14.4048;107.5365;Romam;Ethnoreligion;South-Eastern Asia;75;
Zazao;Solomon Islands;BP;375;-8.18719;159.25532;Blablanga;Christianity;Melanesia;75;
Albanians;Belgium;BE;18000;50.834241;4.357144;Albanian, Gheg;Islam;Western Europe;10;
Ati Negrito;Philippines;RP;3600;11.162677;122.653634;Ati;Ethnoreligion;South-Eastern Asia;75;
Cofan;Colombia;CO;1000;0.3095;-76.9685;Cofán;Ethnoreligion;South America;75;
Urdu;Denmark;DA;26500;55.704391;12.488179;Urdu;Islam;Northern Europe;0;
Bengali;Germany;GM;15000;50.954412;6.96177;Bengali;Islam;Western Europe;10;
Montenegrins;Canada;CA;4400;43.7466;-79.384;Serbian;Christianity;Northern America;0;
Kabixi-Txapakura;Brazil;BR;10;-15.025;-59.891;Portuguese;Ethnoreligion;South America;0;
Vlax Romani;Kosovo;KV;26000;42.662848;20.292304;Albanian, Gheg;Islam;Southern Europe;10;
Sikhs;France;FR;16000;48.9106;2.439671;Punjabi, Eastern;Sikhism;Western Europe;10;
Hausa;Ethiopia;ET;131000;9.04782;38.726784;Hausa;Islam;Eastern Africa;0;
Ashanti;United Kingdom;UK;28000;51.563715;-0.138661;Akan;Christianity;Northern Europe;0;
Deaf Solomon Islanders;Solomon Islands;BP;7900;-9.438138;159.969584;Solomon Islands Sign Language;Ethnoreligion;Melanesia;0;
Deaf Nicaraguans;Nicaragua;NU;71000;12.132079;-86.283989;Nicaraguan Sign Language;Christianity;Central America;10;
Deaf Azerbaijanis;Azerbaijan;AJ;102000;40.398808;49.812264;Turkish Sign Language;Islam;Western Asia;0;
Deaf Svalbardians;Svalbard;SV;30;78.22;15.65;Norwegian Sign Language;Unknown;Northern Europe;0;
Deaf Timorese;Timor-Leste;TT;6800;-8.558882;125.578037;Indonesian Sign Language;Christianity;South-Eastern Asia;0;
Deaf Lebanese;Lebanon;LE;51500;33.85234;35.515019;Jordanian Sign Language;Ethnoreligion;Western Asia;0;
Deaf Panamanians;Panama;PM;42000;8.981318;-79.53461;Panamanian Sign Language;Christianity;Central America;0;
Deaf Liberians;Liberia;LI;17000;6.29272;-10.768735;American Sign Language;Ethnoreligion;Western Africa;0;
Deaf Moroccans;Morocco;MO;377000;32.13896;-7.69607;Moroccan Sign Language;Islam;Northern Africa;0;
Deaf Tunisians;Tunisia;TS;123000;36.821906;10.148412;Tunisian Sign Language;Islam;Northern Africa;10;
Deaf Sudanese;Sudan;SU;448000;15.583886;32.526356;Natural Sign Language;Ethnoreligion;Northern Africa;0;
Deaf Micronesians;Micronesia;FM;1100;7.45;151.85;Natural Sign Language;Unknown;Micronesia;0;
Deaf Guadeloupeans;Guadeloupe;GP;4500;16.241;-61.533;French Sign Language;Unknown;Caribbean;0;
Deaf Mahorais;Mayotte;MF;3300;-12.7806;45.2278;French Sign Language;Unknown;Eastern Africa;0;
Deaf Samoans;American Samoa;AQ;450;-14.279;-170.7;American Sign Language;Unknown;Polynesia;0;
Deaf Marshallese;Marshall Islands;RM;600;7.0916;171.38139;Natural Sign Language;Unknown;Micronesia;0;
Deaf Dominicans;Dominica;DO;750;15.301;-61.388;American Sign Language;Unknown;Caribbean;0;
Deaf Cook Islanders;Cook Islands;CW;100;-21.2069;-159.77;New Zealand Sign Language;Unknown;Polynesia;0;
Deaf Sammarinese;San Marino;SM;325;43.9346;12.4473;Italian Sign Language;Unknown;Southern Europe;0;
Deaf Arubans;Aruba;AA;1100;12.5186;-70.0358;Sign Language of the Netherlands;Unknown;Caribbean;0;
Deaf Monacans;Monaco;MN;225;43.733;7.416;French Sign Language;Unknown;Western Europe;0;
Deaf Congolese;Congo;CF;25500;-4.2232;15.276625;French Sign Language;Ethnoreligion;Middle Africa;0;
Deaf Guineans;Guinea;GV;27000;9.612112;-13.602898;Guinean Sign Language;Ethnoreligion;Western Africa;0;
Deaf Belarusians;Belarus;BO;90500;53.884008;27.649338;Russian Sign Language;Ethnoreligion;Eastern Europe;0;
Deaf Bosnians;Bosnia and Herzegovina;BK;31500;43.848317;18.333911;Slovenian Sign Language;Ethnoreligion;Southern Europe;0;
Deaf Curacaoan;Curacao;UC;1600;12.113036;-68.93838;Sign Language of the Netherlands;Ethnoreligion;Caribbean;0;
Deaf Algerians;Algeria;AG;483000;36.717922;3.137075;Algerian Sign Language;Ethnoreligion;Northern Africa;0;
Deaf Syrians;Syria;SY;219000;33.516966;36.383768;Jordanian Sign Language;Ethnoreligion;Western Asia;0;
Deaf Saint Lucians;Saint Lucia;ST;1600;14.018;-60.987;American Sign Language;Ethnoreligion;Caribbean;0;
Deaf Namibians;Namibia;WA;550;-22.533049;17.067129;Namibian Sign Language;Ethnoreligion;Southern Africa;10;
Deaf Mauritanians;Mauritania;MR;53500;18.124669;-15.976403;American Sign Language;Ethnoreligion;Western Africa;0;
Deaf Chadians;Chad;CD;185000;12.120136;15.045397;Chadian Sign Language;Christianity;Middle Africa;0;
Deaf Kittitian;Saint Kitts and Nevis;SC;550;17.3;-62.7333;American Sign Language;Christianity;Caribbean;0;
Deaf Swiss;Switzerland;SZ;92000;47.382177;8.50605;Swiss-German Sign Language;Christianity;Western Europe;10;
Deaf Togolese;Togo;TO;44500;6.1441;1.2628;French Sign Language;Christianity;Western Africa;10;
Deaf Montenegrins;Montenegro;MJ;3700;42.44237;19.268684;Croatian Sign Language;Christianity;Southern Europe;0;
Deaf Martinicans;Martinique;MB;3800;14.6;-61.066;French Sign Language;Christianity;Caribbean;0;
Deaf Kosovar;Kosovo;KV;9800;42.672265;21.164624;Albanian Sign Language;Islam;Southern Europe;0;
Deaf Papua New Guineans;Papua New Guinea;PP;49500;-9.47137;147.197837;Papua New Guinean Sign Language;Ethnoreligion;Melanesia;0;
Deaf Niueans;Niue;NE;15;-19.054;-169.92;New Zealand Sign Language;Unaffiliated;Polynesia;0;
Deaf Manx;Isle of Man;IM;850;54.145;-4.482;British Sign Language;Christianity;Northern Europe;0;
Deaf Bissau-Guineans;Guinea-Bissau;PU;10500;11.865486;-15.623748;Guinea-Bissau Sign Language;Islam;Western Africa;0;
Deaf Reunionese;Reunion;RE;4500;-20.881929;55.450632;French Sign Language;Christianity;Eastern Africa;0;
Deaf Mauritians;Mauritius;MP;7600;-20.165179;57.496521;Mauritian Sign Language;Hinduism;Eastern Africa;0;
Deaf Tuvaluans;Tuvalu;TV;100;-8.516;179.2;Natural Sign Language;Christianity;Polynesia;0;
Deaf Cocos Islanders;Cocos (Keeling) Islands;CK;5;-12.119;96.895;Auslan;Islam;Australia and New Zealand;0;
Deaf Antiguans;Antigua and Barbuda;AC;1000;17.116;-61.85;American Sign Language;Unknown;Caribbean;0;
Deaf Turks and Caicos Islanders;Turks and Caicos Islands;TK;500;21.459;-71.139;American Sign Language;Unknown;Caribbean;0;
Deaf Grenadians;Grenada;GJ;1100;12.05;-61.75;American Sign Language;Unknown;Caribbean;0;
Deaf American Virgin Islanders;Virgin Islands;VQ;1100;18.35;-64.95;American Sign Language;Unknown;Caribbean;0;
Deaf Anguillans;Anguilla;AV;175;18.22;-63.05;American Sign Language;Christianity;Caribbean;0;
Deaf Vincentians;Saint Vincent and the Grenadines;VC;1100;13.157;-61.225;American Sign Language;Unknown;Caribbean;0;
Deaf Bermudians;Bermuda;BD;650;32.2953388766;-64.7836934124;American Sign Language;Unknown;Northern America;0;
Deaf Equatoguineans;Equatorial Guinea;EK;4600;3.747565;8.788437;American Sign Language;Ethnoreligion;Middle Africa;0;
Deaf Barbadians;Barbados;BB;2900;13.08755;-59.599185;American Sign Language;Ethnoreligion;Caribbean;0;
Deaf Palauans;Palau;PS;175;7.5;134.624;American Sign Language;Unknown;Micronesia;0;
Deaf Caymanians;Cayman Islands;CJ;650;19.3017;-81.3738;American Sign Language;Unknown;Caribbean;0;
Deaf Bahamians;Bahamas;BF;4100;25.037566;-77.329685;American Sign Language;Ethnoreligion;Caribbean;0;
Deaf Mariana;Northern Mariana Islands;CQ;500;15.183;145.75;American Sign Language;Unknown;Micronesia;0;
Deaf Nauruans;Nauru;NR;100;-0.5236;166.914;American Sign Language;Christianity;Micronesia;0;
Deaf Sint Maarteners;Sint Maarten;NN;475;18.0237;-63.0458;American Sign Language;Unknown;Caribbean;0;
Deaf Chamorro;Guam;GQ;1700;13.4732;144.7535;American Sign Language;Unknown;Micronesia;0;
Deaf New Caledonians;New Caledonia;NC;2700;-22.2758;166.458;French Sign Language;Unknown;Melanesia;0;
Deaf Jersey Islanders;Jersey;JE;1100;49.1858;-2.11;British Sign Language;Unknown;Northern Europe;0;
Deaf French Polynesians;French Polynesia;FP;2800;-17.535;-149.5696;French Sign Language;Unknown;Polynesia;0;
Deaf Liechtensteiners;Liechtenstein;LS;400;47.141;9.521;German Sign Language;Unknown;Western Europe;0;
Deaf Christmas Islanders;Christmas Island;KT;15;-10.426;105.672;Auslan;Unknown;Australia and New Zealand;0;
Deaf Saint Barth;Saint Barthelemy;TB;100;17.9005;-62.8502;French Sign Language;Unknown;Caribbean;0;
Deaf Saint Helenians;Saint Helena, Ascension, and Tristan da Cunha;SH;50;-15.924;-5.718;British Sign Language;Unknown;Western Africa;0;
Deaf Guernsey Islanders;Guernsey;GK;650;49.4555;-2.5368;British Sign Language;Unknown;Northern Europe;0;
Deaf Montserratians;Montserrat;MH;60;16.7927;-62.21;British Sign Language;Unknown;Caribbean;0;
Deaf Tokelauans;Tokelau;TL;20;-8.557;-172.47;New Zealand Sign Language;Unknown;Polynesia;0;
Deaf Faroese;Faroe Islands;FO;500;62.0116;-6.7675;Danish Sign Language;Unknown;Northern Europe;0;
Deaf Wallisians;Wallis and Futuna;WF;125;-13.28;-176.18;French Sign Language;Unknown;Polynesia;0;
Deaf Tongans;Tonga;TN;1100;-21.133;-175.2;Natural Sign Language;Unknown;Polynesia;0;
Deaf Norfolk Islanders;Norfolk Island;NF;20;-29.0338;167.9544;Auslan;Unknown;Australia and New Zealand;0;
Deaf Gibraltarians;Gibraltar;GI;275;36.133;-5.35;British Sign Language;Unknown;Southern Europe;0;
Deaf British Virgin Islanders;British Virgin Islands;VI;375;18.431;-64.623;British Sign Language;Unknown;Caribbean;0;
Deaf Guyanese;French Guiana;FG;2800;4.92286;-52.327093;French Sign Language;Ethnoreligion;South America;0;
Deaf Icelanders;Iceland;IC;1600;64.145103;-21.862932;Icelandic Sign Language;Ethnoreligion;Northern Europe;0;
Deaf Luxembourgers;Luxembourg;LU;2100;49.614394;6.107489;German Sign Language;Ethnoreligion;Western Europe;0;
Deaf Seychellois;Seychelles;SE;1100;-4.6167;55.45;Seychelles Sign Language;Christianity;Eastern Africa;0;
Deaf Greenlanders;Greenland;GL;325;64.175;-51.7389;Danish Sign Language;Christianity;Northern America;0;
Deaf Andorrans;Andorra;AN;800;42.5;1.5;French Sign Language;Christianity;Southern Europe;0;
Deaf Palestinian Arabs;Palestine;XP;57000;31.8104;35.2459;Egyptian Sign Language;Islam;Western Asia;0;
Deaf Georgians;Georgia;GG;37000;41.696055;44.826407;Georgian Sign Language;Ethnoreligion;Western Asia;0;
Deaf Maldivans;Maldives;MV;2300;4.172809;73.503947;Maldivian Sign Language;Ethnoreligion;Southern Asia;0;
Deaf Comorans;Comoros;CN;3500;-11.736196;43.230809;Comorian Sign Language;Ethnoreligion;Eastern Africa;0;
Deaf Cabo Verdeans;Cabo Verde;CV;3000;14.913248;-23.520646;Cape Verdian Sign Language;Christianity;Western Africa;0;
Deaf Beninese;Benin;BN;34500;6.519016;2.644998;Benin Sign Language;Ethnoreligion;Western Africa;0;
Deaf Santomeans;Sao Tome and Principe;TP;2300;0.336;6.73;Sao Tome and Principe Sign Language;Unknown;Middle Africa;0;
Deaf Eritreans;Eritrea;ER;40000;15.3532;38.94556;Eritrean Sign Language;Ethnoreligion;Eastern Africa;0;
Deaf Djiboutians;Djibouti;DJ;10000;11.561922;43.137174;Somali Sign Language;Ethnoreligion;Eastern Africa;0;
Deaf Central Africans;Central African Republic;CT;23000;4.407723;18.544486;Francophone African Sign Language;Ethnoreligion;Middle Africa;0;
Deaf Gabonese;Gabon;GB;9400;0.37292;9.475531;Gabonese Sign Language;Ethnoreligion;Middle Africa;0;
Deaf Emiratis;United Arab Emirates;AE;97000;24.461549;54.360312;Emirati Sign Language;Ethnoreligion;Western Asia;0;
Deaf Somalis;Somalia;SO;191000;2.045118;45.331873;Somali Sign Language;Ethnoreligion;Eastern Africa;0;
Deaf Cameroonians;Cameroon;CM;147000;3.898053;11.528684;Cameroon Sign Language;Ethnoreligion;Middle Africa;0;
Deaf Yemenis;Yemen;YM;287000;15.343827;44.195614;Yemeni Sign Language;Ethnoreligion;Western Asia;0;
Deaf Samoans;Samoa;WS;850;-13.838198;-171.786896;Samoan Sign Language;Ethnoreligion;Polynesia;0;
Deaf Iraqis;Iraq;IZ;445000;33.317339;44.489589;Iraqi Sign Language;Ethnoreligion;Western Asia;0;
Deaf Bruneians;Brunei;BX;2100;4.936904;114.938592;Brunei Sign Language;Ethnoreligion;South-Eastern Asia;0;
Deaf Bhutanese;Bhutan;BT;7800;27.445864;89.662557;Bhutanese Sign Language;Ethnoreligion;Southern Asia;0;
Deaf Angolans;Angola;AO;63500;-8.823472;13.268967;Angolan Sign Language;Ethnoreligion;Middle Africa;0;
Deaf South Sudanese;South Sudan;OD;63500;4.849471;31.600134;South Sudanese Sign Language;Christianity;Northern Africa;0;
Deaf Fijians;Fiji;FJ;3700;-18.10317;178.478358;Fiji Sign Language;Ethnoreligion;Melanesia;0;
Deaf Kuwaitis;Kuwait;KU;12000;29.313351;48.070326;Kuwaiti Sign Language;Ethnoreligion;Western Asia;0;
Deaf Surinamers;Suriname;NS;6100;5.821159;-55.196037;Surinamese Sign Language;Ethnoreligion;South America;0;
Deaf Swazis;Eswatini;WZ;6100;-26.33092;31.152454;Swazi Sign Language;Ethnoreligion;Southern Africa;0;
Deaf Koreans;North Korea;KN;269000;39.063564;125.76268;North Korean Sign Language;Ethnoreligion;Eastern Asia;0;
Deaf Cypriots;Cyprus;CY;3900;35.170163;33.333141;Cypriot Sign Language;Ethnoreligion;Western Asia;0;
Deaf I-Kiribati;Kiribati;KR;1300;1.3569;172.9305;Kiribati Sign Language;Unknown;Micronesia;0;
Deaf Ni-Vanuatu;Vanuatu;NH;2000;-17.736479;168.336357;Vanuatu Sign Language;Ethnoreligion;Melanesia;0;
Deaf Bahrainis;Bahrain;BA;14500;26.229726;50.579795;Bahraini Sign Language;Ethnoreligion;Western Asia;0;
Deaf Omanis;Oman;MU;46000;23.62081;58.508298;Omani Sign Language;Ethnoreligion;Western Asia;0;
Deaf Qataris;Qatar;QA;23500;25.287746;51.512553;Qatari Unified Sign Language;Ethnoreligion;Western Asia;0;
Deaf Guyanese;Guyana;GY;8200;6.804709;-58.154897;Guyanese Sign Language;Christianity;South America;0;
Sorani Kurds;Canada;CA;9400;49.2353432944;-123.019941246;Kurdish, Central;Islam;Northern America;10;
Javanese;Christmas Island;KT;50;-10.418353;105.67777;Javanese;Islam;Australia and New Zealand;0;
Circassians;Uzbekistan;UZ;1700;41.3068;69.1853;Kabardian;Islam;Central Asia;0;
Kyrgyz;Canada;CA;1100;43.721473;-79.324609;Kyrgyz;Islam;Northern America;0;
Behdini Kurds;United States;US;11500;38.18979;-85.6588;Kurdish, Northern;Islam;Northern America;10;
Hausa;Canada;CA;375;45.4264;-75.676;Hausa;Islam;Northern America;10;
Uzbeks;Canada;CA;4200;43.4927366817;-79.8324565191;Uzbek, Northern;Islam;Northern America;10;
Indo-Pakistani;Christmas Island;KT;60;-10.421818;105.679695;Tamil;Islam;Australia and New Zealand;0;
Karachay;United States;US;475;40.916384;-74.161432;Karachay-Balkar;Islam;Northern America;0;
Chechens;Uzbekistan;UZ;1900;42.494246;59.60537;Chechen;Islam;Central Asia;0;
Somalis;Sudan;SU;2500;15.493053;32.578356;Somali;Islam;Northern Africa;0;
Somalis;Eritrea;ER;53000;15.3449;38.9425;Somali;Islam;Eastern Africa;0;
Gambians;Canada;CA;450;45.484083;-73.576034;English;Islam;Northern America;10;
Chechens;Kyrgyzstan;KG;1700;42.879034;74.555156;Chechen;Islam;Central Asia;0;
Afghans;Italy;IT;2200;41.888624;12.512147;Dari;Islam;Southern Europe;10;
Tajiks;Canada;CA;3100;43.6956337266;-79.4149760503;Tajik;Islam;Northern America;0;
Ashkenazi Jews;Azerbaijan;AJ;18000;40.38344;49.893226;Yiddish, Eastern;Judaism;Western Asia;0;
Angolans;Canada;CA;3200;43.7805;-79.3738;Portuguese;Ethnoreligion;Northern America;0;
Ashkenazi Jews;Switzerland;SZ;18000;47.410528;8.54985;Yiddish, Eastern;Judaism;Western Europe;0;
Cona Monba;China;CH;58500;27.894049;92.206914;Monpa, Tawang;Buddhism;Eastern Asia;0;
Tanzanian;Canada;CA;23500;45.4256;-75.6719;Sukuma;Ethnoreligion;Northern America;10;
Central Africans;United States;US;275;40.855995;-73.859401;English;Ethnoreligion;Northern America;10;
Mabaan;United States;US;3100;41.27449;-96.00275;Mabaan;Ethnoreligion;Northern America;10;
Burundians;Belgium;BE;8700;50.857552;4.419622;French;Christianity;Western Europe;0;
Southern Luri;United States;US;50;38.1885;-85.6589;Luri, Southern;Islam;Northern America;10;
Ashkenazi Jews;Turkmenistan;TX;750;37.953345;58.418685;Yiddish, Eastern;Judaism;Central Asia;0;
Thai;Cambodia;CB;47000;11.5569;104.8665;Thai;Buddhism;South-Eastern Asia;0;
Mashhadi Jews;United States;US;5300;40.803556;-73.744662;English;Judaism;Northern America;0;
Ashkenazi Jews;Poland;PL;3200;52.164096;21.044632;Yiddish, Eastern;Judaism;Eastern Europe;0;
Pwo Karen;United States;US;200;34.2257;-77.9447;Karen, Pwo Eastern;Ethnoreligion;Northern America;10;
Moors;Mali;ML;687000;15.381;-11.475;Hassaniyya;Islam;Western Africa;0;
Gulf Arabs;Bahrain;BA;137000;26.136371;50.60272;Arabic, Baharna;Islam;Western Asia;0;
Jebala;France;FR;25000;48.87153;2.189643;Arabic, Moroccan;Islam;Western Europe;0;
Najdi Arabs;United States;US;79000;34.092246;-118.287293;Arabic, Najdi;Islam;Northern America;0;
Mauritanians;Canada;CA;1100;45.495;-73.6195;Hassaniyya;Islam;Northern America;10;
Northern Yemeni Arabs;United States;US;13000;42.2811;-83.2179;Arabic, Sanaani;Islam;Northern America;10;
Levantine Arabs;Dominica;DO;50;15.307;-61.387;Arabic, Standard;Islam;Caribbean;0;
Levantine Arabs;Curacao;UC;325;12.143255;-68.915309;Arabic, Standard;Islam;Caribbean;0;
Middle Eastern Arabs;Germany;GM;103000;52.51761;13.408391;Arabic, Levantine;Islam;Western Europe;0;
Libyans;Spain;SP;1100;41.354537;2.145709;Arabic, Libyan;Islam;Southern Europe;0;
Libyan Arabs;Italy;IT;41500;41.883986;12.51014;Arabic, Libyan;Islam;Southern Europe;0;
Levantine Arabs;Ecuador;EC;3200;-2.203411;-79.921002;Arabic, Standard;Islam;South America;0;
Levantine Arabs;British Virgin Islands;VI;60;18.429935;-64.619626;Arabic, Standard;Islam;Caribbean;0;
Rashaida;Egypt;EG;45500;23.130277;35.581467;Arabic, Algerian;Islam;Northern Africa;10;
Libyan Arabs;Tunisia;TS;314000;36.7526;10.224;Arabic, Libyan;Islam;Northern Africa;0;
Egyptian Arabs;Canada;CA;106000;45.543703;-73.566585;Arabic, Standard;Islam;Northern America;10;
Palestinian Arabs;Canada;CA;48000;43.5614;-79.6485;Arabic, Levantine;Islam;Northern America;10;
Saudi Arabs;United States;US;29000;42.254988;-83.191774;Arabic, Hijazi;Islam;Northern America;10;
Palestinian Arabs;Egypt;EG;145000;30.129;31.3999;Arabic, Levantine;Islam;Northern Africa;0;
Moors;Morocco;MO;3105000;29.6994;-9.7372;Hassaniyya;Islam;Northern Africa;0;
Algerian Arabs;Canada;CA;72000;45.423482;-75.698043;Arabic, Algerian;Islam;Northern America;10;
Libyan Arabs;Canada;CA;9800;45.4225;-75.6895;Arabic, Libyan;Islam;Northern America;10;
Libyan Arabs;Egypt;EG;1065000;31.00076;27.3836;Arabic, Libyan;Islam;Northern Africa;10;
Mauritanians;United States;US;1300;42.337648;-71.072716;Hassaniyya;Islam;Northern America;0;
Yemeni Arabs;Egypt;EG;1065000;30.093062;31.275426;Arabic, Ta’izzi-Adeni;Islam;Northern Africa;10;
Gulf Bedouins;Egypt;EG;1800000;28.685728;34.071309;Arabic, Gulf;Islam;Northern Africa;10;
Libyans;United States;US;11000;40.83458;-73.868919;Arabic, Libyan;Islam;Northern America;0;
Gulf Arabs;United States;US;49000;34.09245;-118.316142;Arabic, Gulf;Islam;Northern America;10;
Tunisian Arabs;Canada;CA;23500;45.4073;-75.6867;Arabic, Tunisian;Islam;Northern America;10;
Arabized Africans;Qatar;QA;49000;25.303898;51.476344;Arabic, Gulf;Islam;Western Asia;0;
Kurmanji Kurds;Canada;CA;7700;43.7488;-79.3121;Kurdish, Northern;Islam;Northern America;10;
Kurmanji Kurds;France;FR;85000;48.906889;2.295788;Kurdish, Northern;Islam;Western Europe;10;
Sorani Kurds;United States;US;17500;36.191118;-86.746442;Kurdish, Central;Islam;Northern America;10;
Kurmanji Kurds;Uzbekistan;UZ;3400;42.353759;59.580848;Kurdish, Northern;Islam;Central Asia;0;
Kurmanji Kurds;Kazakhstan;KZ;51000;42.324101;69.595207;Kurdish, Northern;Islam;Central Asia;0;
Sorani Kurds;Jordan;JO;40000;31.967572;35.899595;Kurdish, Central;Islam;Western Asia;0;
Kurmanji Kurds;Netherlands;NL;75000;51.929178;4.477022;Kurdish, Northern;Islam;Western Europe;10;
Kurmanji Kurds;Bahrain;BA;91000;26.212895;50.471966;Kurdish, Northern;Islam;Western Asia;0;
Kurmanji Kurds;Jordan;JO;12000;31.969716;35.872517;Kurdish, Northern;Islam;Western Asia;10;
Dar Fur Daju;Sudan;SU;127000;12.25982;25.31274;Daju, Dar Fur;Islam;Northern Africa;0;
Karko;Sudan;SU;30000;12.08;29.4006;Karko;Islam;Northern Africa;0;
Tagoy;Sudan;SU;26500;12.1133;30.848;Tagoi;Islam;Northern Africa;0;
Tumtum;Sudan;SU;21500;10.63777;30.4128;Tumtum;Islam;Northern Africa;0;
Kadaru;Sudan;SU;45500;12.15545;30.2709;Kadaru;Islam;Northern Africa;0;
Dungans;Uzbekistan;UZ;1900;41.353986;69.385483;Dungan;Islam;Central Asia;0;
Gulfan;Sudan;SU;45500;11.64319;29.81219;Ghulfan;Islam;Northern Africa;0;
Tese;Sudan;SU;40500;11.4194;29.6644;Tese;Islam;Northern Africa;10;
Lak;Uzbekistan;UZ;4100;42.416497;59.474104;Lak;Islam;Central Asia;0;
Ingush;Kazakhstan;KZ;21000;43.3471;76.8612;Ingush;Islam;Central Asia;0;
Southern Uzbek;United States;US;27000;40.74786;-73.904655;Uzbek, Southern;Islam;Northern America;10;
Chechens;Germany;GM;52500;52.42581;13.392418;Chechen;Islam;Western Europe;10;
Tatars;Canada;CA;5200;43.5849872078;-79.6333293218;Tatar;Islam;Northern America;0;
Northern Pashtun;Canada;CA;33500;43.653226;-79.383184;Pashto, Northern;Islam;Northern America;10;
Tajiks;United States;US;2400;40.662507;-73.931422;Tajik;Islam;Northern America;0;
Turks;Norway;NO;20500;59.9366;10.6724;Turkish;Islam;Northern Europe;0;
Pashtun;United States;US;24500;37.260959;-121.869394;Pashto, Northern;Islam;Northern America;10;
Chechens;Jordan;JO;8300;31.987;35.959;Chechen;Islam;Western Asia;0;
Kazakh;Iran;IR;6000;37.23523;54.08519;Kazakh;Islam;Southern Asia;0;
Circassians;United States;US;6900;43.058449;-76.145707;Adyghe;Islam;Northern America;0;
Uyghurs;United States;US;10000;40.804007;-74.478642;Uyghur;Islam;Northern America;10;
Chechens;Austria;AU;30500;46.63333;14.308752;Chechen;Islam;Western Europe;0;
Turks;Kosovo;KV;13000;42.296435;20.669903;Turkish;Islam;Southern Europe;0;
Somalis;Canada;CA;66500;43.7354;-79.5614;Somali;Islam;Northern America;0;
Somalis;Saudi Arabia;SA;77000;24.5874;46.622;Somali;Islam;Western Asia;0;
Somali Bantus;United States;US;10500;39.95975;-83.09584;Maay;Islam;Northern America;10;
Kabyle;Canada;CA;6100;45.52539;-73.568668;Kabyle;Islam;Northern America;10;
Punjabis;Afghanistan;AF;8800;34.534;69.194;Punjabi, Eastern;Islam;Southern Asia;0;
Western Chams;Vietnam;VM;150000;11.539;106.0094;Cham, Western;Islam;South-Eastern Asia;10;
Hausa;Algeria;AG;12000;36.7368;3.195;Hausa;Islam;Northern Africa;0;
Fulani;United States;US;33000;40.835867;-73.879726;Fulfulde, Adamawa;Islam;Northern America;10;
Belarusians;Azerbaijan;AJ;6900;40.369164;49.84224;Belarusian;Christianity;Western Asia;0;
Belarusians;Uzbekistan;UZ;18000;41.355893;69.287995;Belarusian;Christianity;Central Asia;10;
Belarusians;Tajikistan;TI;4200;38.512322;68.74002;Belarusian;Christianity;Central Asia;0;
Armenians;Tajikistan;TI;4800;38.571344;68.760995;Armenian;Christianity;Central Asia;0;
Armenians;Bulgaria;BU;41500;42.139904;24.74436;Armenian;Christianity;Eastern Europe;10;
Belarusians;Turkmenistan;TX;4500;37.934181;58.385168;Belarusian;Christianity;Central Asia;0;
Chaldeans;Türkiye;TU;3000;37.177567;42.544317;Chaldean Neo-Aramaic;Christianity;Western Asia;0;
Armenians;Italy;IT;1100;45.460472;9.198196;Armenian;Christianity;Southern Europe;0;
Armenians;Uzbekistan;UZ;36000;41.332229;69.246086;Armenian;Christianity;Central Asia;0;
Armenians;Turkmenistan;TX;19500;37.939352;58.364739;Armenian;Christianity;Central Asia;0;
Armenians;Kazakhstan;KZ;19500;42.320798;69.597847;Armenian;Christianity;Central Asia;0;
Vietnamese;New Caledonia;NC;4200;-22.2723;166.4679;Vietnamese;Christianity;Melanesia;0;
Vietnamese;Vanuatu;NH;475;-17.721369;168.312874;Vietnamese;Christianity;Melanesia;0;
Germans;Netherlands;NL;577000;52.373318;4.894467;German, Standard;Christianity;Western Europe;10;
Germans;Spain;SP;112000;41.406;2.1941;German, Standard;Christianity;Southern Europe;10;
Basque;Venezuela;VE;5400;10.4761;-66.905;Basque;Christianity;South America;0;
Germans;Mexico;MX;13500;19.503372;-99.252537;German, Standard;Christianity;Central America;0;
Laki;Iraq;IZ;128000;33.149251;45.967303;Luri, Northern;Islam;Western Asia;0;
Myen;Laos;LA;800;21.189654;101.153589;Burmese;Ethnoreligion;South-Eastern Asia;0;
Western Chams;United States;US;1200;33.79569;-118.189688;Cham, Western;Ethnoreligion;Northern America;0;
Anuak;United States;US;4200;32.737402;-96.67612;Anuak;Ethnoreligion;Northern America;10;
Rumai De`ang;China;CH;6200;24.14718;97.95457;Palaung, Rumai;Buddhism;Eastern Asia;0;
Persians;Syria;SY;9700;33.522;36.279;Persian, Iranian;Islam;Western Asia;0;
Persians;Uzbekistan;UZ;34500;41.29;69.2765;Persian, Iranian;Islam;Central Asia;0;
Ashkenazi Jews;Canada;CA;13500;43.686018;-79.463558;Yiddish, Eastern;Judaism;Northern America;10;
Tehrani Jews;United States;US;56000;34.1651;-118.5201;Persian, Iranian;Judaism;Northern America;10;
Belarusians;Germany;GM;23500;52.530222;13.536951;Belarusian;Unaffiliated;Western Europe;10;
Djiboutian Arabs;Djibouti;DJ;79000;11.564028;43.111031;Arabic, Ta’izzi-Adeni;Islam;Eastern Africa;0;
Burmese;Canada;CA;5900;43.575415;-79.599791;Burmese;Buddhism;Northern America;10;
Nghuki;South Africa;SF;800;-26.981667;20.780833;Khoekhoe;Ethnoreligion;Southern Africa;10;
Shilluk;United States;US;5300;32.660124;-96.898805;Shilluk;Ethnoreligion;Northern America;10;
Yemeni Arabs;United States;US;54000;42.353281;-83.195835;Arabic, Ta’izzi-Adeni;Islam;Northern America;10;
Aka;Sudan;SU;1300;11.21009;33.6524;Berta;Ethnoreligion;Northern Africa;10;
African-American Jews;United States;US;25000;40.695821;-73.754399;English;Judaism;Northern America;10;
Chamorros;Micronesia;FM;1200;6.945694;158.194738;Chamorro;Christianity;Micronesia;0;
Moor;Niger;NG;466000;15.9022;5.8029;Hassaniyya;Islam;Western Africa;0;
Dalu;India;IN;16500;26.056375;91.757424;Bengali;Hinduism;Southern Asia;0;
Malakar;India;IN;67000;23.903784;91.56711;Bengali;Hinduism;Southern Asia;0;
Antiguans;Canada;CA;4800;43.8004;-79.2828;Leeward Caribbean English Creole;Christianity;Northern America;0;
Ashkenazi Jews;Kazakhstan;KZ;1400;43.270727;76.949962;Russian;Judaism;Central Asia;0;
Kurmanji Kurds;Turkmenistan;TX;8100;37.931438;58.39751;Kurdish, Northern;Islam;Central Asia;0;
Moroccan Jews;United States;US;25000;34.07175;-118.36445;Arabic, Judeo-Moroccan;Judaism;Northern America;0;
Kumzari;Oman;MU;5000;26.16023;56.42019;Kumzari;Islam;Western Asia;0;
Pu Peo;Vietnam;VM;700;23.04628;104.879227;Qabiao;Ethnoreligion;South-Eastern Asia;0;
Soi;Iran;IR;8000;31.8764;54.3889;Soi;Islam;Southern Asia;0;
Hausa;Sudan;SU;1035000;15.0861;33.171;Hausa;Islam;Northern Africa;10;
Hausa;Cameroon;CM;424000;4.06638;11.38454;Hausa;Islam;Middle Africa;10;
Deaf Bengalis;Bangladesh;BG;1495000;23.799324;90.365657;Indian Sign Language;Ethnoreligion;Southern Asia;10;
Saudi Arabs;Syria;SY;1465000;34.53699;38.62842;Arabic, Najdi;Islam;Western Asia;0;
Sudanese Arabs;Egypt;EG;4265000;30.0278;31.2379;Arabic, Sudanese;Islam;Northern Africa;0;
Albanians;North Macedonia;MK;540000;41.98168;21.05405;Albanian, Gheg;Islam;Southern Europe;10;
Kurmanji Kurds;Austria;AU;68500;48.202192;16.342898;Kurdish, Northern;Islam;Western Europe;10;
Bengali;United Arab Emirates;AE;1110000;25.321;55.437;Bengali;Islam;Western Asia;10;
Kuka;Chad;CD;246000;13.1564;19.3304;Naba;Islam;Middle Africa;10;
Bengali;Saudi Arabia;SA;1075000;24.632515;46.735594;Bengali;Islam;Western Asia;10;
Hausa;Cote d’Ivoire;IV;474000;5.383506;-4.036903;Hausa;Islam;Western Africa;10;
Rashaida;Sudan;SU;151000;18.430316;37.830504;Arabic, Gulf;Islam;Northern Africa;0;
Hazaras;United Arab Emirates;AE;96000;25.232157;55.2836;Dari;Islam;Western Asia;10;
Saudi Arabs;Iraq;IZ;1970000;31.7685;43.19846;Arabic, Najdi;Islam;Western Asia;0;
Doms;Egypt;EG;457000;31.209933;29.962397;Domari;Islam;Northern Africa;0;
Kurmanji Kurds;Iran;IR;570000;37.4744;57.33;Kurdish, Northern;Islam;Southern Asia;0;
Deaf Congolese;Congo, Democratic Republic of the;CG;1490000;-4.405165;15.387264;Congolese Sign Language;Ethnoreligion;Middle Africa;0;
Bengali;Italy;IT;133000;41.929437;12.521723;Bengali;Islam;Southern Europe;10;
Hausa;Equatorial Guinea;EK;32000;1.8541;9.7694;Hausa;Islam;Middle Africa;0;
Hausa;Congo;CF;12500;1.654223;14.571613;Hausa;Islam;Middle Africa;0;
Hausa;Central African Republic;CT;41000;10.2901;22.7839;Hausa;Islam;Middle Africa;0;
Hausa;Gabon;GB;44500;0.4485;9.4296;Hausa;Islam;Middle Africa;0;
Hausa;Ghana;GH;317000;11.056412;-0.237805;Hausa;Islam;Western Africa;10;
Hausa;Benin;BN;43000;9.3723;2.6182;Hausa;Islam;Western Africa;0;
Hausa;Guinea;GV;1500;9.57202;-13.648028;Hausa;Islam;Western Africa;10;
Hausa;Togo;TO;25500;6.1792;1.3434;Hausa;Islam;Western Africa;0;
White Americans;Iceland;IC;1800;64.140069;-21.919185;English;Christianity;Northern Europe;75;
Dominicans;Guadeloupe;GP;475;16.25;-61.5818;Spanish;Christianity;Caribbean;75;
Surinamese Creole;Curacao;UC;2000;12.21768;-69.01475;Sranan Tongo;Christianity;Caribbean;75;
Peruvians;Austria;AU;275;48.18033;16.35079;Spanish;Christianity;Western Europe;75;
Peruvians;French Guiana;FG;1100;4.927837;-52.330263;Spanish;Christianity;South America;75;
Bare;Venezuela;VE;4300;1.470158;-66.904092;Spanish;Christianity;South America;10;
Greenlandic Inuits;Denmark;DA;10000;55.711767;12.559435;Greenlandic;Christianity;Northern Europe;75;
White Americans;Greenland;GL;3400;64.17464;-51.735244;English;Christianity;Northern America;75;
White Americans;New Zealand;NZ;15000;-36.914608;174.684851;English;Christianity;Australia and New Zealand;75;
White Americans;Papua New Guinea;PP;12000;-9.470991;147.162761;English;Christianity;Melanesia;75;
White Americans;Fiji;FJ;4600;-18.145217;178.433862;English;Christianity;Melanesia;75;
Tehuelche;Argentina;AR;30000;-46.717337;-68.214627;Mapudungun;Ethnoreligion;South America;10;
South Africans;Canada;CA;44000;43.6207874416;-79.5907573003;English;Christianity;Northern America;75;
South Central Dinka;Canada;CA;2400;53.5587;-113.40352;Dinka, South Central;Ethnoreligion;Northern America;10;
Manx;Canada;CA;6500;43.6559;-79.3819;English;Christianity;Northern America;0;
Gorani;Kosovo;KV;26500;42.045;20.629;Serbian;Islam;Southern Europe;0;
Cubeo;Brazil;BR;550;0.084;-67.3343;Cubeo;Ethnoreligion;South America;0;
Han Chinese (Mandarin);Mauritius;MP;15500;-20.15193;57.496471;Chinese, Mandarin;Ethnoreligion;Eastern Africa;75;
Han Chinese (Cantonese);Mauritius;MP;8400;-20.231524;57.456829;Chinese, Yue;Ethnoreligion;Eastern Africa;75;
Han Chinese;Nauru;NR;1500;-0.537138;166.912645;Chinese, Mandarin;Ethnoreligion;Micronesia;75;
Han Chinese;Christmas Island;KT;1700;-10.428678;105.687064;Chinese, Mandarin;Ethnoreligion;Australia and New Zealand;75;
Han Chinese;Micronesia;FM;600;6.970837;158.195808;Chinese, Mandarin;Ethnoreligion;Micronesia;75;
Han Chinese;Vanuatu;NH;700;-17.712232;168.304144;Chinese, Mandarin;Unaffiliated;Melanesia;75;
Han Chinese;Madagascar;MA;78000;-18.9536;47.5267;Chinese, Mandarin;Ethnoreligion;Eastern Africa;75;
Belizeans;Canada;CA;1900;51.05555;-114.062839;Spanish;Christianity;Northern America;75;
Kekchi;United States;US;100;40.5803;-74.2851;Q?eqchi?;Ethnoreligion;Northern America;75;
Guatemalans;Canada;CA;28000;45.528287;-73.575848;Spanish;Christianity;Northern America;75;
Puerto Rican;Canada;CA;3600;43.669506;-79.362063;Spanish;Christianity;Northern America;75;
Bolivians;Canada;CA;5400;45.420794;-75.679222;Spanish;Christianity;Northern America;75;
Panamanians;Canada;CA;5000;45.55904;-73.570261;Spanish;Christianity;Northern America;75;
Uruguayans;Canada;CA;7200;43.7583;-79.4256;Spanish;Christianity;Northern America;75;
Guadeloupeans;Canada;CA;6300;45.528576;-73.61663;French;Christianity;Northern America;75;
Martinicans;Canada;CA;2100;45.4853527085;-73.6794996041;Lesser Antillean French Creole;Christianity;Northern America;75;
Paraguayans;Canada;CA;4600;45.4204;-75.6973;Spanish;Christianity;Northern America;75;
Hawaiians;Canada;CA;3700;49.2827;-123.12073;English;Ethnoreligion;Northern America;75;
Namibian;United States;US;1500;40.844086;-73.877878;English;Christianity;Northern America;75;
British;Sri Lanka;CE;21500;6.861;79.879;English;Christianity;Southern Asia;75;
British;Colombia;CO;3700;3.44317;-76.513242;English;Unaffiliated;South America;75;
Singaporean Jews;Singapore;SN;850;1.379338;103.753143;English;Judaism;South-Eastern Asia;10;
British;Nepal;NP;3300;27.713564;85.31594;English;Christianity;Southern Asia;75;
Zimbabweans;Canada;CA;7600;45.5009;-73.5632;English;Christianity;Northern America;75;
British;Eswatini;WZ;2800;-26.297296;31.120688;English;Unaffiliated;Southern Africa;75;
Anglo-New Zealanders;Canada;CA;16500;49.2816;-123.1197;English;Unaffiliated;Northern America;10;
British;Lesotho;LT;425;-29.310327;27.523837;English;Unaffiliated;Southern Africa;75;
British;Bangladesh;BG;11500;23.7454;90.4129;English;Unaffiliated;Southern Asia;75;
Sierra Leoneans;Canada;CA;3200;43.746935;-79.350742;Krio;Christianity;Northern America;75;
Béké White Creole;Martinique;MB;3500;14.6316;-61.024;French;Christianity;Caribbean;0;
South Central Dinka;United States;US;9700;32.860438;-96.778819;Dinka, South Central;Ethnoreligion;Northern America;10;
Turks;Pakistan;PK;2500;35.25542;73.211292;Turkish;Islam;Southern Asia;0;
Alsatians;United States;US;2800;40.66879;-74.19194;German, Swiss;Christianity;Northern America;10;
Han Chinese (Mandarin);Zimbabwe;ZI;1600;-17.809558;31.125222;Chinese, Mandarin;Ethnoreligion;Eastern Africa;75;
Ivorians;United States;US;3600;40.833103;-73.88499;French;Ethnoreligion;Northern America;75;
Chadian;United States;US;250;38.028415;-84.47994;French;Islam;Northern America;75;
Han Chinese;Bangladesh;BG;3500;23.759373;90.433843;Chinese, Mandarin;Ethnoreligion;Southern Asia;75;
Han Chinese;Uzbekistan;UZ;1500;41.370814;69.253098;Chinese, Mandarin;Unaffiliated;Central Asia;75;
Germans;Singapore;SN;1900;1.337757;103.776049;German, Standard;Christianity;South-Eastern Asia;10;
Togolese;United States;US;3400;41.275108;-95.975941;Éwé;Christianity;Northern America;75;
Ashkenazi Jews;Germany;GM;8600;52.454541;13.379535;Yiddish, Eastern;Judaism;Western Europe;0;
Grebo;United States;US;100;32.8012;-97.27183;Grebo, Southern;Ethnoreligion;Northern America;75;
Kazakh;Canada;CA;7800;43.651;-79.3813;Kazakh;Islam;Northern America;10;
Hausa;United States;US;5300;40.8466;-73.9119;Hausa;Islam;Northern America;0;
Tigrinya;Canada;CA;11000;43.652042;-79.418925;Tigrigna;Christianity;Northern America;10;
Han Chinese;Egypt;EG;65500;30.0458;31.2625;Chinese, Mandarin;Unaffiliated;Northern Africa;75;
Han Chinese;Pakistan;PK;60000;31.595251;74.402271;Chinese, Mandarin;Ethnoreligion;Southern Asia;75;
Hausa;Burkina Faso;UV;12000;12.070993;1.787722;Hausa;Islam;Western Africa;10;
Shughni;Afghanistan;AF;40000;37.554805;71.4862;Shughni;Islam;Southern Asia;10;
Bengali;Malaysia;MY;500000;3.087081;101.599674;Bengali;Islam;South-Eastern Asia;10;
Medogo;Chad;CD;56500;12.988;18.3006;Naba;Islam;Middle Africa;10;
Thai;France;FR;10500;48.86607;2.346611;Thai;Buddhism;Western Europe;0;
Kurmanji Kurds;Australia;AS;5500;-37.814251;144.963169;Kurdish, Northern;Islam;Australia and New Zealand;10;
Bengali;Singapore;SN;156000;1.37319;103.87733;Bengali;Islam;South-Eastern Asia;10;
Afghans;Belgium;BE;25500;50.860063;4.347909;Dari;Islam;Western Europe;10;
Afghans;United Kingdom;UK;51000;51.537189;-0.279967;Dari;Islam;Northern Europe;10;
Kurmanji Kurds;Belgium;BE;66500;50.849232;4.377738;Kurdish, Northern;Islam;Western Europe;10;
Rohingya;Malaysia;MY;48000;3.028148;101.423821;Rohingya;Islam;South-Eastern Asia;10;
Belarusians;United States;US;52500;40.6639;-73.9154;Belarusian;Christianity;Northern America;10;
Burmese;Bangladesh;BG;522000;21.2871;92.14442;Burmese;Buddhism;Southern Asia;10;
Ashkenazi Jews;United States;US;191000;40.735989;-73.924258;Yiddish, Eastern;Judaism;Northern America;10;
Burmese;United Kingdom;UK;12500;51.531544;0.10014;Burmese;Buddhism;Northern Europe;10;
Burmese;United States;US;106000;34.020452;-117.921385;Burmese;Buddhism;Northern America;10;
Basque;Chile;CI;8000;-33.5202;-70.6506;Basque;Christianity;South America;0;
Persians;Pakistan;PK;13000;34.015379;71.568343;Persian, Iranian;Islam;Southern Asia;0;
Gaelic Irish;United States;US;23000;40.766805;-73.922657;Irish;Christianity;Northern America;10;
Kurmanji Kurds;Georgia;GG;39500;41.412868;43.474292;Kurdish, Northern;Islam;Western Asia;10;
Burmese;Cambodia;CB;5000;11.5564;104.8891;Burmese;Buddhism;South-Eastern Asia;0;
Hazaras;Australia;AS;19500;-27.633275;153.127326;Hazaragi;Islam;Australia and New Zealand;10;
Chechens;Georgia;GG;12000;41.7444;44.7934;Chechen;Islam;Western Asia;10;
Deaf Moldovans;Moldova;MD;17500;47.053769;28.845772;Russian Sign Language;Christianity;Eastern Europe;10;
Gheg Albanians;United States;US;67000;40.861626;-73.856581;Albanian, Gheg;Islam;Northern America;10;
Chagga;Kenya;KE;24000;-1.29;36.7712;Swahili;Christianity;Eastern Africa;10;
Germans;Namibia;WA;26500;-22.535644;17.043222;German, Standard;Christianity;Southern Africa;10;
Deaf Zimbabweans;Zimbabwe;ZI;3300;-17.871135;31.098883;Zimbabwe Sign Language;Ethnoreligion;Eastern Africa;10;
Bilala;Chad;CD;439000;12.854832;17.557276;Naba;Islam;Middle Africa;10;
Indonesians;United States;US;79500;33.995802;-118.318331;Indonesian;Islam;Northern America;75;
Levantine Arabs;Australia;AS;192000;-33.829582;151.127741;Arabic, Gulf;Christianity;Australia and New Zealand;75;
Gaelic Scots;United States;US;1800;34.086512;-118.379354;Scottish Gaelic;Christianity;Northern America;75;
British;Chile;CI;6400;-33.5;-70.61667;English;Unaffiliated;South America;75;
Icelanders;United States;US;22500;32.797658;-96.756236;Icelandic;Unaffiliated;Northern America;75;
Lebanese Arabs;Canada;CA;234000;45.505;-73.6642;Arabic, Levantine;Islam;Northern America;75;
Han Chinese;North Korea;KN;184000;39.016569;125.732951;Chinese, Mandarin;Unaffiliated;Eastern Asia;75;
British;Malaysia;MY;17000;3.071279;101.545296;English;Unaffiliated;South-Eastern Asia;75;
British;Grenada;GJ;2800;12.0396;-61.746;English;Unaffiliated;Caribbean;75;
British;Guyana;GY;2300;6.795933;-58.160853;English;Unaffiliated;South America;75;
British;Uganda;UG;4800;0.327856;32.57337;English;Unaffiliated;Eastern Africa;75;
British;Belize;BH;3100;17.490205;-88.203038;English;Unaffiliated;Central America;75;
Chileans;Canada;CA;48000;45.542176;-73.564454;Spanish;Christianity;Northern America;75;
Nicaraguans;Canada;CA;14500;43.6622;-79.4249;Spanish;Christianity;Northern America;75;
Salvadorans;Canada;CA;70500;43.685153;-79.353259;Spanish;Christianity;Northern America;75;
Venezuelans;Canada;CA;28000;43.672;-79.3786;Spanish;Christianity;Northern America;75;
Cubans;Canada;CA;31000;43.650296;-79.40779;Spanish;Unaffiliated;Northern America;75;
Tenango Nahuatl;United States;US;7800;37.987148;-120.371234;Nahuatl, Zacatlán-Ahuacatlán-Tepetzintla;Christianity;Northern America;10;
Cora;United States;US;650;38.545743;-106.92526;Cora, El Nayar;Ethnoreligion;Northern America;10;
Dominicans;Canada;CA;24500;43.65793;-79.392857;Spanish;Christianity;Northern America;75;
Ecuadorians;Canada;CA;27000;43.65948;-79.394407;Spanish;Christianity;Northern America;75;
Bahamians;Canada;CA;3900;43.692247;-79.39241;English;Christianity;Northern America;75;
Montserratians;Canada;CA;1000;43.894471;-79.474807;Leeward Caribbean English Creole;Christianity;Northern America;75;
Miami;United States;US;3100;36.896918;-94.86393;English;Ethnoreligion;Northern America;10;
Coos;United States;US;175;43.3646;-124.3258;English;Christianity;Northern America;75;
Miwok;United States;US;4100;38.7021;-120.834;English;Ethnoreligion;Northern America;75;
Huichol;United States;US;8500;41.849788;-87.677628;Spanish;Christianity;Northern America;10;
Mam;United States;US;78500;33.917186;-118.243564;Mam;Ethnoreligion;Northern America;75;
Onondaga;United States;US;950;42.88859;-76.20547;English;Christianity;Northern America;75;
Chinuk Wawa;Canada;CA;125;49.37116;-123.22007;English;Christianity;Northern America;75;
Wintun;United States;US;2800;39.71756;-122.44538;English;Christianity;Northern America;75;
Lower Chinook;United States;US;475;46.154206;-120.505184;English;Ethnoreligion;Northern America;75;
Ocotlan Zapotec;United States;US;1700;45.181244;-122.840387;Spanish;Ethnoreligion;Northern America;10;
Han Chinese;Seychelles;SE;550;-4.645035;55.470961;Chinese, Mandarin;Ethnoreligion;Eastern Africa;75;
Thai;Australia;AS;30000;-37.987187;145.214263;Thai;Buddhism;Australia and New Zealand;10;
Thai;Singapore;SN;64000;1.33945;103.69877;Thai;Buddhism;South-Eastern Asia;10;
British;Luxembourg;LU;7700;49.603116;6.130716;English;Unaffiliated;Western Europe;75;
Thai;Malaysia;MY;34000;3.0805;101.6527;Thai;Buddhism;South-Eastern Asia;0;
Canadians;New Zealand;NZ;7800;-36.910176;174.809996;English;Unaffiliated;Australia and New Zealand;75;
Cocos Malays;Christmas Island;KT;250;-10.492947;105.629265;Malay, Cocos Islands;Islam;Australia and New Zealand;75;
Albanians;Austria;AU;24000;48.183284;16.371204;Albanian, Tosk;Islam;Western Europe;0;
Han Chinese;Mozambique;MZ;21000;-25.938149;32.556896;Chinese, Mandarin;Ethnoreligion;Eastern Africa;75;
Albanians;Montenegro;MJ;49500;42.440512;19.261996;Albanian, Gheg;Islam;Southern Europe;0;
Cocos Malays;Cocos (Keeling) Islands;CK;550;-12.185468;96.831418;Malay, Cocos Islands;Islam;Australia and New Zealand;0;
Greek Cypriots;United States;US;9600;40.725305;-73.952805;English;Christianity;Northern America;10;
Belarusians;Poland;PL;47000;53.120889;23.132694;Belarusian;Christianity;Eastern Europe;10;
Han Chinese;Zambia;ZA;38500;-15.420239;28.262344;Chinese, Mandarin;Ethnoreligion;Eastern Africa;75;
Han Chinese;Laos;LA;36000;17.945593;102.629888;Chinese, Yue;Ethnoreligion;South-Eastern Asia;75;
Argentines;Canada;CA;22000;43.76329;-79.403673;Spanish;Christianity;Northern America;75;
Assyrians;Canada;CA;11500;43.737718;-79.499852;Assyrian Neo-Aramaic;Christianity;Northern America;75;
Lakota;Canada;CA;800;49.3342858462;-106.452687019;Lakota;Christianity;Northern America;75;
Akan;Canada;CA;27000;43.8061;-79.1976;Akan;Ethnoreligion;Northern America;75;
Maori;Tonga;TN;60;-21.34292;-174.94749;Maori;Christianity;Polynesia;75;
Deaf Basotho;Lesotho;LT;11000;-29.310773;27.471612;Lesotho Sign Language;Ethnoreligion;Southern Africa;10;
Zenzontepec Chatino;United States;US;2100;37.012752;-121.559835;Chatino, Zenzontepec;Christianity;Northern America;10;
Deaf Ivoirians;Cote d’Ivoire;IV;105000;5.501574;-4.046213;Francophone African Sign Language;Ethnoreligion;Western Africa;0;
Han Chinese (Cantonese);Vietnam;VM;784000;21.0278;105.8481;Chinese, Yue;Ethnoreligion;South-Eastern Asia;75;
Quiche;United States;US;282000;29.76;-95.36;K’iche’;Ethnoreligion;Northern America;10;
Deaf Albanians;Albania;AL;29500;41.323154;19.797909;Albanian Sign Language;Ethnoreligion;Southern Europe;10;
Deaf Trinidadians;Trinidad and Tobago;TD;141000;10.64425;-61.396564;British Sign Language;Christianity;Caribbean;10;
Deaf Portuguese;Portugal;PO;103000;38.766824;-9.176629;Portuguese Sign Language;Christianity;Southern Europe;0;
Deaf Batswana;Botswana;BC;28500;-24.654338;25.928043;Botswana Sign Language;Ethnoreligion;Southern Africa;10;
Afghans;Netherlands;NL;34500;52.368152;4.897656;Dari;Islam;Western Europe;10;
Deaf Belizeans;Belize;BH;4200;17.245997;-88.77123;American Sign Language;Ethnoreligion;Central America;10;
Central Aymara;Argentina;AR;4400;-24.3794;-65.1318;Aymara, Central;Ethnoreligion;South America;75;
Burundians;Canada;CA;11500;45.5168882949;-73.5903910335;French;Christianity;Northern America;75;
Somali Bantus;Canada;CA;6400;43.737813458;-79.3794244055;Maay;Islam;Northern America;10;
Gabonese;Canada;CA;1600;45.6158213633;-73.5514272668;French;Christianity;Northern America;75;
Israeli Jews;Canada;CA;22500;43.6523;-79.6514;English;Judaism;Northern America;10;
Greek Cypriots;Canada;CA;1300;43.6532;-79.3831;Greek;Christianity;Northern America;10;
Sicilians;Canada;CA;7800;43.6615703638;-79.5043915111;Sicilian;Christianity;Northern America;0;
Alsatians;Canada;CA;3100;45.4632249904;-73.6527476154;German, Swiss;Christianity;Northern America;10;
Saint Lucians;Canada;CA;10000;45.4765;-75.7012;Lesser Antillean French Creole;Christianity;Northern America;75;
Maori;Canada;CA;2800;49.2827;-123.1207;English;Christianity;Northern America;75;
Polynesians;Canada;CA;1700;49.280333;-122.896387;English;Christianity;Northern America;75;
Luxembourgers;Canada;CA;4400;43.653226;-79.383184;Luxembourgish;Christianity;Northern America;0;
Saliba;Venezuela;VE;325;5.74259;-67.51361;Spanish;Christianity;South America;75;
Buraka;Congo, Democratic Republic of the;CG;3200;4.39445;20.69481;Buraka;Ethnoreligion;Middle Africa;75;
Bosniaks;Austria;AU;223000;47.0345;15.417;Bosnian;Islam;Western Europe;0;
Wolof;Canada;CA;1300;45.4589;-73.6424;Wolof;Islam;Northern America;10;
Danes;Canada;CA;41000;42.9563;-81.2718;Danish;Unaffiliated;Northern America;75;
Khmer;Canada;CA;22500;45.6101;-73.55;Khmer;Buddhism;Northern America;10;
Khuen;United States;US;2900;37.935833;-122.347778;Khuen;Ethnoreligion;Northern America;10;
Iu Mien;United States;US;38500;33.856847;-117.837109;Iu Mien;Ethnoreligion;Northern America;75;
Mandan;United States;US;600;47.66312;-102.37579;English;Ethnoreligion;Northern America;75;
Albanians;Canada;CA;27500;43.587557;-79.643677;Albanian, Tosk;Islam;Northern America;10;
Bulgarians;Canada;CA;33000;43.676111;-79.495267;Bulgarian;Christianity;Northern America;10;
Lithuanians;Canada;CA;10000;43.6559;-79.4542;Lithuanian;Christianity;Northern America;10;
Spaniards;Canada;CA;12500;45.5219;-73.5903;Spanish;Christianity;Northern America;10;
Turks;Canada;CA;30000;49.2441;-123.11865;Turkish;Islam;Northern America;10;
Atsugewi;United States;US;400;40.789;-121.474;English;Ethnoreligion;Northern America;10;
Thai;Canada;CA;9100;43.7005;-79.471;Thai;Buddhism;Northern America;10;
Buna;Papua New Guinea;PP;1300;-3.95553;144.11929;Buna;Christianity;Melanesia;75;
Oubi;Cote d’Ivoire;IV;6100;5.00546;-7.48169;Glio-Oubi;Christianity;Western Africa;75;
Madang;Malaysia;MY;23000;3.54443;114.0389;Kenyah, Mainstream;Christianity;South-Eastern Asia;75;
Bitare;Nigeria;NI;73500;7.0382;10.7701;Bitare;Christianity;Western Africa;75;
Ci;Benin;BN;53000;6.84217;2.02134;Gbe, Ci;Ethnoreligion;Western Africa;75;
Black Bobo;Mali;ML;48000;12.41248;-4.58752;Konabéré;Ethnoreligion;Western Africa;75;
Gberi;South Sudan;OD;1700;6.0934;29.7656;Mo’da;Islam;Northern Africa;10;
Degema;Nigeria;NI;24000;4.68;6.795;Degema;Ethnoreligion;Western Africa;75;
Malagasy;France;FR;66500;48.835735;2.303571;Malagasy, Merina;Christianity;Western Europe;75;
Chokwe;Congo, Democratic Republic of the;CG;1630000;-6.55208;19.681;Chokwe;Christianity;Middle Africa;10;
Egyptian Copts;United States;US;242000;40.7177;-74.0431;Arabic, Egyptian;Christianity;Northern America;75;
Samoans;American Samoa;AQ;42000;-14.29333;-170.70238;Samoan;Christianity;Polynesia;75;
Maori;United States;US;700;37.764654;-122.461975;English;Christianity;Northern America;75;
Lambya;Zambia;ZA;22000;-9.929844;33.078972;Lambya;Ethnoreligion;Eastern Africa;75;
Basque;United States;US;31500;43.615542;-116.257708;Basque;Christianity;Northern America;10;
Yache Akpa;Nigeria;NI;55000;7.01314;8.08547;Akweya;Christianity;Western Africa;75;
Deaf Zambians;Zambia;ZA;50000;-15.432091;28.344833;Zambian Sign Language;Ethnoreligion;Eastern Africa;75;
Finns;Canada;CA;36500;48.407075;-89.24779;Finnish;Unaffiliated;Northern America;75;
Georgians;Russian Federation;RS;113000;55.75;37.616667;Georgian;Christianity;Eastern Europe;0;
Southern Saami;Sweden;SW;600;63.8522;15.5559;Saami, South;Christianity;Northern Europe;0;
Southeastern Dinka;South Sudan;OD;724000;6.42475;31.621366;Dinka, Southeastern;Ethnoreligion;Northern Africa;10;
Komi;Russian Federation;RS;217000;63.5887;53.8381;Komi-Zyrian;Ethnoreligion;Eastern Europe;10;
Kaugel;Papua New Guinea;PP;74000;-5.9513;143.96989;Umbu-Ungu;Christianity;Melanesia;75;
Comorian Ngazidja;Comoros;CN;425000;-11.7131;43.2501;Comorian, Ngazidja;Islam;Eastern Africa;10;
Laro;Sudan;SU;40000;11.3617;30.529;Laro;Islam;Northern Africa;75;
Epie;Nigeria;NI;44500;4.9284;6.301;Epie;Ethnoreligion;Western Africa;75;
Lele;Chad;CD;87000;9.158;15.81149;Lele (Chad);Christianity;Middle Africa;75;
Golin;Papua New Guinea;PP;178000;-6.178721;144.904232;Golin;Christianity;Melanesia;75;
Garuh;Papua New Guinea;PP;9400;-5.06952;145.71224;Nobonob;Christianity;Melanesia;75;
Burum-Mindik;Papua New Guinea;PP;18000;-6.51663;147.33332;Somba-Siawari;Christianity;Melanesia;75;
Suki;Papua New Guinea;PP;7100;-8.04783;141.84239;Suki;Christianity;Melanesia;75;
Enga;Papua New Guinea;PP;453000;-5.45619;143.68529;Enga;Christianity;Melanesia;75;
Kwamera Tannese;Vanuatu;NH;6200;-19.59545;169.44199;Kwamera;Christianity;Melanesia;75;
Adele;Togo;TO;31500;8.1964;0.8054;Adele;Ethnoreligion;Western Africa;75;
Anong;Myanmar;BM;12500;27.291;98.68006;Lisu;Ethnoreligion;South-Eastern Asia;75;
South Fali;Cameroon;CM;66500;9.51408;13.61642;Fali, South;Islam;Middle Africa;75;
Mashi;Zambia;ZA;110000;-16.53832;22.55284;Mashi (Zambia);Ethnoreligion;Eastern Africa;75;
Ndendeule;Tanzania;TZ;201000;-10.4625;36.1368;Ndendeule;Ethnoreligion;Eastern Africa;10;
Gavar;Cameroon;CM;14000;10.56029;13.81878;Gavar;Islam;Middle Africa;75;
Mbunga;Tanzania;TZ;83000;-8.19661;36.5362;Mbunga;Ethnoreligion;Eastern Africa;10;
Batemi;Tanzania;TZ;57500;-2.19303;35.80345;Temi;Ethnoreligion;Eastern Africa;10;
Sopi;South Sudan;OD;3100;6.155251;30.246532;Beli (South Sudan);Islam;Northern Africa;10;
Lillooet;Canada;CA;7500;50.682;-121.9381;English;Christianity;Northern America;75;
Austrians;Canada;CA;22500;43.811141044;-79.4037852038;Bavarian;Christianity;Northern America;0;
Imazighen;Canada;CA;25500;45.496637655;-73.7134756067;Tamazight, Central Atlas;Islam;Northern America;10;
Samoans;Canada;CA;1200;49.2391453733;-123.027849279;Samoan;Christianity;Northern America;75;
Dheevara;India;IN;473000;8.96116;76.53323;Malayalam;Hinduism;Southern Asia;0;
Tongans;American Samoa;AQ;1500;-14.31318;-170.74249;Tongan;Christianity;Polynesia;75;
Kacipo-Balesi;Ethiopia;ET;4900;6.289919;35.013551;Suri, Kacipo-Bale;Ethnoreligion;Eastern Africa;10;
Gabonese;United States;US;500;39.174553;-77.267734;French;Christianity;Northern America;75;
Jhodiya;India;IN;10000;19.2199282204;82.7892048353;Bodo Parja;Ethnoreligion;Southern Asia;75;
Serbs;Austria;AU;154000;48.216307;16.318657;Serbian;Christianity;Western Europe;0;
Pomo;United States;US;11500;38.971704;-123.120212;English;Christianity;Northern America;0;
Pawnee;United States;US;3300;36.321261;-96.85505;English;Christianity;Northern America;75;
Mala Sale;India;IN;169000;18.988971;79.468994;Telugu;Hinduism;Southern Asia;75;
Muchi Chamar;India;IN;24000;17.424289;78.470015;Telugu;Hinduism;Southern Asia;0;
Saradagallu;India;IN;21000;17.079082;78.200103;Telugu;Hinduism;Southern Asia;0;
Abdal;India;IN;34000;27.2793;83.0867;Urdu;Islam;Southern Asia;10;
Dhekaro;India;IN;1200;24.034569;87.416786;Bengali;Hinduism;Southern Asia;0;
Hausa;Niger;NG;15680000;13.496705;7.106593;Hausa;Islam;Western Africa;10;
Dahalo;Kenya;KE;650;-2.1843;40.36999;Swahili;Ethnoreligion;Eastern Africa;0;
Ashanti;Ghana;GH;5450000;6.700449;-1.618744;Akan;Ethnoreligion;Western Africa;75;
Songhai;Burkina Faso;UV;256000;14.34761;0.22932;Songhay, Humburi Senni;Islam;Western Africa;0;
Kotokoli;Togo;TO;526000;8.5633;0.9825;Tem;Islam;Western Africa;0;
Binga;Sudan;SU;1000;10.4335;23.375;Yulu;Ethnoreligion;Northern Africa;0;
Subei;Sudan;SU;8400;11.751528;29.357972;Arabic, Sudanese;Islam;Northern Africa;0;
Borogo;Sudan;SU;5000;11.980667;29.098722;Arabic, Sudanese;Islam;Northern Africa;0;
Kurundi;Sudan;SU;21000;10.979;31.022528;Arabic, Sudanese;Islam;Northern Africa;0;
Shawafna;Sudan;SU;4500;10.94162;30.56298;Arabic, Sudanese;Islam;Northern Africa;0;
Kasha;Sudan;SU;14000;12.000806;29.152528;Arabic, Sudanese;Islam;Northern Africa;0;
Kudur;Sudan;SU;10000;12.099833;29.71075;Arabic, Sudanese;Islam;Northern Africa;0;
Antiti;Sudan;SU;16500;11.772528;29.320639;Arabic, Sudanese;Islam;Northern Africa;0;
Mirisia Zuruk;Sudan;SU;23000;10.865417;30.746472;Arabic, Sudanese;Islam;Northern Africa;0;
Abu-Junuk;Sudan;SU;9800;11.982667;28.961389;Arabic, Sudanese;Islam;Northern Africa;0;
Kujriya;Sudan;SU;15000;12.029917;29.321694;Arabic, Sudanese;Islam;Northern Africa;0;
Kuwala;Sudan;SU;21000;11.070333;31.003278;Arabic, Sudanese;Islam;Northern Africa;0;
Bindili;Sudan;SU;7100;10.845111;30.05;Arabic, Sudanese;Islam;Northern Africa;0;
Tasoomi;Sudan;SU;27000;10.638844;30.38402;Arabic, Sudanese;Islam;Northern Africa;0;
Tabak;Sudan;SU;21000;11.226639;29.112139;Arabic, Sudanese;Islam;Northern Africa;0;
Hawazama;Sudan;SU;7500;11.003848;30.190293;Arabic, Sudanese;Islam;Northern Africa;0;
Lamira;Sudan;SU;24000;10.176694;30.739306;Arabic, Sudanese;Islam;Northern Africa;0;
Kaijen;Sudan;SU;15000;11.088306;30.984639;Arabic, Sudanese;Islam;Northern Africa;0;
Tata;Sudan;SU;18000;10.643061;30.388741;Arabic, Sudanese;Islam;Northern Africa;0;
Kauyaru;Sudan;SU;6300;11.003848;30.190293;Arabic, Sudanese;Islam;Northern Africa;0;
Kalik;Sudan;SU;31000;12.034583;29.59875;Arabic, Sudanese;Islam;Northern Africa;0;
Wadalka;Sudan;SU;37000;12.408861;31.319444;Arabic, Sudanese;Islam;Northern Africa;0;
Hijeraat;Sudan;SU;24500;11.876583;31.138389;Arabic, Sudanese;Islam;Northern Africa;0;
Turuj;Sudan;SU;26500;12.37475;30.945167;Arabic, Sudanese;Islam;Northern Africa;0;
Kamda;Sudan;SU;30000;11.471056;29.203194;Arabic, Sudanese;Islam;Northern Africa;0;
Rashad;Sudan;SU;77000;11.87575;31.111222;Arabic, Sudanese;Islam;Northern Africa;0;
Farla;Sudan;SU;26500;11.894111;31.011;Arabic, Sudanese;Islam;Northern Africa;0;
Sagolle;Sudan;SU;26000;11.01779;29.588459;Arabic, Sudanese;Islam;Northern Africa;0;
Trawing;Sudan;SU;2200;10.893778;29.752417;Arabic, Sudanese;Islam;Northern Africa;0;
Kega-Alkheel;Sudan;SU;21000;11.37075;29.751528;Arabic, Sudanese;Islam;Northern Africa;0;
Kenana;Sudan;SU;35000;11.087306;30.984639;Arabic, Sudanese;Islam;Northern Africa;0;
Iraqi Jews;Iraq;IZ;4;33.31648;44.395542;Arabic, Judeo-Iraqi;Judaism;Western Asia;0;
Arabized Blacks;Libya;LY;131000;32.8597;13.241;Arabic, Libyan;Islam;Northern Africa;0;
Maghrebi Jews;Israel;IS;540000;32.0406;34.8644;Arabic, Judeo-Moroccan;Judaism;Western Asia;10;
Cuban Jews;Cuba;CU;500;23.136276;-82.396751;Spanish;Judaism;Caribbean;0;
Tukum;Sudan;SU;22000;12.083556;30.882806;Tagoi;Islam;Northern Africa;0;
Borono;Sudan;SU;24000;10.94162;30.56298;Kanuri, Yerwa;Islam;Northern Africa;0;
Surinamese Jews;Suriname;NS;225;5.811666;-55.173398;Portuguese;Judaism;South America;0;
Talasa;Sudan;SU;24500;10.194944;31.131556;Tumtum;Islam;Northern Africa;0;
Malian;United States;US;3300;40.827155;-73.870668;Bamanankan;Islam;Northern America;10;
Kajakaja;Sudan;SU;37000;11.470444;31.240694;Tegali;Islam;Northern Africa;0;
Dajo;Sudan;SU;35000;11.391944;29.014444;Daju, Dar Fur;Islam;Northern Africa;0;
Ivorians;Canada;CA;3400;45.550486;-73.566879;French;Ethnoreligion;Northern America;10;
Beninese;Canada;CA;1000;43.684296;-79.602283;French;Ethnoreligion;Northern America;10;
Spanish Jews;United States;US;325;40.79056;-73.965287;English;Judaism;Northern America;0;
Turks;United Arab Emirates;AE;43500;25.2293;55.29084;Turkish;Islam;Western Asia;10;
Hoggar-Tuareg;Niger;NG;58000;20.502;8.0706;Tamahaq, Tahaggart;Islam;Western Africa;10;
Anuak;Ethiopia;ET;138000;7.58678;34.40601;Anuak;Christianity;Eastern Africa;10;
Dalang;Sudan;SU;1000;11.645111;29.7945;Dilling;Islam;Northern Africa;0;
Belbali;Algeria;AG;3800;29.405463;-3.255986;Korandje;Islam;Northern Africa;0;
Arra;Sudan;SU;2400;10.641124;30.00524;Ngile;Islam;Northern Africa;0;
Doloka;Sudan;SU;14500;10.862278;29.748111;Ngile;Islam;Northern Africa;0;
Circassians;Israel;IS;3500;32.721;35.441;Adyghe;Islam;Western Asia;0;
Ale;Ethiopia;ET;74500;5.4341;37.2327;Ale;Ethnoreligion;Eastern Africa;0;
Bilen;Eritrea;ER;77500;15.709;38.268;Bilen;Islam;Eastern Africa;0;
Deaf Norwegians;Norway;NO;22500;59.916674;10.588699;Norwegian Sign Language;Ethnoreligion;Northern Europe;10;
Kalanadies;India;IN;1500;11.685917;76.131236;Malayalam;Hinduism;Southern Asia;0;
Kummara, Kusuvan;India;IN;7000;11.29183;75.950993;Malayalam;Hinduism;Southern Asia;0;
Western Chams;Laos;LA;250;17.972941;102.618209;Cham, Western;Islam;South-Eastern Asia;0;
Kumonu;Nigeria;NI;3200;8.877;11.566;Hausa;Islam;Western Africa;10;
Western Pashtun;Iran;IR;2445000;33.637;60.274;Pashto, Southern;Islam;Southern Asia;0;
Samaritans;Palestine;XP;425;32.21272;35.287431;Arabic, Levantine;Ethnoreligion;Western Asia;0;
Deaf Maltese;Malta;MT;2800;35.920561;14.477307;Maltese Sign Language;Ethnoreligion;Southern Europe;0;
Deaf Armenians;Armenia;AM;27500;40.144984;44.523109;Armenian Sign Language;Ethnoreligion;Western Asia;0;
Kate;Laos;LA;950;15.0795;105.8998;Lao;Ethnoreligion;South-Eastern Asia;0;
Deaf New Zealanders;New Zealand;NZ;22000;-37.017306;174.885763;New Zealand Sign Language;Ethnoreligion;Australia and New Zealand;10;
Sivandi;Iran;IR;8000;30.1141;52.087;Sivandi;Islam;Southern Asia;0;
Gazi;Iran;IR;6000;33.928753;51.604348;Persian, Iranian;Islam;Southern Asia;0;
Khunsari;Iran;IR;23500;34.0063;51.3942;Khunsari;Islam;Southern Asia;0;
Deaf Saudi Arabians;Saudi Arabia;SA;348000;24.686882;46.72901;Saudi Arabian Sign Language;Islam;Western Asia;0;
Deaf Laotians;Laos;LA;68000;17.974777;102.626223;Laos Sign Language;Ethnoreligion;South-Eastern Asia;0;
Deaf Jamaicans;Jamaica;JM;27500;17.976886;-76.792403;Jamaican Sign Language;Ethnoreligion;Caribbean;0;
Deaf Italians;Italy;IT;600000;41.940449;12.531651;Italian Sign Language;Christianity;Southern Europe;0;
Deaf Pakistanis;Pakistan;PK;10160000;31.713581;73.978827;Pakistan Sign Language;Islam;Southern Asia;0;
Deaf Greeks;Greece;GR;55500;37.953754;23.691784;Greek Sign Language;Ethnoreligion;Southern Europe;0;
Deaf Libyans;Libya;LY;70500;32.884578;13.258611;Libyan Sign Language;Islam;Northern Africa;0;
Sarikoli Tajiks;China;CH;20500;37.90501;75.14486;Sarikoli;Islam;Eastern Asia;0;
Avar;Azerbaijan;AJ;45000;41.70474;46.55802;Avar;Islam;Western Asia;0;
Northern Tati;Iran;IR;45500;38.845751;45.66249;Karingani;Islam;Southern Asia;0;
Archi;Russian Federation;RS;2000;42.076;46.857;Archi;Islam;Eastern Europe;10;
Turkmen;Uzbekistan;UZ;223000;42.461575;59.602795;Turkmen;Islam;Central Asia;0;
Central Tati;Iran;IR;41500;37.368816;48.31128;Shahrudi;Islam;Southern Asia;0;
Semnani;Iran;IR;22000;35.5295;53.2868;Semnani;Islam;Southern Asia;0;
Kongsat;Laos;LA;850;21.190378;102.154695;Akha;Ethnoreligion;South-Eastern Asia;0;
Murego-Gubden;Russian Federation;RS;39000;42.51275;47.63657;Dargwa;Islam;Eastern Europe;0;
Arem;Laos;LA;900;18.1691;105.47;Lao;Ethnoreligion;South-Eastern Asia;0;
Deaf Cubans;Cuba;CU;109000;23.103219;-82.417973;Cuban Sign Language;Ethnoreligion;Caribbean;0;
Zartoshi Zoroastrians;Iran;IR;8000;31.8161;54.44689;Persian, Iranian;Other;Southern Asia;0;
Deaf Mozambicans;Mozambique;MZ;147000;-25.948215;32.592241;Mozambican Sign Language;Ethnoreligion;Eastern Africa;0;
Idaksahak;Mali;ML;160000;15.915101;2.398555;Tadaksahak;Islam;Western Africa;0;
Libyan Arabs;Libya;LY;2785000;32.867838;13.192789;Arabic, Libyan;Islam;Northern Africa;0;
Deaf Argentines;Argentina;AR;456000;-34.784773;-58.389844;Argentine Sign Language;Christianity;South America;10;
Deaf Poles;Poland;PL;384000;52.265553;20.988732;Polish Sign Language;Christianity;Eastern Europe;0;
Western Punjabi;Pakistan;PK;96320000;31.40732;73.07844;Punjabi, Western;Islam;Southern Asia;10;
Deaf Iranians;Iran;IR;885000;35.69219;51.09964;Iranian Sign Language;Islam;Southern Asia;0;
Aiyarakulu;India;IN;688000;18.435128;84.019536;Telugu;Hinduism;Southern Asia;0;
Deaf Malaysians;Malaysia;MY;320000;3.131143;101.699697;Malaysian Sign Language;Ethnoreligion;South-Eastern Asia;10;
Reddi;India;IN;3300;9.0207;76.9291;Telugu;Hinduism;Southern Asia;0;
Andamanese;India;IN;11500;11.623377;92.726483;Andaman Hindi Creole;Hinduism;Southern Asia;0;
Teli (Telugu);India;IN;748000;18.11438208;83.40269713;Telugu;Ethnoreligion;Southern Asia;10;
Memba;India;IN;5700;28.605;94.128056;Hindi;Buddhism;Southern Asia;0;
Deaf Slovenes;Slovenia;SI;21000;46.045439;14.503342;Slovenian Sign Language;Christianity;Southern Europe;10;
Chadians;Canada;CA;2100;45.5016;-73.5672;French;Islam;Northern America;75;
Burundians;United States;US;10000;38.2156;-85.7161;French;Christianity;Northern America;75;
Batswana;United States;US;1700;40.84775;-73.879514;Setswana;Christianity;Northern America;0;
Kenyans;Canada;CA;26000;43.7004;-79.397;English;Christianity;Northern America;75;
Nicobarese;India;IN;42500;9.1549;92.8203;Nicobarese, Car;Christianity;Southern Asia;75;
Reddi Dora;India;IN;2500;17.686816;83.218482;Telugu;Hinduism;Southern Asia;0;
Deaf Thai;Thailand;TH;719000;13.711989;100.610727;Thai Sign Language;Ethnoreligion;South-Eastern Asia;10;
Deaf Nepali;Nepal;NP;345000;27.664331;85.322425;Nepalese Sign Language;Hinduism;Southern Asia;10;
Deaf Tanzanians;Tanzania;TZ;323000;-6.767413;39.235591;Tanzanian Sign Language;Ethnoreligion;Eastern Africa;10;
Deaf Croatians;Croatia;HR;40500;45.813851;15.903154;Croatian Sign Language;Ethnoreligion;Southern Europe;10;
Deaf Guatemalans;Guatemala;GT;191000;14.50344;-90.56666;Guatemalan Sign Language;Christianity;Central America;10;
Deaf Egyptians;Egypt;EG;1150000;30.154603;31.306634;Egyptian Sign Language;Islam;Northern Africa;10;
Deaf Indians;India;IN;13560000;28.587716;77.18765;Indian Sign Language;Hinduism;Southern Asia;10;
Deaf Ecuadorians;Ecuador;EC;152000;-0.214924;-78.488504;Ecuadorian Sign Language;Christianity;South America;10;
Afghans;United States;US;166000;37.756624;-122.168033;Dari;Islam;Northern America;10;
Chamorros;United States;US;21500;33.993003;-118.158065;Chamorro;Christianity;Northern America;75;
Norfolker;Norfolk Island;NF;350;-29.055055;167.947291;Pitcairn-Norfolk;Christianity;Australia and New Zealand;75;
Hazaras;Pakistan;PK;269000;30.134383;66.976159;Hazaragi;Islam;Southern Asia;10;
Chamorros;Northern Mariana Islands;CQ;13000;15.05447;145.63053;Chamorro;Christianity;Micronesia;75;
Mandaeans;Iran;IR;11500;31.3081;48.7258;Persian, Iranian;Other;Southern Asia;0;
Atoni;Timor-Leste;TT;94000;-9.32991;124.25622;Baikeno;Christianity;South-Eastern Asia;0;
Tewa;Indonesia;ID;4700;-8.418856;124.170499;Teiwa;Ethnoreligion;South-Eastern Asia;75;
Aeka;Papua New Guinea;PP;5700;-8.570126;147.971229;Aeka;Christianity;Melanesia;75;
Yadav Gola;India;IN;1375000;19.41133299;84.93998277;Telugu;Hinduism;Southern Asia;10;
Kurmanji Kurds;Azerbaijan;AJ;6400;39.82338;46.20434;Kurdish, Northern;Islam;Western Asia;0;
Kadazan Dusun;Malaysia;MY;262000;5.952622;116.670328;Kadazan Dusun;Christianity;South-Eastern Asia;75;
Ou Khmu;Laos;LA;813000;19.229103;102.240009;Khmu;Ethnoreligion;South-Eastern Asia;75;
Batu Punan;Malaysia;MY;125;4.026;114.383;Punan Batu;Ethnoreligion;South-Eastern Asia;75;
Deaf Ugandans;Uganda;UG;403000;0.296518;32.586956;Ugandan Sign Language;Christianity;Eastern Africa;10;
Kyrgyz;United States;US;30000;41.8623437695;-87.7263075114;Kyrgyz;Islam;Northern America;0;
Deaf Mexicans;Mexico;MX;1295000;19.352515;-99.18247;Mexican Sign Language;Christianity;Central America;10;
Deaf Sierra Leoneans;Sierra Leone;SL;88500;8.484208;-13.228579;Sierra Leone Sign Language;Ethnoreligion;Western Africa;10;
Deaf Indonesians;Indonesia;ID;2655000;-6.216039;106.899858;Indonesian Sign Language;Ethnoreligion;South-Eastern Asia;10;
Chamorros;Guam;GQ;92500;13.4402;144.77622;Chamorro;Christianity;Micronesia;75;
Bretons;United States;US;400;40.794724;-73.943277;French;Christianity;Northern America;0;
Deaf Taiwanese;Taiwan;TW;26000;25.02062;121.30519;Taiwan Sign Language;Ethnoreligion;Eastern Asia;10;
Deaf Americans;United States;US;3370000;40.62029;-73.954981;American Sign Language;Ethnoreligion;Northern America;75;
Tring;Malaysia;MY;900;3.976537;114.650837;Tring;Ethnoreligion;South-Eastern Asia;75;
Deaf Rwandans;Rwanda;RW;71000;-1.97504;30.082955;Rwandan Sign Language;Ethnoreligion;Eastern Africa;10;
Deaf Brazilians;Brazil;BR;2195000;-23.527175;-46.752376;Brazilian Sign Language;Christianity;South America;10;
Deaf Belgians;Belgium;BE;120000;50.848346;4.356646;French Belgian Sign Language;Christianity;Western Europe;10;
Deaf Jordanians;Jordan;JO;115000;31.952902;35.838557;Jordanian Sign Language;Islam;Western Asia;10;
Deaf Hungarians;Hungary;HU;97500;47.513831;19.142947;Hungarian Sign Language;Christianity;Eastern Europe;10;
Deaf Romanians;Romania;RO;196000;44.485178;26.023725;Romanian Sign Language;Christianity;Eastern Europe;10;
Deaf Uruguayans;Uruguay;UY;34500;-34.835;-56.262;Uruguayan Sign Language;Unaffiliated;South America;10;
Deaf French;France;FR;650000;48.842798;2.240265;French Sign Language;Christianity;Western Europe;10;
Deaf Peruvians;Peru;PE;322000;-12.040617;-77.052104;Peruvian Sign Language;Christianity;South America;10;
Deaf Finns;Finland;FI;55000;60.66099;25.06767;Finnish Sign Language;Christianity;Northern Europe;10;
Deaf Colombians;Colombia;CO;472000;4.7131;-74.0451;Colombian Sign Language;Christianity;South America;10;
Deaf Kenyans;Kenya;KE;234000;-1.244036;36.883195;Kenyan Sign Language;Ethnoreligion;Eastern Africa;10;
Deaf Dutch;Netherlands;NL;176000;52.374965;4.844705;Sign Language of the Netherlands;Unaffiliated;Western Europe;10;
Deaf Ethiopians;Ethiopia;ET;1325000;8.997561;38.756606;Ethiopian Sign Language;Christianity;Eastern Africa;10;
Deaf Ghanaians;Ghana;GH;284000;5.55225;-0.30274;Ghanaian Sign Language;Ethnoreligion;Western Africa;10;
Deaf Venezuelans;Venezuela;VE;297000;10.481128;-66.852763;Venezuelan Sign Language;Christianity;South America;10;
Saek;Thailand;TH;3600;17.4293;104.7458;Thai, Northeastern;Ethnoreligion;South-Eastern Asia;0;
Biatah;Malaysia;MY;90500;1.24835;110.33729;Bidayuh, Biatah;Christianity;South-Eastern Asia;75;
Berawan;Malaysia;MY;1400;3.9844;114.6309;Berawan, West;Ethnoreligion;South-Eastern Asia;75;
Bom;Papua New Guinea;PP;4100;-5.461;145.732;Anjam;Christianity;Melanesia;75;
Aari;Ethiopia;ET;467000;5.95034;36.57211;Aari;Christianity;Eastern Africa;75;
Anggor;Papua New Guinea;PP;3800;-3.7167;141.19901;Angor;Christianity;Melanesia;75;
Abaga;Papua New Guinea;PP;1200;-6.12028;145.66459;Wagama;Christianity;Melanesia;75;
Naki;Cameroon;CM;8800;6.62784;10.23776;Naki;Christianity;Middle Africa;75;
Kpagua;Congo, Democratic Republic of the;CG;10500;4.925631;20.05437;Kpagua;Christianity;Middle Africa;75;
Baram Kayan;Malaysia;MY;10000;3.51211;114.48171;Kayan, Baram;Christianity;South-Eastern Asia;75;
Afitti;Sudan;SU;5600;12.44598;30.76112;Afitti;Islam;Northern Africa;0;
Luhya;Kenya;KE;7385000;0.566703;34.556892;Bukusu;Christianity;Eastern Africa;75;
Wuzlam;Cameroon;CM;35000;10.95502;14.13782;Wuzlam;Islam;Middle Africa;75;
Mono;Cameroon;CM;3700;8.757;14.17;Fulfulde, Adamawa;Christianity;Middle Africa;75;
Kinuku;Nigeria;NI;3100;10.1855;8.331;Kinuku;Ethnoreligion;Western Africa;75;
Homa;South Sudan;OD;4900;5.587845;27.47894;Arabic, Sudanese;Islam;Northern Africa;10;
Lwena;Congo, Democratic Republic of the;CG;270000;-10.65382;22.793632;Luvale;Christianity;Middle Africa;10;
Asho Chin;Myanmar;BM;32000;20.53349;94.66312;Chin, Asho;Buddhism;South-Eastern Asia;75;
So;Laos;LA;179000;17.01621;105.42704;So (Laos);Ethnoreligion;South-Eastern Asia;10;
Indo-Fijians;Fiji;FJ;194000;-17.81477;177.77228;Fiji Hindi;Hinduism;Melanesia;75;
Hyam;Nigeria;NI;396000;9.4534;8.0061;Hyam;Christianity;Western Africa;75;
Riang;Myanmar;BM;57500;23.2563;98.7871;Riang Lang;Buddhism;South-Eastern Asia;75;
Bagando;Cameroon;CM;6100;2.23863;15.32044;Bangandu;Christianity;Middle Africa;10;
Abau;Papua New Guinea;PP;16000;-3.97222;141.32359;Abau;Christianity;Melanesia;75;
Nfumte;Cameroon;CM;76500;6.63304;10.99428;Mfumte;Ethnoreligion;Middle Africa;10;
Greenlandic Inuits;Greenland;GL;45000;64.175113;-51.737163;Greenlandic;Christianity;Northern America;75;
Chagga;Tanzania;TZ;1170000;-3.380099;37.46541;Swahili;Christianity;Eastern Africa;75;
Jah Hut;Malaysia;MY;5300;3.67619;102.2913;Jah Hut;Ethnoreligion;South-Eastern Asia;75;
Bare;Brazil;BR;7400;1.5618;-67.2051;Nhengatu;Ethnoreligion;South America;10;
Arapaso;Brazil;BR;475;0.144932;-67.743496;Tucano;Ethnoreligion;South America;0;
Korubo;Brazil;BR;500;-5.333333;-70.5;Korubo;Ethnoreligion;South America;0;
Txikao;Brazil;BR;450;-11.416667;-53.500001;Ikpeng;Ethnoreligion;South America;0;
Tariano;Brazil;BR;2800;0.210069;-68.564255;Portuguese;Ethnoreligion;South America;0;
Nahukwa;Brazil;BR;175;-11.96138;-53.47451;Kuikúro-Kalapálo;Ethnoreligion;South America;0;
Paresi;Brazil;BR;2100;-14.3022820213;-58.668390898;Parecís;Ethnoreligion;South America;75;
Kamayura;Brazil;BR;750;-11.8708;-52.9692;Kamayurá;Ethnoreligion;South America;10;
Kanoe;Brazil;BR;325;-11.696934;-62.712223;Portuguese;Ethnoreligion;South America;75;
Yawanawa;Brazil;BR;850;-8.174;-71.647;Yawanawa;Ethnoreligion;South America;0;
Matipu;Brazil;BR;200;-12.059655;-53.346075;Kuikúro-Kalapálo;Ethnoreligion;South America;0;
Irantxe;Brazil;BR;475;-12.8052;-57.9879;Portuguese;Ethnoreligion;South America;0;
Yawalapiti;Brazil;BR;325;-12.543501;-53.383344;Kamayurá;Ethnoreligion;South America;0;
Sabanes;Brazil;BR;150;-12.349;-58.9285;Portuguese;Ethnoreligion;South America;0;
Asurini of the Xingu;Brazil;BR;200;-4.166667;-52.416667;Asurini of Xingú;Ethnoreligion;South America;0;
Tupari;Brazil;BR;175;-12.0132;-62.4958;Portuguese;Christianity;South America;75;
Parintintin;Brazil;BR;425;-7.9539;-62.0553;Tenharim;Ethnoreligion;South America;75;
Tuyuka;Brazil;BR;1100;0.31859;-69.983278;Tuyuca;Christianity;South America;0;
Miranha;Brazil;BR;850;-3.00840564874;-65.2059120175;Portuguese;Ethnoreligion;South America;75;
Waiapi;Brazil;BR;1000;1.177;-52.9193;Wayampi;Ethnoreligion;South America;75;
Tukano;Brazil;BR;4100;0.52993;-69.20065;Tucano;Ethnoreligion;South America;10;
Amundava;Brazil;BR;125;-8.5902;-61.1613;Amundava;Ethnoreligion;South America;0;
Piratapuyo;Brazil;BR;1400;-0.262;-67.1;Piratapuyo;Ethnoreligion;South America;0;
Xavante;Brazil;BR;15500;-14.3292558348;-51.9743250872;Xavánte;Christianity;South America;75;
Makurap;Brazil;BR;475;-12.55;-62.753;Portuguese;Ethnoreligion;South America;75;
Yanomami-Ninam;Brazil;BR;600;3.61595;-62.50232;Ninam;Ethnoreligion;South America;75;
Bororo;Brazil;BR;2400;-16.833333;-56.133333;Borôro;Ethnoreligion;South America;0;
Bakairi;Brazil;BR;1000;-14.25;-54.583333;Bakairí;Ethnoreligion;South America;75;
Tembe;Brazil;BR;1500;-2.686751;-48.277296;Tembé;Christianity;South America;75;
Kamba;Brazil;BR;2100;-18.8124;-57.5966;Spanish;Ethnoreligion;South America;0;
Macushi;Venezuela;VE;80;4.734;-61.03331;Macushi;Ethnoreligion;South America;75;
Chachi;Ecuador;EC;9400;0.9497;-79.0253;Chachi;Ethnoreligion;South America;0;
Nanti;Peru;PE;550;-11.8709;-72.4241;Nanti;Ethnoreligion;South America;10;
Trinitario;Bolivia;BL;6400;-14.996;-65.635;Trinitario;Christianity;South America;75;
Guayabero;Colombia;CO;3200;2.80937;-72.16236;Guayabero;Ethnoreligion;South America;10;
Chipaya;Bolivia;BL;3600;-19.0411308541;-68.0903750956;Chipaya;Ethnoreligion;South America;75;
Ignaciano;Bolivia;BL;21000;-15.001;-65.636;Ignaciano;Christianity;South America;75;
Macushi;Guyana;GY;9700;3.797754;-59.412659;Macushi;Ethnoreligion;South America;75;
Shuar;Ecuador;EC;69000;-3.011546;-78.482747;Shuar;Ethnoreligion;South America;10;
Bora;Peru;PE;750;-3.3276;-71.9117;Spanish;Ethnoreligion;South America;75;
Ese Ejja;Bolivia;BL;850;-10.89674;-66.03656;Ese Ejja;Ethnoreligion;South America;75;
Guadeloupeans;Guadeloupe;GP;387000;16.251119;-61.52437;Guadeloupean French Creole;Christianity;Caribbean;75;
Albanians;Albania;AL;2590000;39.838469;20.168576;Albanian, Gheg;Islam;Southern Europe;10;
Nyahkur;Thailand;TH;1500;15.89091;101.51465;Nyahkur;Buddhism;South-Eastern Asia;0;
Kui;Thailand;TH;377000;14.70164;103.77955;Kuay;Buddhism;South-Eastern Asia;0;
Gelao;Vietnam;VM;2100;23.01962;105.07021;Vietnamese;Ethnoreligion;South-Eastern Asia;75;
Maori;New Zealand;NZ;727000;-38.28814;176.54055;Maori;Christianity;Australia and New Zealand;75;
Sanda;China;CH;1700;22.2199;100.1624;Undetermined;Ethnoreligion;Eastern Asia;0;
Sichuan Mongols;China;CH;29500;27.680674;100.846141;Mongolian, Peripheral;Buddhism;Eastern Asia;0;
A Che;China;CH;43000;24.642348;101.992009;Ache;Ethnoreligion;Eastern Asia;10;
Pitcairn Islanders;Pitcairn Islands;PC;45;-25.0659;-130.101;Pitcairn-Norfolk;Christianity;Polynesia;0;
Karuk;United States;US;2300;41.82283;-123.31534;English;Christianity;Northern America;75;
Unami Delaware;United States;US;9100;35.02644;-98.32013;English;Christianity;Northern America;75;
Chinuk Wawa;United States;US;650;45.06;-123.6096;English;Christianity;Northern America;75;
Tanana;United States;US;475;64.551808;-149.093645;English;Christianity;Northern America;10;
K’ómoks (Comox);Canada;CA;350;49.6793;-124.9543;English;Christianity;Northern America;75;
Tlingit;United States;US;18000;59.0553;-135.65361;English;Christianity;Northern America;75;
Shawnee;United States;US;3100;35.35397;-96.76345;English;Christianity;Northern America;75;
Haisla;Canada;CA;2100;54.0132;-132.145;English;Christianity;Northern America;75;
Halkomelem;Canada;CA;21000;49.1139;-121.9553;English;Christianity;Northern America;75;
Jicarilla Apache;United States;US;3000;36.8079;-107.00694;English;Christianity;Northern America;75;
Cahuilla;United States;US;850;33.8262357087;-116.536443053;English;Christianity;Northern America;75;
Wichita;United States;US;1600;35.06648;-98.18314;English;Ethnoreligion;Northern America;75;
Tagish;Canada;CA;750;60.1739549617;-134.708210305;English;Christianity;Northern America;75;
Northwest Alaskan Inupiat;United States;US;6500;64.77955;-161.80666;English;Christianity;Northern America;10;
Inuit Creole;United States;US;3400;61.203878;-149.874026;English;Christianity;Northern America;10;
St. Lawrence Island Yupik;United States;US;1600;63.43083;-170.27166;Yupik, Saint Lawrence Island;Christianity;Northern America;10;
Abenaki;Canada;CA;3900;46.0791;-72.8134;French;Christianity;Northern America;75;
Mohawk;United States;US;2200;44.96398;-74.53613;Mohawk;Christianity;Northern America;75;
Western Apache;United States;US;17000;33.85743;-110.12264;Apache, Western;Christianity;Northern America;75;
Afro-Grenadians;Canada;CA;19000;43.65792;-79.324609;Grenadian English Creole;Christianity;Northern America;75;
Afro-Guyanese;Canada;CA;90000;43.653226;-79.383184;Guyanese English Creole;Christianity;Northern America;75;
Mopan Maya;Canada;CA;3200;43.689705;-79.4125;Maya, Mopán;Christianity;Northern America;75;
Nisqually;United States;US;650;47.029;-122.688;English;Ethnoreligion;Northern America;75;
Northern Tlapanec;United States;US;18500;38.982366;-95.248048;Me’phaa, Acatepec;Christianity;Northern America;10;
Sape;Venezuela;VE;15;4.9447;-63.23631;Pemon;Ethnoreligion;South America;0;
Nawa;Brazil;BR;425;-7.45552361364;-73.379853513;Portuguese;Ethnoreligion;South America;0;
Kaimbulawa;Indonesia;ID;2500;-5.666;122.542;Kaimbulawa;Islam;South-Eastern Asia;10;
Naruvotu;Brazil;BR;90;-12.92478;-52.80579;Kuikúro-Kalapálo;Ethnoreligion;South America;0;
Tenharim;Brazil;BR;700;-8.033333;-61.916667;Tenharim;Ethnoreligion;South America;75;
Chichimeca-Jonaz;Mexico;MX;6300;21.290556;-100.488611;Spanish;Christianity;Central America;10;
Arutani;Venezuela;VE;20;4.77318;-63.15088;Ninam;Ethnoreligion;South America;10;
Salvadorans;El Salvador;ES;6100000;13.72216;-89.28055;Spanish;Christianity;Central America;75;
Qinghai Mongols;China;CH;43000;34.7323;101.6086;Tibetan, Amdo;Buddhism;Eastern Asia;0;
Mairiri;Indonesia;ID;550;-6.15619;134.87268;Mariri;Islam;South-Eastern Asia;0;
Meyah;Indonesia;ID;25000;-0.8782;133.8124;Meyah;Christianity;South-Eastern Asia;75;
Serbs;Kosovo;KV;76000;42.889536;20.866931;Serbian;Christianity;Southern Europe;10;
Yamana;Chile;CI;2200;-54.930646;-67.617025;Spanish;Christianity;South America;75;
Chuj;Guatemala;GT;100000;15.736949;-91.562483;Chuj;Christianity;Central America;75;
Cabécar;Costa Rica;CS;14500;9.67031;-83.41016;Cabécar;Ethnoreligion;Central America;75;
Huaulu;Indonesia;ID;475;-2.938;129.188;Huaulu;Ethnoreligion;South-Eastern Asia;75;
Ghorbati;Iraq;IZ;45000;31.9806404754;44.9196313447;Domari;Islam;Western Asia;0;
Nadeb;Brazil;BR;600;-1.266667;-66.183333;Nadëb;Ethnoreligion;South America;75;
Puroik;India;IN;4300;27.68005;93.134056;Adi;Ethnoreligion;Southern Asia;75;
Jogies;Afghanistan;AF;22000;34.4335;70.4371;Dari;Islam;Southern Asia;0;
Jofra Imazighen;Libya;LY;30000;27.8118;16.3859;Arabic, Libyan;Islam;Northern Africa;0;
Yahupdeh;Brazil;BR;1100;-0.291890645941;-68.9217384234;Yuhup;Ethnoreligion;South America;75;
Chung;Cambodia;CB;450;10.87391;103.83516;Khmer;Ethnoreligion;South-Eastern Asia;10;
Hupdah;Brazil;BR;1800;-1.8801;-66.9965;Hupdë;Ethnoreligion;South America;10;
Mara Chin;India;IN;34000;23.714169;92.865249;Mara;Christianity;Southern Asia;75;
North Alaskan Inupiak;United States;US;10000;70.78648;-153.91532;English;Christianity;Northern America;75;
Guajibo;Colombia;CO;26500;4.4463;-69.7951;Guahibo;Ethnoreligion;South America;75;
Elseng;Indonesia;ID;325;-3.00176;140.41769;Elseng;Christianity;South-Eastern Asia;75;
Aborlan Tagbanwa;Philippines;RP;22500;9.4617;118.5545;Tagbanwa;Ethnoreligion;South-Eastern Asia;75;
Afrikaners;Zambia;ZA;85000;-15.3652;28.3146;Afrikaans;Christianity;Eastern Africa;0;
Nkonya;Ghana;GH;27000;7.20316;0.3209;Nkonya;Ethnoreligion;Western Africa;75;
Anum-Boso;Ghana;GH;83000;6.52106;0.16932;Gua;Christianity;Western Africa;75;
Sefwi;Ghana;GH;400000;6.3172;-2.73146;Esahie;Christianity;Western Africa;75;
Tafi;Ghana;GH;5700;6.79522;0.39875;Tafi;Ethnoreligion;Western Africa;75;
Ga;Ghana;GH;720000;5.65488;-0.18598;Ga;Ethnoreligion;Western Africa;75;
Ahanta;Ghana;GH;229000;4.85147;-1.94657;Ahanta;Ethnoreligion;Western Africa;75;
Buem;Ghana;GH;80500;7.34549;0.50746;Lelemi;Ethnoreligion;Western Africa;75;
Bowili;Ghana;GH;19000;7.3;0.465;Tuwuli;Islam;Western Africa;75;
Akpafu;Ghana;GH;97500;7.2351;0.4751;Siwu;Christianity;Western Africa;75;
Chakosi;Ghana;GH;120000;10.16161;0.28594;Anufo;Islam;Western Africa;75;
Nawuri;Ghana;GH;17500;8.45116;0.04947;Nawuri;Islam;Western Africa;75;
Brong;Ghana;GH;1745000;7.65599;-1.97397;Abron;Christianity;Western Africa;75;
Larteh;Ghana;GH;122000;5.9367;-0.07822;Larteh;Ethnoreligion;Western Africa;75;
Achode;Ghana;GH;17500;8.39478;0.56975;Gikyode;Ethnoreligion;Western Africa;10;
Vagala;Ghana;GH;18000;9.3556;-2.3754;Vagla;Ethnoreligion;Western Africa;75;
Kamara;Ghana;GH;5900;9.219;-1.857;Kamara;Islam;Western Africa;75;
Gurenne;Ghana;GH;988000;10.791919;-0.855674;Farefare;Ethnoreligion;Western Africa;10;
Kabiye;Ghana;GH;51500;10.9637;-0.0869;Kabiyè;Ethnoreligion;Western Africa;75;
Kantosi;Ghana;GH;3500;10.7383;-1.2802;Kantosi;Islam;Western Africa;10;
Ligbi;Ghana;GH;23000;7.91388;-2.38513;Ligbi;Islam;Western Africa;10;
Bisa;Ghana;GH;273000;11.12588;-0.21669;Bisa;Ethnoreligion;Western Africa;10;
Ijo;Ghana;GH;52000;5.5727;-0.1649;Kalabari;Christianity;Western Africa;75;
Dogon;Mali;ML;106000;14.40749;-3.10006;Dogon, Toro So;Islam;Western Africa;75;
Jotoni Samogho;Mali;ML;22500;10.76912;-5.47873;Jowulu;Islam;Western Africa;10;
Fula Masina;Mali;ML;1585000;14.91803;-4.10264;Fulfulde, Maasina;Islam;Western Africa;10;
Khasonke;Mali;ML;1120000;14.18052;-10.66986;Xaasongaxango;Islam;Western Africa;10;
Jahanke;Guinea;GV;51000;10.80654;-14.40663;Jahanka;Islam;Western Africa;10;
Abanyom;Nigeria;NI;36500;6.30619;8.63055;Abanyom;Christianity;Western Africa;75;
Abua;Nigeria;NI;57000;4.83057;6.61492;Abua;Christianity;Western Africa;75;
Kanembu;Niger;NG;38000;14.251797;13.111439;Kanembu;Islam;Western Africa;10;
Dzodinka;Nigeria;NI;5400;7.07619;10.63112;Lidzonka;Ethnoreligion;Western Africa;10;
Yoruba;Niger;NG;87500;13.491;2.1386;Yoruba;Islam;Western Africa;75;
Ngumbi;Equatorial Guinea;EK;20500;1.72096;9.73613;Kombe;Christianity;Middle Africa;10;
Sango;Congo, Democratic Republic of the;CG;2100;5.06698;19.8288;Sango;Christianity;Middle Africa;0;
Mbanza;Congo;CF;18500;3.4371;18.5957;Mbandja;Christianity;Middle Africa;0;
Kotokoli;Benin;BN;29000;6.378;2.3821;Tem;Islam;Western Africa;0;
Fula Jalon;Mali;ML;126000;12.23664;-11.06835;Pular;Islam;Western Africa;0;
Gosha;Somalia;SO;68500;0.503296;42.770619;Maay;Islam;Eastern Africa;0;
Bolgo Dugag;Chad;CD;5700;10.9063;18.1064;Bolgo;Islam;Middle Africa;0;
Banda;South Sudan;OD;24500;7.6378;27.7206;Banda, West Central;Christianity;Northern Africa;0;
Jahanke;Guinea-Bissau;PU;12000;12.288018;-14.23778;Jahanka;Islam;Western Africa;0;
Jotoni Samogho;Burkina Faso;UV;3200;10.696379;-5.395844;Jowulu;Ethnoreligion;Western Africa;0;
Toposa;Uganda;UG;59500;3.891;34.048;Toposa;Christianity;Eastern Africa;0;
Mbanja;Congo, Democratic Republic of the;CG;724000;4.51093;20.31083;Mbandja;Christianity;Middle Africa;0;
Maswanka;Guinea-Bissau;PU;22500;12.106;-15.321;Mansoanka;Ethnoreligion;Western Africa;0;
Syenara Senufo;Mali;ML;340000;10.555;-5.764;Sénoufo, Syenara;Ethnoreligion;Western Africa;0;
Taabwa;Congo, Democratic Republic of the;CG;1270000;-7.1746;29.7574;Taabwa;Christianity;Middle Africa;0;
Ngbaka;Congo;CF;7500;2.5184;18.19371;Ngbaka;Christianity;Middle Africa;0;
Dhimba;Angola;AO;29000;-16.5122;13.9213;Dhimba;Ethnoreligion;Middle Africa;0;
Ngbaka;Congo, Democratic Republic of the;CG;2150000;3.2485;19.7781;Ngbaka;Christianity;Middle Africa;0;
Susu;Senegal;SG;57000;12.570539;-16.276215;Susu;Islam;Western Africa;0;
Kabiye;Benin;BN;20000;9.7972;1.5088;Kabiyè;Islam;Western Africa;0;
Vidunda;Tanzania;TZ;94000;-7.52674;36.93162;Vidunda;Christianity;Eastern Africa;0;
Nubi;Uganda;UG;42500;3.0287;30.9066;Nubi;Islam;Eastern Africa;0;
Chikunda;Zimbabwe;ZI;189000;-16.67361;30.6788;Kunda;Ethnoreligion;Eastern Africa;0;
Dagomba;Ghana;GH;1500000;9.64745;-0.43227;Dagbani;Islam;Western Africa;10;
Acholi;Uganda;UG;2590000;3.17234;32.67602;Acholi;Christianity;Eastern Africa;0;
Kotokoli;Ghana;GH;96000;7.528689;0.471582;Tem;Islam;Western Africa;0;
Tharaka;Kenya;KE;248000;-0.13221;38.07303;Kitharaka;Ethnoreligion;Eastern Africa;0;
Supyire Senufo;Mali;ML;907000;11.63201;-5.87709;Sénoufo, Supyire;Islam;Western Africa;10;
Amba;Uganda;UG;63500;0.7964;30.1463;Amba (Uganda);Ethnoreligion;Eastern Africa;0;
Gwere;Uganda;UG;889000;1.11392;33.82265;Gwere;Christianity;Eastern Africa;0;
Dagaari;Ghana;GH;1210000;10.4226;-2.52265;Dagaare, Southern;Christianity;Western Africa;75;
Nzema;Ghana;GH;562000;5.19399;-2.61973;Nzema;Ethnoreligion;Western Africa;75;
Beezen;Cameroon;CM;900;6.81552;10.10905;Beezen;Christianity;Middle Africa;0;
Afade;Nigeria;NI;50500;12.05214;14.60874;Afade;Islam;Western Africa;10;
Sisala;Ghana;GH;45000;10.8565;-2.4046;Sisaala, Western;Ethnoreligion;Western Africa;10;
Yidinit;Ethiopia;ET;800;5.40416;36.1702;Kwegu;Ethnoreligion;Eastern Africa;0;
Wasi;Tanzania;TZ;63000;-4.64148;35.72313;Alagwa;Islam;Eastern Africa;0;
Sou;Laos;LA;3600;14.687;106.53974;Sou;Ethnoreligion;South-Eastern Asia;0;
Lahanan;Malaysia;MY;900;2.6684;113.974729;Lahanan;Ethnoreligion;South-Eastern Asia;0;
Zay;Ethiopia;ET;23500;7.9115;38.9113;Zay;Christianity;Eastern Africa;0;
Dorze;Ethiopia;ET;63500;6.25237;37.55537;Dorze;Christianity;Eastern Africa;0;
Jiiddu;Somalia;SO;52000;1.84353;44.12938;Jiiddu;Islam;Eastern Africa;0;
Nara;Eritrea;ER;73500;14.75;36.727;Nara;Islam;Eastern Africa;0;
Lozi;Angola;AO;11500;-15.1359;21.9731;Lozi;Ethnoreligion;Middle Africa;10;
Mursi;Ethiopia;ET;12000;5.69801;36.09715;Mursi;Ethnoreligion;Eastern Africa;10;
Kintaq;Malaysia;MY;350;5.61042;101.1587;Kintaq;Ethnoreligion;South-Eastern Asia;10;
Hima;Rwanda;RW;16000;-1.1073;30.3911;Nyankore;Christianity;Eastern Africa;10;
Chewong;Malaysia;MY;750;3.83331;102.08116;Cheq Wong;Ethnoreligion;South-Eastern Asia;10;
Lanoh;Malaysia;MY;350;4.774602;100.927677;Lanoh;Ethnoreligion;South-Eastern Asia;75;
Lozi;Zimbabwe;ZI;184000;-17.9351;25.8375;Lozi;Ethnoreligion;Eastern Africa;10;
Mashi;Namibia;WA;300;-17.72755;23.28864;Mashi (Zambia);Ethnoreligion;Southern Africa;10;
Bobe;Cameroon;CM;2300;4.02178;9.22304;Bubia;Christianity;Middle Africa;75;
Caka;Cameroon;CM;15500;6.3204;9.7293;Caka;Christianity;Middle Africa;10;
Atong;Cameroon;CM;8400;6.03539;9.72121;Atong (Cameroon);Christianity;Middle Africa;10;
Balo;Cameroon;CM;4500;6.12552;9.69365;Balo;Christianity;Middle Africa;75;
Abo;Cameroon;CM;23500;4.3702;9.6403;Bankon;Christianity;Middle Africa;75;
Bango;Cameroon;CM;9100;4.3464;11.0533;Nubaca;Christianity;Middle Africa;75;
Busam;Cameroon;CM;3000;5.871;9.7217;Busam;Christianity;Middle Africa;75;
Bu;Cameroon;CM;2100;6.555;10.269;Mundabli;Islam;Middle Africa;75;
Kanowit;Malaysia;MY;425;2.07952;112.20466;Melanau, Kanowit-Tanjong;Ethnoreligion;South-Eastern Asia;75;
Bateq;Malaysia;MY;1800;4.8223;102.38206;Batek;Ethnoreligion;South-Eastern Asia;75;
Kalabakan Murut;Malaysia;MY;3400;4.53605;117.31699;Murut, Kalabakan;Islam;South-Eastern Asia;75;
Kwijau Dusun;Malaysia;MY;12000;5.471716;116.270836;Kuijau;Ethnoreligion;South-Eastern Asia;75;
Temuan;Malaysia;MY;22500;3.463058;101.645208;Temuan;Ethnoreligion;South-Eastern Asia;75;
Serudung Murut;Malaysia;MY;2000;4.39954;117.27931;Murut, Serudung;Ethnoreligion;South-Eastern Asia;75;
Dumpas;Malaysia;MY;1700;5.962838;117.346721;Dumpas;Ethnoreligion;South-Eastern Asia;75;
Klias River Kadazan;Malaysia;MY;2400;5.4212;115.66206;Kadazan, Klias River;Ethnoreligion;South-Eastern Asia;75;
Bukar Sadong;Malaysia;MY;72000;1.09001;110.59429;Bidayuh Serian;Ethnoreligion;South-Eastern Asia;75;
Bari Kakwa;South Sudan;OD;111000;4.0929;30.6808;Kakwa;Christianity;Northern Africa;10;
Amasi;Cameroon;CM;10500;6.0213;9.59489;Manta;Christianity;Middle Africa;75;
Bonjo;Congo;CF;6200;2.39823;17.62984;Bonjo;Christianity;Middle Africa;10;
Taabwa;Zambia;ZA;138000;-8.89877;29.95417;Taabwa;Ethnoreligion;Eastern Africa;0;
Swazi;South Africa;SF;1485000;-25.7651;31.0324;Swati;Christianity;Southern Africa;75;
Mbugu;Tanzania;TZ;90500;-4.72863;38.35191;Mbugu;Christianity;Eastern Africa;10;
Basketo;Ethiopia;ET;126000;6.2957;36.6128;Basketo;Christianity;Eastern Africa;75;
Bench;Ethiopia;ET;569000;7.04682;35.7673;Bench;Christianity;Eastern Africa;10;
Langi;Uganda;UG;3345000;2.13867;33.05527;Lango (Uganda);Christianity;Eastern Africa;10;
Ndamba;Tanzania;TZ;316000;-8.5123;35.9293;Ndamba;Christianity;Eastern Africa;10;
Luhya;Uganda;UG;161000;0.41032;34.01753;Saamya-Gwe;Christianity;Eastern Africa;75;
Gamo;Ethiopia;ET;1780000;6.582504;37.14632;Gamo;Ethnoreligion;Eastern Africa;75;
Walmatjari;Australia;AS;650;-19.72293;126.11319;Walmajarri;Christianity;Australia and New Zealand;75;
Swazi;Eswatini;WZ;1000000;-26.497236;31.374539;Swati;Ethnoreligion;Southern Africa;75;
Oyda;Ethiopia;ET;72500;6.13322;36.85414;Oyda;Christianity;Eastern Africa;75;
Tsamai;Ethiopia;ET;32500;5.3097;36.9139;Tsamai;Ethnoreligion;Eastern Africa;0;
Karo;Ethiopia;ET;2400;5.2101;36.17093;Karo (Ethiopia);Ethnoreligion;Eastern Africa;0;
Maji;Ethiopia;ET;58500;6.1405;35.57631;Dizin;Christianity;Eastern Africa;0;
Konso;Ethiopia;ET;403000;5.39111;37.52998;Konso;Christianity;Eastern Africa;75;
Reunionese;Reunion;RE;637000;-20.912;55.495;Réunion French Creole;Christianity;Eastern Africa;10;
Haya;Tanzania;TZ;2935000;-1.70878;31.4846;Haya;Christianity;Eastern Africa;75;
Boro;Ethiopia;ET;15000;10.3543;36.1666;Borna;Christianity;Eastern Africa;10;
Gedeo;Ethiopia;ET;1565000;6.18469;38.2395;Gedeo;Christianity;Eastern Africa;75;
Somalis;Somalia;SO;13640000;5.25933;47.04801;Somali;Islam;Eastern Africa;10;
Bondei;Tanzania;TZ;197000;-5.10749;38.50791;Bondei;Islam;Eastern Africa;10;
Benyi;Cameroon;CM;16500;4.52188;11.05987;Numala;Christianity;Middle Africa;75;
Sara Gambai;Chad;CD;2070000;8.76937;15.88734;Ngambay;Ethnoreligion;Middle Africa;75;
Idahan Dusun;Malaysia;MY;18500;5.29059;118.51493;Ida’an;Ethnoreligion;South-Eastern Asia;75;
Camuhi;New Caledonia;NC;3100;-20.7715;165.1542;Cemuhî;Christianity;Melanesia;75;
Maldivians;Maldives;MV;563000;4.172;73.514;Maldivian;Islam;Southern Asia;10;
Adasen Itneg;Philippines;RP;14000;17.7296;120.8466;Adasen;Christianity;South-Eastern Asia;75;
Kimaragan;Malaysia;MY;36000;6.61982;116.95983;Kimaragang;Christianity;South-Eastern Asia;75;
Sarawak Dayak;Malaysia;MY;31500;1.54467;109.98532;Bidayuh, Bau;Ethnoreligion;South-Eastern Asia;75;
Saban;Malaysia;MY;1800;3.204433;115.403563;Sa’ban;Ethnoreligion;South-Eastern Asia;75;
Kalabit;Malaysia;MY;6600;3.4202;115.27059;Kelabit;Christianity;South-Eastern Asia;75;
Tagal Murut;Malaysia;MY;71000;4.60671;116.20407;Murut, Tahol;Christianity;South-Eastern Asia;75;
Rungus Dusun;Malaysia;MY;67500;6.83989;116.74264;Rungus;Ethnoreligion;South-Eastern Asia;75;
Bafanji;Cameroon;CM;27000;5.84612;10.45179;Chufie’;Islam;Middle Africa;10;
Bekpak;Cameroon;CM;130000;4.72603;11.0982;Bafia;Christianity;Middle Africa;10;
Bamali;Cameroon;CM;17500;5.91327;10.45671;Chopechop;Christianity;Middle Africa;10;
Bafumen;Cameroon;CM;68500;6.35591;10.263022;Mmen;Islam;Middle Africa;10;
Bum;Cameroon;CM;42000;6.5362;10.4625;Bum;Christianity;Middle Africa;75;
Aghem;Cameroon;CM;54500;6.38956;10.08074;Aghem;Christianity;Middle Africa;10;
Ngwo;Cameroon;CM;103000;6.17739;9.84369;Ngwo;Christianity;Middle Africa;75;
Bamileke-Bandjoun;Cameroon;CM;861000;5.39619;10.35202;Ghomálá’;Christianity;Middle Africa;10;
Bamileke-Ngombale;Cameroon;CM;99500;5.6955;10.229;Ngombale;Christianity;Middle Africa;75;
Bebe;Cameroon;CM;5600;6.6928;10.6085;Naami;Islam;Middle Africa;75;
Ambele;Cameroon;CM;5200;5.954;9.679;Ambele;Christianity;Middle Africa;10;
Bikele-Bikay;Cameroon;CM;32000;3.65994;12.8574;Kol (Cameroon);Christianity;Middle Africa;10;
Bakole;Cameroon;CM;1000;4.43654;8.97387;French;Ethnoreligion;Middle Africa;75;
Akweto;Cameroon;CM;13500;6.63008;10.59934;Sari;Christianity;Middle Africa;10;
Bassossi;Cameroon;CM;9400;5.23655;9.52275;Bassossi;Christianity;Middle Africa;75;
Dakpa;Central African Republic;CT;113000;5.98417;20.45107;Banda, West Central;Ethnoreligion;Middle Africa;75;
Banda-Banda;Central African Republic;CT;193000;5.26931;19.50776;Banda-Banda;Christianity;Middle Africa;10;
Sango;Congo;CF;137000;-4.2872;15.241;Sango;Christianity;Middle Africa;10;
Lozi;Namibia;WA;39000;-17.67877;24.8159;Lozi;Ethnoreligion;Southern Africa;75;
Banda-Banda;South Sudan;OD;4900;8.00846;26.00594;Banda-Banda;Christianity;Northern Africa;10;
Nama;South Africa;SF;99000;-29.662133;17.886566;Khoekhoe;Ethnoreligion;Southern Africa;10;
Lozi;Botswana;BC;24000;-18.34437;24.94563;Lozi;Ethnoreligion;Southern Africa;10;
Tsonga;Eswatini;WZ;27500;-26.294;31.1495;Tsonga;Christianity;Southern Africa;75;
Acholi;South Sudan;OD;69500;4.129266;32.286857;Acholi;Ethnoreligion;Northern Africa;75;
Sango;Central African Republic;CT;495000;4.38;18.6132;Sango;Christianity;Middle Africa;10;
Nkhumbi;Angola;AO;515000;-15.41256;13.97037;Nkumbi;Ethnoreligion;Middle Africa;10;
Mbunda;Angola;AO;275000;-14.6112;21.54073;Mbunda;Ethnoreligion;Middle Africa;75;
Chokwe;Angola;AO;1860000;-9.38175;19.96787;Chokwe;Ethnoreligion;Middle Africa;10;
Esimbi;Cameroon;CM;66500;6.50094;9.86936;Esimbi;Christianity;Middle Africa;75;
Adyukru;Cote d’Ivoire;IV;168000;5.38228;-4.52522;Adioukrou;Ethnoreligion;Western Africa;75;
Nyole;Uganda;UG;730000;0.8512;33.9294;Nyole;Christianity;Eastern Africa;10;
Abe;Cote d’Ivoire;IV;351000;5.8613;-4.3774;Abé;Christianity;Western Africa;75;
Tsonga-Shangaan;South Africa;SF;2615000;-23.46659;30.715;Tsonga;Christianity;Southern Africa;75;
Ndebele;Zambia;ZA;16500;-17.3573;27.2181;Ndebele (Zimbabwe);Ethnoreligion;Eastern Africa;10;
Koma;Cameroon;CM;9700;8.70246;12.80551;Koma;Christianity;Middle Africa;10;
Baba;Cameroon;CM;42000;6.0791;10.4961;Supapya;Ethnoreligion;Middle Africa;10;
Afade;Cameroon;CM;9100;12.05811;14.65978;Afade;Islam;Middle Africa;10;
Fula Jalon;Sierra Leone;SL;321000;9.594;-11.5542;Pular;Islam;Western Africa;10;
Tswana;Zimbabwe;ZI;93500;-21.1961;27.862;Setswana;Ethnoreligion;Eastern Africa;10;
Susu;Sierra Leone;SL;213000;9.51501;-12.61379;Susu;Islam;Western Africa;10;
Sakaji;Mozambique;MZ;43500;-16.09729;39.9062;Nathembo;Islam;Eastern Africa;10;
Manyawa;Mozambique;MZ;280000;-16.49625;36.84587;Manyawa;Ethnoreligion;Eastern Africa;10;
Ingessana;Sudan;SU;130000;11.3115;33.9814;Gaam;Islam;Northern Africa;10;
Kotoko;Cameroon;CM;24500;11.8626;14.9663;Lagwan;Islam;Middle Africa;75;
Doe;Tanzania;TZ;68000;-6.25844;38.49022;Doe;Islam;Eastern Africa;10;
Gengle;Nigeria;NI;7500;8.9217;12.1869;Gengle;Ethnoreligion;Western Africa;75;
Sango;Chad;CD;57500;8.5551;16.0701;Sango;Ethnoreligion;Middle Africa;75;
Tonga;Mozambique;MZ;620000;-23.8652;35.3334;Tonga (Mozambique);Ethnoreligion;Eastern Africa;10;
Nyiha;Tanzania;TZ;867000;-8.94626;32.85723;Nyiha, Tanzania;Ethnoreligion;Eastern Africa;75;
Chiga;Uganda;UG;3860000;-1.04387;29.91219;Chiga;Christianity;Eastern Africa;10;
Lugbara (Aringa);Uganda;UG;1565000;3.554;31.336;Aringa;Islam;Eastern Africa;10;
Sena;Mozambique;MZ;1870000;-17.163651;34.896055;Sena;Ethnoreligion;Eastern Africa;75;
Kakwa;Uganda;UG;262000;3.510725;30.975139;Kakwa;Christianity;Eastern Africa;10;
Coastal Swahili;Tanzania;TZ;1070000;-6.82292;39.26966;Swahili;Islam;Eastern Africa;10;
Kisii (Gusii);Kenya;KE;3110000;-0.78872;34.76751;Ekegusii;Christianity;Eastern Africa;75;
Malakote;Kenya;KE;23500;-0.66322;39.79304;Kiwilwana;Islam;Eastern Africa;10;
Turkana;Kenya;KE;1395000;3.41461;35.41186;Turkana;Ethnoreligion;Eastern Africa;10;
Sabaot;Kenya;KE;362000;0.9299;34.8162;Sabaot;Christianity;Eastern Africa;75;
Kalenjin;Kenya;KE;7005000;-0.167209;35.590833;Kipsigis;Christianity;Eastern Africa;10;
Kamo;Nigeria;NI;45000;9.9247;11.3372;Kamo;Ethnoreligion;Western Africa;75;
Awak;Nigeria;NI;13500;9.8764;11.4033;Awak;Christianity;Western Africa;75;
Kalabari;Nigeria;NI;574000;4.5374;6.7206;Kalabari;Christianity;Western Africa;75;
Burak;Nigeria;NI;8800;9.6208;11.2701;Burak;Christianity;Western Africa;75;
Banwinji;Nigeria;NI;13500;9.63514;11.33961;Bangwinji;Christianity;Western Africa;75;
Dirim;Nigeria;NI;21000;7.9877;10.995;Dirim;Ethnoreligion;Western Africa;75;
Koma;Nigeria;NI;69500;8.71706;12.65088;Koma;Ethnoreligion;Western Africa;75;
Tiv;Nigeria;NI;5150000;7.29731;8.90994;Tiv;Christianity;Western Africa;75;
Jimi;Cameroon;CM;12500;10.25105;13.52578;Jimjimen;Islam;Middle Africa;75;
Murele;South Sudan;OD;146000;6.61329;32.5272;Murle;Ethnoreligion;Northern Africa;10;
Bali;Congo, Democratic Republic of the;CG;135000;1.3557;26.9971;Bali (Democratic Republic of the Congo);Christianity;Middle Africa;10;
Musey;Chad;CD;535000;9.65042;15.44051;Musey;Ethnoreligion;Middle Africa;75;
Dzodinka;Cameroon;CM;5300;6.7039;10.89556;Lidzonka;Christianity;Middle Africa;75;
South Gisiga;Cameroon;CM;148000;10.1939;14.1728;Giziga;Ethnoreligion;Middle Africa;75;
Bangolan;Cameroon;CM;27500;6.037;10.596;Mendenkye;Islam;Middle Africa;10;
Mada;Cameroon;CM;56500;10.8806;14.11419;Mada (Cameroon);Islam;Middle Africa;75;
Bisa;Burkina Faso;UV;909000;11.45787;-0.46336;Bisa;Ethnoreligion;Western Africa;10;
Kanembu;Chad;CD;1200000;13.87489;14.84371;Kanembu;Islam;Middle Africa;10;
White Thai;China;CH;14000;22.6828;103.0582;Tai Dón;Ethnoreligion;Eastern Asia;10;
Akeu;China;CH;1300;22.1678;100.4949;Biyo;Ethnoreligion;Eastern Asia;0;
Xinh Mun;Vietnam;VM;23500;20.9803;104.1627;Puoc;Ethnoreligion;South-Eastern Asia;0;
Tamasheq;Mauritania;MR;149000;15.86121;-5.952066;Tamasheq;Islam;Western Africa;10;
Sapuan;Laos;LA;5900;15.36919;106.84294;Sapuan;Ethnoreligion;South-Eastern Asia;0;
Shihuh;United Arab Emirates;AE;21500;25.97262;56.12282;Arabic, Shihhi;Islam;Western Asia;0;
Wello;Ethiopia;ET;417000;11.141573;39.633048;Oromo, West Central;Islam;Eastern Africa;10;
Macha;Ethiopia;ET;7055000;7.6749;36.8512;Oromo, West Central;Islam;Eastern Africa;10;
Male;Ethiopia;ET;158000;5.8713;36.8208;Male;Ethnoreligion;Eastern Africa;0;
Tulema;Ethiopia;ET;9800000;7.847897;36.65762;Oromo, West Central;Christianity;Eastern Africa;10;
Anfillo;Ethiopia;ET;2700;8.671698;34.520723;Oromo, West Central;Islam;Eastern Africa;0;
Reshiat;Ethiopia;ET;77500;4.6632;36.0955;Daasanach;Ethnoreligion;Eastern Africa;0;
Tamajeq Tuareg;Niger;NG;1245000;14.351423;3.321644;Tamajaq, Tawallammat;Islam;Western Africa;10;
Telugu;United Arab Emirates;AE;415000;25.295862;55.408905;Telugu;Islam;Western Asia;10;
Tihama Yemeni Arabs;Yemen;YM;4230000;14.799341;42.969271;Arabic, Ta’izzi-Adeni;Islam;Western Asia;0;
Caribbean Javanese;French Guiana;FG;3300;5.4788;-54.0306;Javanese, Suriname;Islam;South America;75;
Maru;China;CH;31000;24.1721;98.1282;Lhao Vo;Christianity;Eastern Asia;75;
Telugu;Bahrain;BA;34500;26.218946;50.536437;Telugu;Islam;Western Asia;10;
Abasakur;Papua New Guinea;PP;2500;-4.756;145.24044;Pal;Christianity;Melanesia;75;
Chara;Ethiopia;ET;21500;6.3754;36.1596;Tsaara;Ethnoreligion;Eastern Africa;75;
Tamajeq;Mali;ML;433000;15.61441;2.32653;Tamajaq, Tawallammat;Islam;Western Africa;10;
Phu Thai;Thailand;TH;458000;16.89067;104.16764;Phu Thai;Buddhism;South-Eastern Asia;10;
Semoq Beri;Malaysia;MY;5300;4.1217;102.81572;Semaq Beri;Ethnoreligion;South-Eastern Asia;75;
Telugu;Malaysia;MY;137000;3.115718;101.638544;Telugu;Hinduism;South-Eastern Asia;75;
Stieng;Cambodia;CB;6500;12.0686;106.4283;Stieng, Bulo;Ethnoreligion;South-Eastern Asia;75;
Ir;Laos;LA;7300;15.6958;106.6024;Ir;Ethnoreligion;South-Eastern Asia;0;
Hkun;Thailand;TH;7000;18.62883;98.8936;Khün;Buddhism;South-Eastern Asia;0;
Rejang Punan;Malaysia;MY;1100;2.077;113.417;Punan Bah-Biau;Ethnoreligion;South-Eastern Asia;75;
Lamet;Laos;LA;27500;20.37754;100.96317;Rmeet;Ethnoreligion;South-Eastern Asia;0;
Maru;Myanmar;BM;150000;25.84682;98.34711;Lhao Vo;Ethnoreligion;South-Eastern Asia;10;
Tai Khun;Myanmar;BM;100000;20.58365;99.77897;Khün;Buddhism;South-Eastern Asia;0;
White Tai;Vietnam;VM;327000;22.46151;103.9429;Tai Dón;Ethnoreligion;South-Eastern Asia;10;
Brao;Laos;LA;26000;14.59942;107.00836;Brao;Ethnoreligion;South-Eastern Asia;0;
Temiar;Malaysia;MY;19000;4.974;101.43761;Temiar;Ethnoreligion;South-Eastern Asia;10;
Japanese;Japan;JA;120080000;35.35084;136.46904;Japanese;Ethnoreligion;Eastern Asia;10;
Bosniaks;Bosnia and Herzegovina;BK;1350000;43.865;18.411;Bosnian;Islam;Southern Europe;10;
Tigrai/Tigrinya;Eritrea;ER;1765000;15.317773;38.914647;Tigrigna;Christianity;Eastern Africa;10;
Jews;France;FR;600000;48.910384;2.505891;French;Judaism;Western Europe;10;
Ariaal Rendille;Kenya;KE;16500;0.51573;36.11753;Samburu;Ethnoreligion;Eastern Africa;10;
Lara;Malaysia;MY;17500;1.588282;109.762725;Bakati’, Rara;Ethnoreligion;South-Eastern Asia;75;
Faroese;Faroe Islands;FO;49500;62.07316;-6.88497;Faroese;Christianity;Northern Europe;75;
Afrikaners;South Africa;SF;2695000;-25.766924;28.085237;Afrikaans;Christianity;Southern Africa;75;
Aeta Negrito;Philippines;RP;52500;15.3038;120.045;Sambal, Botolan;Ethnoreligion;South-Eastern Asia;75;
Zaiwa;China;CH;142000;24.44678;98.34479;Zaiwa;Ethnoreligion;Eastern Asia;75;
Fijians;Fiji;FJ;480000;-18.142503;178.447311;Fijian;Christianity;Melanesia;75;
Zayse;Ethiopia;ET;29000;5.83747;37.34089;Zayse;Christianity;Eastern Africa;75;
Serbs;Zambia;ZA;3900;-15.444208;28.333056;Serbian;Christianity;Eastern Africa;10;
Serbs;Argentina;AR;7400;-34.623844;-58.451667;Serbian;Unaffiliated;South America;0;
Dime;Ethiopia;ET;13500;6.504;36.1452;Dime;Christianity;Eastern Africa;0;
Turkmen;Pakistan;PK;14500;34.0615;71.45246;Turkmen;Islam;Southern Asia;10;
Orma;Kenya;KE;87000;-2.2968;40.1199;Orma;Islam;Eastern Africa;10;
Gofa;Ethiopia;ET;584000;6.173513;37.165536;Gofa;Christianity;Eastern Africa;75;
Gidole;Ethiopia;ET;66000;5.60452;37.40259;Dirasha;Christianity;Eastern Africa;75;
Serbs;Croatia;HR;187000;44.048998;16.202973;Serbian;Christianity;Southern Europe;10;
Black Thai;China;CH;48000;22.72095;102.85088;Tai Dam;Ethnoreligion;Eastern Asia;0;
Roro;Papua New Guinea;PP;21500;-8.67145;146.54377;Waima;Christianity;Melanesia;75;
Rendille;Kenya;KE;64000;2.27065;37.36078;Rendille;Islam;Eastern Africa;10;
Rhade;Vietnam;VM;331000;12.979;108.40989;Rade;Christianity;South-Eastern Asia;75;
Awing;Cameroon;CM;37000;5.8458;10.2506;Awing;Islam;Middle Africa;75;
Wimbum;Cameroon;CM;242000;6.4276;10.79;Limbum;Christianity;Middle Africa;75;
Pinyin;Cameroon;CM;48500;5.9317;10.1318;Pinyin;Christianity;Middle Africa;10;
Ndop-Bamunka;Cameroon;CM;48500;5.9716;10.4713;Ngiemekohke;Christianity;Middle Africa;75;
Bokwa-Kendem;Cameroon;CM;2800;5.7375;9.7218;Kendem;Christianity;Middle Africa;75;
Kidzom;Cameroon;CM;56500;6.013009;10.321397;Babanki;Christianity;Middle Africa;75;
Fut;Cameroon;CM;152000;6.14153;10.11939;Bafut;Christianity;Middle Africa;10;
Mundani;Cameroon;CM;99000;5.68073;9.91533;Mundani;Christianity;Middle Africa;10;
Bambalang;Cameroon;CM;45500;5.9036;10.5451;Chrambo;Christianity;Middle Africa;75;
Anyar;Cameroon;CM;2700;6.831;10.335;Akum;Christianity;Middle Africa;75;
Belip;Cameroon;CM;21500;4.5215;11.2547;Nulibie;Christianity;Middle Africa;10;
Bamukumbit;Cameroon;CM;19000;5.87292;10.35366;Mankong;Christianity;Middle Africa;10;
Bana;Cameroon;CM;37000;10.3216;13.5374;Bana;Ethnoreligion;Middle Africa;75;
Hina;Cameroon;CM;24000;10.38053;13.84054;Mina;Islam;Middle Africa;10;
Mandara;Cameroon;CM;78000;11.0376;14.146;Wandala;Islam;Middle Africa;10;
Buwal;Cameroon;CM;14500;10.61513;13.88377;Buwal;Ethnoreligion;Middle Africa;75;
Mafa;Cameroon;CM;379000;10.7409;13.8071;Mafa;Islam;Middle Africa;75;
Kaka;Cameroon;CM;189000;4.4361;14.3672;Kako;Ethnoreligion;Middle Africa;75;
Mere;Cameroon;CM;34500;10.7458;14.09;Merey;Islam;Middle Africa;75;
Mbedam;Cameroon;CM;12500;10.46599;13.93223;Mbudum;Christianity;Middle Africa;10;
Gewe;Cameroon;CM;6300;9.287751;13.396916;Fulfulde, Adamawa;Islam;Middle Africa;10;
North Mofu;Cameroon;CM;90000;10.6959;14.1203;Mofu, North;Ethnoreligion;Middle Africa;75;
South Mofu;Cameroon;CM;141000;10.56704;14.03144;Mofu-Gudur;Ethnoreligion;Middle Africa;75;
Yambasa;Cameroon;CM;102000;4.612967;11.272023;Nugunu (Cameroon);Christianity;Middle Africa;10;
Podoko;Cameroon;CM;72500;11.02063;14.09644;Parkwa;Ethnoreligion;Middle Africa;75;
Maba;Chad;CD;658000;12.89147;20.8889;Maba (Chad);Islam;Middle Africa;10;
Borgu Maba;Sudan;SU;34000;13.138237;22.190857;Maba (Chad);Ethnoreligion;Northern Africa;10;
Kamwe;Cameroon;CM;12000;10.6;13.6052;Kamwe;Ethnoreligion;Middle Africa;10;
Ngwaba;Nigeria;NI;21500;10.1454;12.7871;Ngwaba;Islam;Western Africa;75;
Marenje;Mozambique;MZ;215000;-16.21286;35.7425;Marenje;Ethnoreligion;Eastern Africa;75;
Mboi;Nigeria;NI;42000;9.86954;12.54499;Mboi;Ethnoreligion;Western Africa;75;
Papel;Senegal;SG;9500;12.5588;-16.254;Papel;Ethnoreligion;Western Africa;75;
Besme;Chad;CD;3900;9.59226;16.09382;Besme;Christianity;Middle Africa;75;
Mumuye;Cameroon;CM;15000;9.3137;13.3686;Mumuye;Islam;Middle Africa;10;
Luchazi;Zambia;ZA;159000;-13.4225;24.3235;Luchazi;Ethnoreligion;Eastern Africa;10;
Abong;Nigeria;NI;2300;6.988;10.747;Abon;Christianity;Western Africa;75;
Mbandza;Central African Republic;CT;2300;4.546194;20.62036;Mbandja;Ethnoreligion;Middle Africa;75;
Kabiye;Togo;TO;1350000;9.7683;1.1094;Kabiyè;Ethnoreligion;Western Africa;10;
Jur Modo;South Sudan;OD;153000;6.036908;29.892519;Jur Modo;Ethnoreligion;Northern Africa;10;
Lolo;Mozambique;MZ;265000;-17.02319;35.94509;Lolo;Ethnoreligion;Eastern Africa;10;
Budu;Congo, Democratic Republic of the;CG;515000;2.00501;27.95104;Budu;Ethnoreligion;Middle Africa;10;
Lendu;Congo, Democratic Republic of the;CG;1740000;1.86997;30.55728;Lendu;Ethnoreligion;Middle Africa;10;
Lower Pokomo;Kenya;KE;61500;-2.31587;40.28966;Kipfokomu;Ethnoreligion;Eastern Africa;75;
Takwane;Mozambique;MZ;320000;-16.7151;36.4789;Takwane;Ethnoreligion;Eastern Africa;10;
Kamwe;Nigeria;NI;676000;10.6204;13.3968;Kamwe;Ethnoreligion;Western Africa;75;
Kposo;Togo;TO;303000;7.4626;0.9043;Ikposo;Ethnoreligion;Western Africa;75;
Kuranko;Sierra Leone;SL;493000;9.38995;-11.15474;Kuranko;Ethnoreligion;Western Africa;10;
Embu-Mbeere;Kenya;KE;694000;-0.62822;37.59334;Kiembu;Christianity;Eastern Africa;75;
Bagirmi Fula;Central African Republic;CT;80500;9.5554;21.8562;Fulfulde, Bagirmi;Islam;Middle Africa;10;
Caboverdian Mestico;Cabo Verde;CV;499000;14.93;-23.505;Kabuverdianu;Christianity;Western Africa;75;
Abidji;Cote d’Ivoire;IV;102000;5.65656;-4.58421;Abidji;Christianity;Western Africa;75;
Bali;Nigeria;NI;5200;9.295632;11.804222;Bali (Nigeria);Christianity;Western Africa;75;
Ndali;Tanzania;TZ;425000;-9.3946;33.3961;Ndali;Christianity;Eastern Africa;75;
Nso;Cameroon;CM;401000;6.2014;10.6785;Lamnso';Christianity;Middle Africa;10;
Fur;Sudan;SU;1615000;12.77313;24.71909;Fur;Islam;Northern Africa;10;
Candoshi;Peru;PE;3300;-4.3206;-76.9119;Kandozi-Chapra;Ethnoreligion;South America;75;
Pachitea Quechua;Peru;PE;50000;-9.9242;-75.9099;Quechua, Panao;Ethnoreligion;South America;75;
Palmari;Brazil;BR;1600;-7.516667;-65.25;Paumarí;Ethnoreligion;South America;75;
Cashibo;Peru;PE;7000;-9.0396;-75.5123;Kakataibo-Kashibo;Ethnoreligion;South America;75;
Northern Barasano;Colombia;CO;100;0.1224;-70.5804;Waimaha;Ethnoreligion;South America;75;
Parakanan;Brazil;BR;1400;-4.666667;-50.083333;Parakanã;Ethnoreligion;South America;75;
Tigre Quichua;Peru;PE;2000;-3.0295;-75.2945;Quichua, Northern Pastaza;Ethnoreligion;South America;0;
Surui;Brazil;BR;1200;-11.166667;-61.166667;Suruí;Ethnoreligion;South America;75;
Huambiza;Peru;PE;12500;-4.024;-77.763;Wampís;Ethnoreligion;South America;75;
Guajajara;Brazil;BR;24000;-5.3951;-45.8783;Guajajára;Ethnoreligion;South America;75;
Piapoco;Venezuela;VE;1300;4.12436;-67.65218;Piapoco;Ethnoreligion;South America;75;
Canela;Brazil;BR;2600;-6.066667;-45.133333;Canela;Ethnoreligion;South America;75;
Ticuna;Colombia;CO;7400;-3.8299;-70.2331;Ticuna;Christianity;South America;75;
Macuna;Colombia;CO;325;-0.8503;-71.0291;Macuna;Ethnoreligion;South America;75;
Daw;Brazil;BR;100;-0.153;-67.095;Dâw;Ethnoreligion;South America;75;
Ticuna;Brazil;BR;50000;-4.2695;-69.9343;Ticuna;Ethnoreligion;South America;75;
Carijona;Colombia;CO;375;1.1443;-72.0536;Spanish;Ethnoreligion;South America;0;
Trumai;Brazil;BR;100;-11.916667;-53.583333;Portuguese;Ethnoreligion;South America;0;
Guarequena;Venezuela;VE;450;2.23512;-66.08844;Spanish;Ethnoreligion;South America;10;
Carapana;Colombia;CO;450;0.804;-70.696;Carapana;Ethnoreligion;South America;0;
Tatuyo;Colombia;CO;350;0.1458;-70.9625;Tatuyo;Ethnoreligion;South America;75;
Waimiri-Atroari;Brazil;BR;1100;-1.033333;-61.133333;Waimiri-Atroarí;Ethnoreligion;South America;0;
Camsa;Colombia;CO;4900;1.1793;-76.8872;Camsá;Christianity;South America;0;
Deni;Brazil;BR;1500;-6.8421;-67.2166;Dení;Ethnoreligion;South America;75;
Jebero;Peru;PE;2500;-5.2124;-76.2205;Spanish;Ethnoreligion;South America;75;
Murui;Colombia;CO;8000;-0.0616;-74.6634;Spanish;Ethnoreligion;South America;75;
Nomatsiguenga;Peru;PE;8000;-11.429344;-74.487782;Nomatsigenga;Ethnoreligion;South America;75;
Karitiana;Brazil;BR;400;-9.295;-64.013;Karitiâna;Ethnoreligion;South America;75;
South Bolivian Quechua;Bolivia;BL;1825000;-19.43034;-66.44806;Quechua, South Bolivian;Ethnoreligion;South America;75;
Central Bolivian Quechua;Argentina;AR;218000;-22.400742;-66.222304;Quechua, South Bolivian;Christianity;South America;75;
Asheninca Pajonal;Peru;PE;12000;-10.7704;-74.2159;Ashéninka, Pajonal;Ethnoreligion;South America;75;
Kuripako;Venezuela;VE;4600;3.30157;-67.1933;Curripaco;Ethnoreligion;South America;75;
Ashaninca;Peru;PE;64000;-11.93109;-73.90728;Asháninka;Ethnoreligion;South America;75;
Kuripako;Brazil;BR;1600;1.66338;-69.488456;Curripaco;Ethnoreligion;South America;75;
Maquiritari;Venezuela;VE;6200;5.62327;-64.63045;Maquiritari;Ethnoreligion;South America;75;
Motilón-Barí;Venezuela;VE;2000;9.28923;-72.70843;Barí;Ethnoreligion;South America;0;
Kaiwa;Brazil;BR;33000;-22.166667;-54.866667;Kaiwá;Ethnoreligion;South America;75;
Paraguayan;Argentina;AR;1160000;-34.5907;-58.5822;Spanish;Christianity;South America;75;
West Indian Blacks;British Virgin Islands;VI;30000;18.42935;-64.63549;Virgin Islands English Creole;Christianity;Caribbean;75;
Afro-Guyanese;Guyana;GY;379000;6.783842;-58.140002;Guyanese English Creole;Christianity;South America;75;
Jamaicans;Jamaica;JM;2765000;18.11864;-77.27348;Jamaican English Creole;Christianity;Caribbean;75;
Paraguayan;Paraguay;PA;6310000;-25.3137;-57.6178;Spanish;Christianity;South America;75;
Afro-Vincentian;Saint Vincent and the Grenadines;VC;104000;13.148861;-61.219553;Virgin Islands English Creole;Christianity;Caribbean;75;
Detribalized Aborigines;Australia;AS;578000;-33.816742;151.006458;English;Christianity;Australia and New Zealand;75;
Aeke;New Caledonia;NC;350;-21.0735;164.86922;French;Christianity;Melanesia;75;
Southwest Aborigine Creol;Australia;AS;10500;-31.89878;115.906119;English;Christianity;Australia and New Zealand;75;
Serbs;Australia;AS;35500;-33.906632;151.101025;Serbian;Christianity;Australia and New Zealand;10;
Manx;Isle of Man;IM;86000;54.165472;-4.482166;English;Christianity;Northern Europe;10;
Serbs;France;FR;60500;48.851003;2.440567;Serbian;Christianity;Western Europe;0;
Serbs;North Macedonia;MK;38500;42.22;21.754;Serbian;Christianity;Southern Europe;10;
Serbs;Germany;GM;238000;48.161;11.526;Serbian;Christianity;Western Europe;10;
Tongans;Fiji;FJ;1400;-18.1487;178.4481;Tongan;Christianity;Melanesia;75;
Serbs;Bosnia and Herzegovina;BK;961000;44.77517;17.186066;Serbian;Christianity;Southern Europe;0;
Pitcairn Islanders;French Polynesia;FP;275;-17.544;-149.564;Pitcairn-Norfolk;Christianity;Polynesia;0;
Hani;Vietnam;VM;21500;22.64168;103.68603;Hani;Ethnoreligion;South-Eastern Asia;10;
Han Chinese (Min Zhong);China;CH;961000;25.982688;117.366511;Chinese, Min Zhong;Unaffiliated;Eastern Asia;75;
Laopang;Laos;LA;9600;20.7545;100.4873;Laopang;Ethnoreligion;South-Eastern Asia;75;
Molbog;Malaysia;MY;3400;7.226628;117.065164;Molbog;Islam;South-Eastern Asia;0;
Djambarrapuyngu;Australia;AS;9800;-12.02098;135.59014;Djambarrpuyngu;Ethnoreligion;Australia and New Zealand;75;
Nauruans;Nauru;NR;5600;-0.52957;166.92216;Nauruan;Christianity;Micronesia;75;
Aro;New Caledonia;NC;400;-21.3203;165.1537;Ajië;Christianity;Melanesia;0;
Ara;New Caledonia;NC;200;-21.28665;165.27269;Ajië;Christianity;Melanesia;0;
Burera;Australia;AS;1100;-12.30605;134.36499;Burarra;Ethnoreligion;Australia and New Zealand;75;
Hani;China;CH;1945000;22.98235;102.78667;Hani;Ethnoreligion;Eastern Asia;10;
Sogwo Arig;China;CH;60000;34.7362;100.9058;Tibetan, Amdo;Buddhism;Eastern Asia;10;
Bisu;Thailand;TH;1100;19.7508;99.75905;Bisu;Ethnoreligion;South-Eastern Asia;10;
Western Lawa;Thailand;TH;8600;18.3083;97.9141;Lawa, Western;Ethnoreligion;South-Eastern Asia;75;
Sedang;Vietnam;VM;153000;14.77933;108.02703;Sedang;Ethnoreligion;South-Eastern Asia;10;
Hezhen;China;CH;6900;48.164211;133.789025;Chinese, Mandarin;Ethnoreligion;Eastern Asia;0;
Stieng;Vietnam;VM;85500;11.8278;106.9756;Stieng, Bulo;Christianity;South-Eastern Asia;75;
Black Tai;Vietnam;VM;817000;21.08095;103.70305;Tai Dam;Ethnoreligion;South-Eastern Asia;10;
Kim Mun;China;CH;409000;23.137;106.4136;Kim Mun;Ethnoreligion;Eastern Asia;10;
Rawang;Myanmar;BM;73000;26.88115;97.96018;Rawang;Christianity;South-Eastern Asia;75;
Serbs;Serbia;RI;6230000;44.796927;20.468812;Serbian;Christianity;Southern Europe;10;
Greeks;Greece;GR;9450000;37.9987;23.7039;Greek;Christianity;Southern Europe;10;
French;France;FR;49430000;48.847113;2.321543;French;Unaffiliated;Western Europe;10;
Romanians;Romania;RO;16400000;44.445768;26.112398;Romanian;Christianity;Eastern Europe;75;
Nanai;Russian Federation;RS;12000;49.00478;136.79144;Russian;Ethnoreligion;Eastern Europe;10;
Poles;Poland;PL;36520000;51.87823;19.13688;Polish;Christianity;Eastern Europe;10;
Telugu;Myanmar;BM;266000;16.792639;96.209031;Telugu;Hinduism;South-Eastern Asia;10;
Molbog;Philippines;RP;16500;7.93444;117.01027;Molbog;Islam;South-Eastern Asia;10;
Minangkabau;Malaysia;MY;761000;2.66503;102.29107;Negeri Sembilan Malay;Islam;South-Eastern Asia;10;
Kiput;Malaysia;MY;4100;4.0171;114.3829;Kiput;Islam;South-Eastern Asia;0;
Rakahanga-Manihiki;New Zealand;NZ;2900;-36.9292;174.9098;Rakahanga-Manihiki;Christianity;Australia and New Zealand;75;
Mang;Vietnam;VM;3700;22.414137;103.178669;Mang;Ethnoreligion;South-Eastern Asia;0;
Rakahanga-Manihiki;Cook Islands;CW;1900;-10.373;-161.009;Rakahanga-Manihiki;Christianity;Polynesia;75;
Aveke;New Caledonia;NC;350;-21.0042;164.7134;Haveke;Christianity;Melanesia;75;
Guguyalanji;Australia;AS;750;-16.00359;145.18837;Kuku-Yalanji;Ethnoreligion;Australia and New Zealand;75;
Northern Khmer;Thailand;TH;1475000;14.46743;103.86313;Khmer, Northern;Buddhism;South-Eastern Asia;10;
Andilyaugwa;Australia;AS;3400;-13.99904;136.6415;Anindilyakwa;Christianity;Australia and New Zealand;75;
Rotuman;Fiji;FJ;12500;-12.50082;177.06614;Rotuman;Christianity;Melanesia;75;
Luxembourgers;Luxembourg;LU;401000;49.606983;6.124763;Luxembourgish;Christianity;Western Europe;10;
Anmatjirra;Australia;AS;1500;-22.138;133.42;Anmatyerr;Christianity;Australia and New Zealand;75;
Gumatj;Australia;AS;275;-12.25254;136.83042;Gumatj;Ethnoreligion;Australia and New Zealand;75;
Tiwi;Australia;AS;4700;-11.63078;130.94911;Tiwi;Christianity;Australia and New Zealand;75;
Siriano;Colombia;CO;650;1.345;-72.149;Siriano;Ethnoreligion;South America;0;
Aikana;Brazil;BR;300;-12.66946;-60.53527;Aikanã;Ethnoreligion;South America;75;
Toba-Maskoy;Paraguay;PA;550;-21.54741;-58.01584;Toba-Maskoy;Ethnoreligion;South America;75;
Cacua;Colombia;CO;250;1.633;-70.3765;Cacua;Christianity;South America;75;
Mocovi;Argentina;AR;14000;-28.09699;-59.983855;Mocoví;Ethnoreligion;South America;75;
Chayahuita;Peru;PE;21500;-5.5958;-76.6383;Shawi;Ethnoreligion;South America;75;
Patamona;Guyana;GY;5300;4.75826;-59.57716;Patamona;Ethnoreligion;South America;75;
Toba;Argentina;AR;77000;-26.46903;-59.14285;Toba;Ethnoreligion;South America;75;
Amarakaire;Peru;PE;2000;-13.0615;-70.3439;Amarakaeri;Ethnoreligion;South America;0;
Achuar Jivaro;Peru;PE;11000;-3.5964;-76.6633;Achuar-Shiwiar;Ethnoreligion;South America;75;
Yukpa;Colombia;CO;4200;9.839189;-73.234844;Yukpa;Ethnoreligion;South America;0;
Warao;Venezuela;VE;33000;9.14805;-61.52454;Warao;Ethnoreligion;South America;75;
Wapixana;Guyana;GY;6400;2.62676;-59.56395;Wapishana;Ethnoreligion;South America;75;
Saija;Colombia;CO;4400;2.8229;-77.474;Epena;Ethnoreligion;South America;10;
Akawaio;Guyana;GY;4800;5.81683;-60.22022;Akawaio;Ethnoreligion;South America;75;
Cabiyari;Colombia;CO;350;-0.2003;-70.9244;Cabiyarí;Ethnoreligion;South America;0;
Northern Pastaza Quichua;Ecuador;EC;10000;-2.0793;-76.7957;Quichua, Northern Pastaza;Ethnoreligion;South America;75;
Baniwa;Venezuela;VE;3000;2.44238;-67.11927;Baniwa;Ethnoreligion;South America;10;
Apurina;Brazil;BR;8800;-7.6617;-66.0307;Apurinã;Ethnoreligion;South America;75;
Kwerisa;Indonesia;ID;125;-2.9978;138.1632;Kaiy;Christianity;South-Eastern Asia;75;
Busoa;Indonesia;ID;2700;-1.711698;120.228753;Busoa;Islam;South-Eastern Asia;75;
Balaesan;Indonesia;ID;6400;-0.05644;119.68862;Balaesang;Islam;South-Eastern Asia;0;
Dakka;Indonesia;ID;2500;-3.33;119.247;Dakka;Islam;South-Eastern Asia;10;
Burate;Indonesia;ID;125;-2.7168;136.0771;Burate;Ethnoreligion;South-Eastern Asia;75;
Bian Marind;Indonesia;ID;3400;-7.35942;140.56756;Marind, Bian;Christianity;South-Eastern Asia;75;
Amber;Indonesia;ID;1100;-0.4195;130.8228;Ambel;Christianity;South-Eastern Asia;75;
Koneraw;Indonesia;ID;600;-8.3775;137.9941;Koneraw;Christianity;South-Eastern Asia;75;
Gane;Indonesia;ID;5200;-0.42618;127.97604;Gane;Islam;South-Eastern Asia;0;
Tombelala;Indonesia;ID;1600;-2.505;121.943;Tombelala;Islam;South-Eastern Asia;10;
Sarudu;Indonesia;ID;6100;-1.7094;119.34941;Sarudu;Islam;South-Eastern Asia;75;
Kodeoha;Indonesia;ID;2300;-3.39566;120.93713;Kodeoha;Islam;South-Eastern Asia;10;
Lola;Indonesia;ID;1000;-6.34188;134.87903;Lola;Islam;South-Eastern Asia;0;
Campalagian;Indonesia;ID;73500;-3.486058;119.119912;Koneq-koneq;Islam;South-Eastern Asia;10;
Larike-Wakasihu;Indonesia;ID;20500;-3.76522;127.95608;Larike-Wakasihu;Islam;South-Eastern Asia;0;
Pannei;Indonesia;ID;15000;-3.21973;119.19136;Pannei;Islam;South-Eastern Asia;10;
Komfana;Indonesia;ID;450;-5.64348;134.74206;Kompane;Islam;South-Eastern Asia;0;
Kaygir;Indonesia;ID;14500;-6.37677;138.93161;Kayagar;Ethnoreligion;South-Eastern Asia;75;
Riantana;Indonesia;ID;2200;-7.50746;138.48381;Riantana;Christianity;South-Eastern Asia;75;
Kanum;Indonesia;ID;750;-8.541;140.892;Kanum, Ngkâlmpw;Christianity;South-Eastern Asia;75;
Yaqay;Indonesia;ID;16500;-6.66632;139.24945;Yaqay;Christianity;South-Eastern Asia;75;
Kaugat;Indonesia;ID;1600;-6.27123;138.66621;Atohwaim;Christianity;South-Eastern Asia;75;
Taworta;Indonesia;ID;350;-3.2669;138.8092;Taburta;Christianity;South-Eastern Asia;75;
Bonefa;Indonesia;ID;800;-2.3368;137.2554;Nisa;Christianity;South-Eastern Asia;75;
Ndom;Indonesia;ID;1600;-8.148395;137.948076;Ndom;Christianity;South-Eastern Asia;75;
Kioko;Indonesia;ID;1500;-4.99012;122.95138;Kioko;Islam;South-Eastern Asia;10;
Kotogut;Indonesia;ID;750;-5.4034;140.1973;Tsaukambo;Christianity;South-Eastern Asia;75;
Bapu;Indonesia;ID;2900;-1.73908;137.71617;Anasi;Christianity;South-Eastern Asia;75;
Hitu;Indonesia;ID;26000;-3.57478;128.18639;Hitu;Islam;South-Eastern Asia;0;
Komodo;Indonesia;ID;1800;-8.628234;119.437174;Komodo;Islam;South-Eastern Asia;0;
Ulumanda;Indonesia;ID;49500;-3.00933;118.99377;Ulumanda’;Islam;South-Eastern Asia;10;
Asilulu;Indonesia;ID;14500;-3.67302;127.9523;Asilulu;Islam;South-Eastern Asia;0;
Wawonii;Indonesia;ID;38500;-4.13587;123.10032;Wawonii;Islam;South-Eastern Asia;10;
Seit-Kaitetu;Indonesia;ID;16500;-3.597;128.039;Seit-Kaitetu;Islam;South-Eastern Asia;0;
Bukat;Indonesia;ID;750;0.8388;112.9364;Bukat;Ethnoreligion;South-Eastern Asia;75;
Segai;Indonesia;ID;3700;2.2495;116.8379;Segai;Ethnoreligion;South-Eastern Asia;75;
Busami;Indonesia;ID;1000;-1.7942;135.9713;Busami;Ethnoreligion;South-Eastern Asia;75;
Bonfia;Indonesia;ID;1600;-3.29547;130.60114;Masiwang;Christianity;South-Eastern Asia;75;
Basap;Indonesia;ID;19000;1.41405;117.94191;Basap;Ethnoreligion;South-Eastern Asia;75;
Lauje;Indonesia;ID;59500;0.50708;120.26199;Lauje;Ethnoreligion;South-Eastern Asia;75;
South Nuaulu;Indonesia;ID;2100;-3.23411;129.14752;Nuaulu, South;Ethnoreligion;South-Eastern Asia;75;
Sembakung Murut;Indonesia;ID;4200;3.8312;116.9617;Murut, Sembakung;Ethnoreligion;South-Eastern Asia;75;
Irahutu;Indonesia;ID;6500;-2.94438;133.58624;Irarutu;Christianity;South-Eastern Asia;75;
Punan Tubu;Indonesia;ID;3700;3.7539;116.7557;Punan Tubu;Ethnoreligion;South-Eastern Asia;75;
Wambon;Indonesia;ID;4900;-5.44334;140.48035;Wambon;Christianity;South-Eastern Asia;75;
Ansus;Indonesia;ID;7500;-1.7543;135.86627;Ansus;Christianity;South-Eastern Asia;75;
Ambai;Indonesia;ID;12000;-1.919;136.3484;Ambai;Islam;South-Eastern Asia;75;
Wandamen;Indonesia;ID;7300;-2.471;134.1543;Wamesa;Christianity;South-Eastern Asia;75;
Eipomek;Indonesia;ID;4900;-4.33691;140.04456;Lik;Christianity;South-Eastern Asia;75;
Yamna;Indonesia;ID;450;-2.09118;139.20583;Indonesian;Christianity;South-Eastern Asia;75;
Lolak;Indonesia;ID;3900;0.85544;124.11656;Malay, Manado;Islam;South-Eastern Asia;10;
Tondano;Indonesia;ID;174000;1.3072;124.9158;Malay, Manado;Christianity;South-Eastern Asia;75;
Tombulu;Indonesia;ID;110000;1.343;124.83;Tombulu;Christianity;South-Eastern Asia;75;
Tajio;Indonesia;ID;16000;-0.31553;120.00958;Tajio;Islam;South-Eastern Asia;0;
Topoiyo;Indonesia;ID;3200;-2.06702;119.31384;Indonesian;Islam;South-Eastern Asia;10;
Tigre;Eritrea;ER;913000;16.768941;38.26193;Tigré;Islam;Eastern Africa;0;
Udmurts;Kazakhstan;KZ;12000;51.230499;51.397243;Udmurt;Christianity;Central Asia;0;
Udmurts;Uzbekistan;UZ;4600;41.296207;69.211173;Udmurt;Christianity;Central Asia;0;
Syrian Aramaic;Türkiye;TU;17500;37.38703;41.83382;Turoyo;Christianity;Western Asia;0;
Tsakhur;Azerbaijan;AJ;20500;41.59156;46.88585;Tsakhur;Islam;Western Asia;10;
Tsakhur;Russian Federation;RS;13000;41.6709;47.0394;Tsakhur;Islam;Eastern Europe;10;
Shinasha;Ethiopia;ET;84500;10.2784;36.2264;Borna;Christianity;Eastern Africa;0;
Dungans;Kazakhstan;KZ;49500;42.94339;75.2485;Dungan;Islam;Central Asia;10;
Fanda;Sudan;SU;21000;12.052472;29.508583;Arabic, Sudanese;Islam;Northern Africa;0;
Mendriq;Malaysia;MY;375;5.01108;102.04727;Minriq;Ethnoreligion;South-Eastern Asia;0;
Abai Sungai;Malaysia;MY;1200;5.687364;118.371083;Abai Sungai;Islam;South-Eastern Asia;0;
Rutul;Russian Federation;RS;35000;41.61866;47.32436;Rutul;Islam;Eastern Europe;10;
Bussa;Ethiopia;ET;31000;5.789821;37.165608;Mositacha;Christianity;Eastern Africa;75;
Southern Kota Marudu;Malaysia;MY;2800;6.461706;116.826945;Kadazan Dusun;Ethnoreligion;South-Eastern Asia;75;
Tatana;Malaysia;MY;13000;5.49808;115.55311;Tatana;Ethnoreligion;South-Eastern Asia;75;
Tampias Lobu;Malaysia;MY;4000;5.72467;116.7886;Lobu, Tampias;Ethnoreligion;South-Eastern Asia;75;
Eastern Kadazan;Malaysia;MY;31500;5.632189;117.122379;Kadazan, Labuk-Kinabatangan;Ethnoreligion;South-Eastern Asia;75;
Sugut Kadazan;Malaysia;MY;19000;6.14235;117.17608;Sugut Dusun;Ethnoreligion;South-Eastern Asia;75;
Central Murut;Malaysia;MY;11500;5.3119;116.1693;Murut, Keningau;Ethnoreligion;South-Eastern Asia;75;
Minokok Dusun;Malaysia;MY;1700;5.43348;116.75851;Minokok;Ethnoreligion;South-Eastern Asia;75;
Coastal Kadazan;Malaysia;MY;136000;5.49;115.584;Papar;Ethnoreligion;South-Eastern Asia;75;
Tuaran Dusun;Malaysia;MY;11000;6.13732;116.23239;Lotud;Ethnoreligion;South-Eastern Asia;75;
Tambanua;Malaysia;MY;16500;6.2892;117.32188;Tombonuo;Islam;South-Eastern Asia;75;
Bajau Bukit;Malaysia;MY;1500;5.572728;115.595285;Papar;Islam;South-Eastern Asia;75;
Melanau;Malaysia;MY;157000;2.879075;112.104163;Melanau, Central;Islam;South-Eastern Asia;75;
Sekapan;Malaysia;MY;1800;2.615942;113.721433;Sekapan;Ethnoreligion;South-Eastern Asia;75;
Sibop Kenyah;Malaysia;MY;4200;3.42701;114.1783;Sebop;Islam;South-Eastern Asia;75;
Tutoh Kenyah;Malaysia;MY;1500;3.871184;114.637557;Long Wat;Christianity;South-Eastern Asia;75;
Penan;Malaysia;MY;13000;3.795627;114.73754;Penan, Eastern;Ethnoreligion;South-Eastern Asia;75;
Beketan;Indonesia;ID;650;2.40995;115.16105;Bukitan;Christianity;South-Eastern Asia;75;
Bagata;India;IN;206000;18.18042;82.801348;Telugu;Hinduism;Southern Asia;10;
Agala;Papua New Guinea;PP;1100;-5.61833;142.204495;Fembe;Ethnoreligion;Melanesia;75;
Hunsrik;Brazil;BR;2000000;-29.16596;-51.194484;Hunsrik;Christianity;South America;10;
Jakun;Malaysia;MY;25000;2.725305;103.489147;Jakun;Ethnoreligion;South-Eastern Asia;10;
Sabori;Sudan;SU;8100;11.043194;29.758028;Arabic, Sudanese;Islam;Northern Africa;10;
Rejang Kayan;Malaysia;MY;7300;2.695803;114.054164;Kayan, Rejang;Ethnoreligion;South-Eastern Asia;75;
Tidung;Malaysia;MY;24500;4.337411;117.854575;Tidung, Northern;Ethnoreligion;South-Eastern Asia;75;
Bati;Indonesia;ID;5500;-3.62;130.848;Bati (Indonesia);Islam;South-Eastern Asia;0;
Buli;Indonesia;ID;3400;1.0008;128.44294;Buli (Indonesia);Islam;South-Eastern Asia;75;
Selungai Murut;Indonesia;ID;850;4.25799;116.48251;Murut, Selungai;Ethnoreligion;South-Eastern Asia;75;
Dai;Indonesia;ID;1000;-7.55894;129.68668;Dai;Christianity;South-Eastern Asia;75;
Tugutil;Indonesia;ID;3400;1.1226;128.2041;Tugutil;Ethnoreligion;South-Eastern Asia;75;
Alune;Indonesia;ID;23000;-3.087912;128.496095;Alune;Christianity;South-Eastern Asia;75;
Kombai;Indonesia;ID;6100;-5.7255;139.7482;Wanggom;Christianity;South-Eastern Asia;75;
Kimaghima;Indonesia;ID;4900;-8.01899;138.35508;Kimaghima;Christianity;South-Eastern Asia;75;
Sasawa;Indonesia;ID;400;-2.16193;138.35422;Kwerba;Christianity;South-Eastern Asia;75;
Awyu Aghu;Indonesia;ID;4900;-6.5769;140.3382;Aghu;Christianity;South-Eastern Asia;75;
Airoran;Indonesia;ID;1400;-1.8522;138.15778;Airoran;Christianity;South-Eastern Asia;75;
North Babar;Indonesia;ID;1300;-7.84311;129.74277;Babar, North;Christianity;South-Eastern Asia;75;
Tulehu;Indonesia;ID;31000;-3.57785;128.31046;Tulehu;Islam;South-Eastern Asia;75;
Tidong;Indonesia;ID;34000;3.837231;117.267857;Tidung, Southern;Islam;South-Eastern Asia;10;
Dampelasa;Indonesia;ID;14000;0.7594;120.2009;Dampelas;Islam;South-Eastern Asia;0;
Yei;Indonesia;ID;2800;-7.8631;140.7456;Yei;Christianity;South-Eastern Asia;75;
Tohono O'odham;United States;US;25500;32.18903;-111.98409;Tohono O’odham;Christianity;Northern America;75;
Mikasuki Seminole;United States;US;1800;26.201;-80.842;Mikasuki;Christianity;Northern America;75;
Tutchone;Canada;CA;1300;62.8238;-136.5823;Tutchone, Northern;Christianity;Northern America;75;
Northwestern Ojibwa;Canada;CA;26000;51.61918;-87.78617;Ojibwa, Northwestern;Christianity;Northern America;75;
Dogrib;Canada;CA;3500;62.4499;-114.4198;Tlicho;Christianity;Northern America;75;
Crow;United States;US;12000;45.368;-107.87403;Crow;Christianity;Northern America;75;
Zuni Pueblo;United States;US;11500;35.00561;-108.78197;Zuni;Ethnoreligion;Northern America;75;
Javanese;New Caledonia;NC;8800;-22.3001;166.4449;Javanese, New Caledonian;Unaffiliated;Melanesia;10;
Ruthenians;Poland;PL;10500;49.2117;22.33;Rusyn;Christianity;Eastern Europe;75;
Caac;New Caledonia;NC;1400;-20.3969;164.5709;Caac;Christianity;Melanesia;75;
Tokelauans;New Zealand;NZ;8200;-36.915;174.7731;Tokelauan;Christianity;Australia and New Zealand;75;
Doya;Bhutan;BT;2400;26.91347;89.30994;Lhokpu;Ethnoreligion;Southern Asia;0;
Bonggi;Malaysia;MY;3000;7.181;117.088;Bonggi;Islam;South-Eastern Asia;0;
Tokelauans;Tokelau;TL;1800;-9.194088;-171.855769;Tokelauan;Christianity;Polynesia;75;
Ruthenians;Ukraine;UP;337000;48.1768;23.3043;Rusyn;Christianity;Eastern Europe;10;
Pitcairn Islanders;New Zealand;NZ;250;-36.783935;174.775058;English;Christianity;Australia and New Zealand;75;
Afro-Caribbean;Canada;CA;394000;43.228202;-79.780701;English;Christianity;Northern America;75;
Southern Puget Salish;United States;US;800;47.24;-122.356;English;Ethnoreligion;Northern America;75;
Maidu;United States;US;300;39.67211;-121.36786;English;Ethnoreligion;Northern America;75;
Mohave;United States;US;2000;34.88661;-114.59926;English;Christianity;Northern America;75;
Wampanoag Massachusett;United States;US;4900;41.9456;-71.2833;English;Christianity;Northern America;75;
Columbia River Sahaptin;United States;US;175;45.63915;-118.55167;English;Christianity;Northern America;75;
Luiseno;United States;US;2400;33.31837;-116.93868;English;Christianity;Northern America;75;
Chickasaw;United States;US;32500;33.94523;-97.13012;English;Christianity;Northern America;75;
Koyukon;United States;US;2900;65.60927;-154.22852;English;Christianity;Northern America;75;
Kiowa;United States;US;7200;34.94026;-98.90424;English;Christianity;Northern America;75;
Caddo;United States;US;4200;35.1826;-98.26335;English;Christianity;Northern America;75;
Seneca;United States;US;8100;42.14143;-78.7867;English;Christianity;Northern America;75;
Cayuga;Canada;CA;3300;43.029;-80.0794;English;Christianity;Northern America;75;
Kiowa Apache;United States;US;1600;34.90771;-98.24612;English;Christianity;Northern America;75;
Oneida;Canada;CA;3600;43.0705;-80.0781;English;Christianity;Northern America;75;
Tsuut'ina;Canada;CA;1000;50.965;-114.238;English;Christianity;Northern America;75;
Nukoro;Micronesia;FM;750;3.870149;154.931088;Nukuoro;Christianity;Micronesia;75;
Vanuatu Melanesians;Solomon Islands;BP;15500;-9.434292;159.993637;Bislama;Christianity;Melanesia;75;
Yapese;Micronesia;FM;12000;9.55811;138.12478;Yapese;Christianity;Micronesia;0;
Tahitians;New Caledonia;NC;7700;-22.261234;166.396173;Tahitian;Christianity;Melanesia;75;
Detribalized Vanuatuans;Vanuatu;NH;14500;-16.55195;167.5647;Bislama;Christianity;Melanesia;75;
Flemings;Belgium;BE;6830000;51.209707;3.21803;Dutch;Christianity;Western Europe;10;
Tongans;New Zealand;NZ;73000;-36.8719;174.811;Tongan;Christianity;Australia and New Zealand;75;
Liujiang Zhuang;China;CH;1680000;24.4384;109.051562;Zhuang, Liujiang;Ethnoreligion;Eastern Asia;10;
Khmer Krom;Vietnam;VM;1375000;10.40395;105.07325;Khmer;Buddhism;South-Eastern Asia;10;
Mokilese;Micronesia;FM;1400;6.667131;159.753765;Mokilese;Christianity;Micronesia;75;
Sedang;Laos;LA;1300;14.648634;107.462128;Sedang;Ethnoreligion;South-Eastern Asia;0;
Serbs;Montenegro;MJ;200000;43.226788;19.452683;Serbian;Christianity;Southern Europe;10;
Hmong Njua;Laos;LA;249000;19.04824;103.03147;Hmong Njua;Ethnoreligion;South-Eastern Asia;10;
East Futunans;Wallis and Futuna;WF;3500;-14.31169;-178.1315;Futuna, East;Christianity;Polynesia;75;
Tongans;Tonga;TN;101000;-21.147832;-175.214762;Tongan;Christianity;Polynesia;75;
Atikamek;Canada;CA;6400;47.9051;-73.786;Atikamekw;Christianity;Northern America;75;
Wallisians;Wallis and Futuna;WF;7400;-13.2792;-176.1711;Wallisian;Christianity;Polynesia;10;
Northern Asmat;Indonesia;ID;1500;-4.639;138.446;Asmat, North;Christianity;South-Eastern Asia;75;
Tofanma;Indonesia;ID;275;-3.746;140.5206;Tofanma;Christianity;South-Eastern Asia;75;
Nggem;Indonesia;ID;5000;-3.62735;139.01142;Nggem;Christianity;South-Eastern Asia;75;
Korowai;Indonesia;ID;4400;-5.1114;140.0195;Korowai;Christianity;South-Eastern Asia;75;
Aikwakai;Indonesia;ID;2100;-2.80285;138.2874;Sikaritai;Christianity;South-Eastern Asia;75;
Mombum;Indonesia;ID;425;-8.27141;138.77283;Malay, Papuan;Christianity;South-Eastern Asia;75;
Bonggo;Indonesia;ID;900;-2.2982;139.5691;Indonesian;Christianity;South-Eastern Asia;75;
Mid Grand Valley Dani;Indonesia;ID;76500;-4.06322;138.94483;Dani, Mid Grand Valley;Christianity;South-Eastern Asia;75;
Western Dani;Indonesia;ID;265000;-3.77127;138.21693;Dani, Western;Christianity;South-Eastern Asia;75;
Angguruk Yali;Indonesia;ID;22500;-4.0836;139.45668;Yali, Angguruk;Christianity;South-Eastern Asia;75;
Asmat Casuarina;Indonesia;ID;13500;-6.43005;138.56574;Asmat, Casuarina Coast;Christianity;South-Eastern Asia;75;
Bagusa;Indonesia;ID;475;-2.2088;137.9157;Bagusa;Ethnoreligion;South-Eastern Asia;75;
As;Indonesia;ID;400;-0.75267;131.72762;Malay, Papuan;Ethnoreligion;South-Eastern Asia;75;
Hatam;Indonesia;ID;23500;-1.13531;134.03715;Hatam;Christianity;South-Eastern Asia;75;
Ayamaru;Indonesia;ID;33000;-1.3679;132.59118;Mai Brat;Ethnoreligion;South-Eastern Asia;75;
Aralle-Tabulahan;Indonesia;ID;20500;-2.877;119.152;Aralle-Tabulahan;Islam;South-Eastern Asia;75;
Selayar;Indonesia;ID;173000;-6.10145;120.49606;Selayar;Islam;South-Eastern Asia;10;
Rotinese;Indonesia;ID;39500;-10.6291;123.267463;Termanu;Christianity;South-Eastern Asia;75;
Osing;Indonesia;ID;432000;-8.22006;114.361794;Javanese;Islam;South-Eastern Asia;10;
Bangka;Indonesia;ID;394000;-2.03057;105.901273;Malay;Islam;South-Eastern Asia;10;
Semawa;Indonesia;ID;468000;-8.71919;117.47199;Sumbawa;Islam;South-Eastern Asia;10;
Sangirese;Indonesia;ID;121000;3.613034;125.511276;Sangir;Christianity;South-Eastern Asia;75;
Anakalangu;Indonesia;ID;17500;-9.63425;119.60465;Anakalangu;Christianity;South-Eastern Asia;75;
Burusu;Indonesia;ID;5500;3.3036;117.1868;Burusu;Ethnoreligion;South-Eastern Asia;75;
Djongkang;Indonesia;ID;46500;0.29738;110.64722;Jangkang;Ethnoreligion;South-Eastern Asia;75;
Emplawas;Indonesia;ID;275;-8.043;129.725;Malay, Ambonese;Christianity;South-Eastern Asia;75;
Tela-Masbuar;Indonesia;ID;1200;-8.005;129.675;Tela-Masbuar;Christianity;South-Eastern Asia;75;
Serili;Indonesia;ID;600;-8.114;129.912;Malay, Ambonese;Christianity;South-Eastern Asia;75;
Haruku;Indonesia;ID;28500;-3.57029;128.47559;Malay, Ambonese;Islam;South-Eastern Asia;75;
Sanggau Sekadau;Indonesia;ID;84500;-0.089887;110.837869;Sanggau;Islam;South-Eastern Asia;10;
Mualang;Indonesia;ID;45000;0.31083;111.07699;Mualang;Ethnoreligion;South-Eastern Asia;75;
Okolod Murut;Indonesia;ID;4000;4.15379;116.053967;Okolod;Ethnoreligion;South-Eastern Asia;75;
Kutai;Indonesia;ID;385000;-0.478223;117.151084;Malay, Tenggarong Kutai;Islam;South-Eastern Asia;10;
Modang;Indonesia;ID;28000;0.80793;116.5733;Modang;Ethnoreligion;South-Eastern Asia;75;
Siang;Indonesia;ID;110000;-0.4996;114.7206;Siang;Ethnoreligion;South-Eastern Asia;75;
Bonerate;Indonesia;ID;15500;-7.37657;121.79239;Bonerate;Islam;South-Eastern Asia;0;
Manggarai;Indonesia;ID;647000;-8.55748;120.32889;Manggarai;Christianity;South-Eastern Asia;0;
Baras;Indonesia;ID;400;-1.5667;119.34186;Indonesian;Islam;South-Eastern Asia;0;
Nagekeo;Indonesia;ID;56500;-8.8704;121.25556;Ke’o;Christianity;South-Eastern Asia;0;
Ngada;Indonesia;ID;93000;-8.79508;120.97588;Ngad’a;Christianity;South-Eastern Asia;0;
Sikka;Indonesia;ID;268000;-8.67302;122.38007;Sika;Christianity;South-Eastern Asia;0;
So'a;Indonesia;ID;14500;-8.6778;121.04764;So’a;Christianity;South-Eastern Asia;0;
Ende;Indonesia;ID;131000;-8.70998;121.55456;Ende;Christianity;South-Eastern Asia;0;
Buol;Indonesia;ID;130000;0.97727;121.51903;Buol;Islam;South-Eastern Asia;0;
Geser Gorom;Indonesia;ID;57500;-3.8016;130.70133;Geser-Gorom;Islam;South-Eastern Asia;0;
Petapa;Indonesia;ID;475;-0.4765;120.0432;Indonesian;Islam;South-Eastern Asia;10;
Kulisusu;Indonesia;ID;31500;-4.58411;123.04488;Kulisusu;Islam;South-Eastern Asia;10;
Patani-Maba;Indonesia;ID;12500;0.34096;128.63354;Patani;Islam;South-Eastern Asia;10;
Pekal;Indonesia;ID;41000;-3.16133;101.99581;Pekal;Islam;South-Eastern Asia;10;
Pancana;Indonesia;ID;6800;-5.29587;122.96839;Pancana;Islam;South-Eastern Asia;10;
Lampung Abung;Indonesia;ID;202000;-5.133822;105.30781;Lampung Nyo;Islam;South-Eastern Asia;0;
Loloda;Indonesia;ID;23500;-8.370847;114.611977;Loloda;Islam;South-Eastern Asia;10;
Makian Barat;Indonesia;ID;24000;0.43;127.587;Makian, West;Islam;South-Eastern Asia;10;
Batak Simalungun;Indonesia;ID;1620000;3.04372;98.90834;Batak Simalungun;Christianity;South-Eastern Asia;75;
Laha;Indonesia;ID;6400;-3.704;128.093;Laha (Indonesia);Christianity;South-Eastern Asia;75;
Nusa Laut;Indonesia;ID;3500;-3.674;128.767;Malay, Ambonese;Ethnoreligion;South-Eastern Asia;75;
Timorese;Indonesia;ID;971000;-9.77284;124.14365;Uab Meto;Christianity;South-Eastern Asia;75;
Abui;Indonesia;ID;29500;-8.31058;124.58793;Abui;Christianity;South-Eastern Asia;75;
Sumba Timur;Indonesia;ID;285000;-9.667928;120.265971;Kambera;Christianity;South-Eastern Asia;75;
Wejewa;Indonesia;ID;60000;-9.55099;119.34902;Wejewa;Christianity;South-Eastern Asia;75;
Biksi;Indonesia;ID;400;-4.003504;140.819149;Yetfa;Christianity;South-Eastern Asia;75;
Monpa;India;IN;151000;27.687602;92.212453;Monpa, Tawang;Buddhism;Southern Asia;75;
Tipera;India;IN;798000;23.941375;91.522167;Kok Borok;Hinduism;Southern Asia;10;
Kom;India;IN;21500;24.317433;93.678139;Kom (India);Ethnoreligion;Southern Asia;75;
Thadou;India;IN;268000;24.311764;93.670698;Chin, Thado;Christianity;Southern Asia;75;
Kahha;India;IN;50500;26.47146;94.74761;Naga, Phom;Christianity;Southern Asia;75;
Khienungan;India;IN;56000;26.118369;94.846697;Naga, Khiamniungan;Christianity;Southern Asia;75;
Manado;Indonesia;ID;1145000;1.48099;124.8433;Malay, Manado;Christianity;South-Eastern Asia;75;
Palauans;Palau;PS;13000;7.34;134.4768;Palauan;Christianity;Micronesia;75;
Uduk;Sudan;SU;28500;10.0716;34.1119;Uduk;Christianity;Northern Africa;10;
Samtao;Myanmar;BM;11500;21.295403;99.602427;Samtao;Buddhism;South-Eastern Asia;75;
Serbs;United States;US;79000;41.937297;-87.650006;Serbian;Christianity;Northern America;10;
Trukese;United States;US;6700;21.318517;-157.859662;Chuukese;Christianity;Northern America;75;
Pingilapese;Micronesia;FM;1700;6.226891;160.695224;Pingelapese;Christianity;Micronesia;75;
Serbs;Slovenia;SI;53000;46.0555;14.5083;Serbian;Christianity;Southern Europe;0;
Black Thai;Laos;LA;65000;20.9966;101.4145;Tai Dam;Ethnoreligion;South-Eastern Asia;10;
Hutterites;United States;US;7000;44.6927;-98.1503;Hutterisch;Christianity;Northern America;75;
Bali-Vitu;Papua New Guinea;PP;25500;-4.917494;149.13202;Uneapa;Christianity;Melanesia;75;
Khuen;Laos;LA;15000;20.8388;101.29304;Khuen;Ethnoreligion;South-Eastern Asia;0;
Bushmen;Namibia;WA;87000;-18.26747;18.18637;Northwestern !Kung;Ethnoreligion;Southern Africa;10;
Bolongan;Indonesia;ID;40000;0.328438;123.710678;Bulungan;Christianity;South-Eastern Asia;75;
White Thai;Laos;LA;322000;20.25658;104.52789;Tai Dón;Ethnoreligion;South-Eastern Asia;10;
Bushmen;Angola;AO;134000;-16.7352;20.3812;Portuguese;Ethnoreligion;Middle Africa;10;
Tongans;United States;US;29000;37.481128;-122.223687;Tongan;Christianity;Northern America;75;
Aka;India;IN;7500;27.296043;92.721289;Hruso;Hinduism;Southern Asia;75;
Indians (English);Singapore;SN;84000;1.306137;103.835805;English;Hinduism;South-Eastern Asia;10;
Woleai-Ulithi;United States;US;150;21.341969;-157.903713;Ulithian;Christianity;Northern America;75;
Makhuwa-Moniga;Mozambique;MZ;548000;-17.172;37.9879;Makhuwa-Moniga;Islam;Eastern Africa;10;
Nguan;Laos;LA;45000;20.690068;101.08588;Khmu;Ethnoreligion;South-Eastern Asia;0;
South Ngalik;Indonesia;ID;8200;-4.52544;139.00335;Silimo;Ethnoreligion;South-Eastern Asia;75;
Keningau Dusun;Malaysia;MY;4400;5.421919;116.237392;Malay, Sabah;Ethnoreligion;South-Eastern Asia;75;
Orang Kanaq;Malaysia;MY;80;1.88296;104.0079;Malay;Ethnoreligion;South-Eastern Asia;75;
Samburu;Kenya;KE;335000;1.097246;36.702699;Samburu;Ethnoreligion;Eastern Africa;10;
Marakwet;Kenya;KE;512000;1.15018;35.58662;Markweeta;Ethnoreligion;Eastern Africa;10;
Ogiek;Kenya;KE;111000;-1.097274;35.877419;Gikuyu;Ethnoreligion;Eastern Africa;10;
Temoq;Malaysia;MY;850;3.15875;102.978346;Malay;Ethnoreligion;South-Eastern Asia;0;
Belagar;Indonesia;ID;20000;-8.31787;124.25117;Blagar;Ethnoreligion;South-Eastern Asia;75;
Tuvaluan;Tuvalu;TV;12000;-7.489;178.68;Tuvaluan;Christianity;Polynesia;75;
Ulithian;Micronesia;FM;4000;10.02;139.787;Ulithian;Christianity;Micronesia;75;
Northern Sotho;South Africa;SF;4270000;-24.79929;29.47179;Sotho, Northern;Christianity;Southern Africa;75;
Ucai;India;IN;3100;24.378319;92.154844;Kok Borok;Christianity;Southern Asia;75;
Adamawa Fulani;Cameroon;CM;3155000;10.657325;14.410148;Fulfulde, Adamawa;Islam;Middle Africa;10;
Ajie;New Caledonia;NC;6400;-21.30289;165.46767;Ajië;Christianity;Melanesia;75;
Ik;Uganda;UG;10500;3.608804;34.282163;Ik;Christianity;Eastern Africa;10;
Thai-Khorat;Thailand;TH;1220000;14.967755;102.089578;Thai, Northeastern;Buddhism;South-Eastern Asia;10;
Moru;South Sudan;OD;171000;5.196626;30.387789;Moru;Ethnoreligion;Northern Africa;75;
Telaga;India;IN;9935000;15.617437;80.045537;Telugu;Hinduism;Southern Asia;10;
Southern Pashtun;Afghanistan;AF;13510000;31.81734;66.46972;Pashto, Southern;Islam;Southern Asia;10;
Eastern Pashtun;Afghanistan;AF;2760000;33.562;68.363;Pashto, Northern;Islam;Southern Asia;10;
Puoc;Laos;LA;9900;20.74432;103.83556;Puoc;Ethnoreligion;South-Eastern Asia;0;
Toposa;Ethiopia;ET;16500;5.263;35.879;Toposa;Ethnoreligion;Eastern Africa;10;
Laoseng;Laos;LA;11500;15.49282;107.29597;Tareng;Ethnoreligion;South-Eastern Asia;0;
Jahanka;Mali;ML;2300;12.665;-11.136;Jahanka;Islam;Western Africa;10;
Rutul;Azerbaijan;AJ;900;41.191944;47.170556;Rutul;Islam;Western Asia;10;
Tai Khang;Laos;LA;82000;19.883;104.772;Kang;Ethnoreligion;South-Eastern Asia;0;
Eastern Baloch;India;IN;97000;21.29145;70.405464;Urdu;Islam;Southern Asia;0;
Aji;Indonesia;ID;19500;-4.58;103.98;Haji;Islam;South-Eastern Asia;10;
Aiton;India;IN;4000;26.276314;93.897383;Aiton;Buddhism;Southern Asia;0;
Black Tai;United States;US;4400;41.603775;-93.65221;Tai Dam;Ethnoreligion;Northern America;0;
Saudi Arabs;United Arab Emirates;AE;164000;25.219;55.387;Arabic, Hijazi;Islam;Western Asia;0;
Serbs;Türkiye;TU;5300;41.0145;28.8007;Serbian;Christianity;Western Asia;0;
Shifir;Sudan;SU;36500;11.94975;29.162417;Arabic, Sudanese;Islam;Northern Africa;0;
Fezzan Bedouins;Libya;LY;226000;26.592992;12.774994;Arabic, Libyan;Islam;Northern Africa;0;
Alehemir;Sudan;SU;2100;10.796194;30.26875;Arabic, Sudanese;Islam;Northern Africa;0;
Cyrenaican Arabs;Libya;LY;1920000;32.079572;23.935475;Arabic, Libyan;Islam;Northern Africa;10;
Sanusi Bedouins;Libya;LY;677000;29.029775;21.546419;Arabic, Libyan;Islam;Northern Africa;0;
Sirtican Bedouin;Libya;LY;37500;31.1812;16.5602;Arabic, Libyan;Islam;Northern Africa;0;
Riyah Bedouin;Libya;LY;37500;30.762924;20.226074;Arabic, Libyan;Islam;Northern Africa;0;
Tumbatu;Tanzania;TZ;317000;-5.4172;39.6473;Swahili;Islam;Eastern Africa;0;
Shirazi;Tanzania;TZ;999000;-6.17023;39.25717;Swahili;Islam;Eastern Africa;0;
Tamoy;Laos;LA;950;20.67947;101.046752;Lao;Ethnoreligion;South-Eastern Asia;0;
Campa;India;IN;7500;32.79;79.002;Ladakhi;Buddhism;Southern Asia;0;
Sentinelese;India;IN;60;11.557662;92.267154;Sentinel;Ethnoreligion;Southern Asia;0;
Karna Sale;India;IN;3400;10.518465;78.106243;Telugu;Hinduism;Southern Asia;0;
Neyyala;India;IN;18500;18.601333;83.547076;Telugu;Hinduism;Southern Asia;0;
Patharwat;India;IN;52500;20.748733;77.05576;Marathi;Hinduism;Southern Asia;10;
Sema Naga;India;IN;368000;25.99964;94.42351;Naga, Sumi;Christianity;Southern Asia;75;
Sangtam Naga;India;IN;120000;25.85807;94.62794;Naga, Sangtam;Christianity;Southern Asia;75;
Jamatia;India;IN;138000;23.542865;91.478216;Kok Borok;Hinduism;Southern Asia;75;
Paky;India;IN;23000;18.106658;83.395551;Telugu;Hinduism;Southern Asia;0;
Panchama;India;IN;7800;17.020351;81.797538;Telugu;Hinduism;Southern Asia;75;
Yimchunger Naga;India;IN;112000;26.065743;94.934571;Naga, Yimchungru;Christianity;Southern Asia;75;
Nissi;India;IN;113000;27.096736;93.619827;Nyishi;Ethnoreligion;Southern Asia;75;
Lotha Naga;India;IN;234000;26.01396;94.04355;Naga, Lotha;Christianity;Southern Asia;75;
Isthmus Mixe;Mexico;MX;30500;16.961667;-95.093056;Spanish;Christianity;Central America;75;
Eastern Highland Chatino;Mexico;MX;4400;16.233611;-97.136944;Spanish;Christianity;Central America;75;
Chocholtec;Mexico;MX;550;17.661111;-97.333333;Spanish;Christianity;Central America;75;
Ozumacin Chinantec;Mexico;MX;7200;17.673611;-96.127778;Spanish;Christianity;Central America;75;
Cuicatec;Mexico;MX;16000;17.805556;-96.861111;Spanish;Christianity;Central America;75;
Chimalapa Zoque;Mexico;MX;6400;16.713333;-94.747778;Spanish;Christianity;Central America;75;
Mazatlan Mixe;Mexico;MX;19500;17.028333;-95.4425;Spanish;Christianity;Central America;75;
Coatlan Mixe;Mexico;MX;9100;16.945;-95.711111;Spanish;Christianity;Central America;75;
Isthmus Zapotec;Mexico;MX;191000;16.433333;-95.019444;Spanish;Christianity;Central America;75;
Diuxi-Tilantongo Mixtec;Mexico;MX;3100;17.283333;-97.338889;Spanish;Christianity;Central America;75;
Tlacolulita Zapotec;Mexico;MX;1400;16.299444;-95.725833;Spanish;Christianity;Central America;75;
San Juan Tieta Mixtec;Mexico;MX;500;17.095833;-97.414444;Spanish;Christianity;Central America;75;
Southeastern Nochixtlan Mixtec;Mexico;MX;5000;17.221667;-97.120833;Spanish;Christianity;Central America;75;
Cacaloxtepec Mixtec;Mexico;MX;750;17.720833;-97.741667;Spanish;Christianity;Central America;10;
Tamazola Mixtec;Mexico;MX;2100;17.159722;-97.226389;Spanish;Christianity;Central America;75;
Mitlatongo Mixtec;Mexico;MX;1300;17.185556;-97.276944;Spanish;Christianity;Central America;75;
Lachiguiri Zapotec;Mexico;MX;5900;16.685556;-95.530556;Spanish;Christianity;Central America;75;
Southern Rincon Zapotec;Mexico;MX;4900;17.361667;-96.248333;Spanish;Christianity;Central America;75;
Tojolabal;Mexico;MX;92500;16.315278;-91.981667;Spanish;Christianity;Central America;75;
Tabasco Chontal;Mexico;MX;86000;18.135556;-92.861667;Spanish;Christianity;Central America;75;
Guerrero Nahuatl;Mexico;MX;283000;17.543333;-98.578611;Spanish;Christianity;Central America;75;
Temascaltepec Nahuatl;Mexico;MX;2500;19.148333;-99.926944;Spanish;Christianity;Central America;75;
Central Tarahumara;Mexico;MX;127000;26.819444;-107.07;Spanish;Christianity;Central America;75;
Yaqui;Mexico;MX;35500;27.918333;-110.898889;Spanish;Christianity;Central America;75;
Northern Popoloca;Mexico;MX;20000;18.673611;-97.604444;Spanish;Christianity;Central America;75;
Western Popoloca;Mexico;MX;3300;18.470556;-97.921111;Spanish;Christianity;Central America;75;
Southeastern Tarahumara;Mexico;MX;14500;26.228889;-106.770833;Spanish;Christianity;Central America;75;
Western Coastal Nahuatl;Mexico;MX;20000;18.341111;-103.307778;Spanish;Christianity;Central America;0;
Isthmus Nahuatl;Mexico;MX;78500;18.219444;-94.836667;Spanish;Christianity;Central America;75;
Michoacan Mazahua;Mexico;MX;13000;19.438056;-100.358889;Spanish;Christianity;Central America;75;
Northern Pame;Mexico;MX;11000;21.923056;-99.393056;Spanish;Christianity;Central America;10;
Tlachichilco Tepehua;Mexico;MX;4900;20.619722;-98.199167;Spanish;Christianity;Central America;75;
Pisaflores Tepehua;Mexico;MX;2700;20.609722;-97.927778;Spanish;Christianity;Central America;75;
Azoyu Tlapanec;Mexico;MX;850;16.730833;-98.600833;Spanish;Christianity;Central America;75;
Seri;Mexico;MX;1500;29.0205;-112.1629;Spanish;Christianity;Central America;75;
San Miguel Piedras Mixtec;Mexico;MX;750;16.998611;-97.232222;Spanish;Christianity;Central America;75;
Pinotepa Nacional Mixtec;Mexico;MX;47500;16.338056;-98.050278;Spanish;Christianity;Central America;75;
Pima Bajo;Mexico;MX;1300;28.371111;-108.925556;Spanish;Christianity;Central America;75;
Verra Musti;India;IN;25500;18.438555;79.128841;Telugu;Hinduism;Southern Asia;0;
Satani;India;IN;536000;16.820747;78.502377;Telugu;Hinduism;Southern Asia;10;
Juang;India;IN;60500;21.693938;85.288414;Juang;Ethnoreligion;Southern Asia;75;
Gurika;India;IN;220000;17.429461;78.414081;Telugu;Hinduism;Southern Asia;0;
Serbs;Canada;CA;37500;43.670473;-79.365893;Serbian;Christianity;Northern America;0;
Nama;Namibia;WA;144000;-23.9166;18.05;Khoekhoe;Ethnoreligion;Southern Africa;0;
Quetzaltepec Mixe;Mexico;MX;10000;16.972778;-95.759722;Mixe, Quetzaltepec;Christianity;Central America;75;
Zoe;Brazil;BR;425;-0.198573258544;-55.783453715;Zo’é;Ethnoreligion;South America;0;
Kelenga Bozo;Mali;ML;52000;13.80724;-5.71479;Bozo, Kelengaxo;Islam;Western Africa;0;
Donyiro;Ethiopia;ET;40500;5.349;35.8633;Nyangatom;Christianity;Eastern Africa;0;
San Pedro Amuzgo;Mexico;MX;7200;16.653611;-98.088889;Amuzgo, San Pedro Amuzgos;Christianity;Central America;75;
North Central Mixe;Mexico;MX;77000;17.163333;-95.781667;Mixe, North Central;Christianity;Central America;75;
Chayuco Mixtec;Mexico;MX;14000;16.401389;-97.806944;Mixtec, Chayuco;Christianity;Central America;75;
Amatlan Zapotec;Mexico;MX;13500;16.318333;-96.41;Zapotec, Amatlán;Christianity;Central America;75;
Northwest Oaxaca Mixtec;Mexico;MX;8400;17.827778;-98.003333;Mixtec, Northwest Oaxaca;Christianity;Central America;10;
Santa Maria Quiegolani Zapotec;Mexico;MX;1800;16.275833;-96.051389;Zapotec, Santa María Quiegolani;Christianity;Central America;75;
Juquila Mixe;Mexico;MX;6000;16.934722;-95.917222;Mixe, Juquila;Christianity;Central America;75;
Chichicapan Zapotec;Mexico;MX;1900;16.761111;-96.489444;Zapotec, Chichicapan;Christianity;Central America;75;
Aloapam Zapotec;Mexico;MX;2500;17.411111;-96.6925;Zapotec, Aloápam;Christianity;Central America;75;
Lachixio Zapotec;Mexico;MX;12500;16.703611;-97.019167;Zapotec, Lachixío;Christianity;Central America;75;
Southeastern Puebla Nahuatl;Mexico;MX;291000;18.378333;-97.259444;Nahuatl, Southeastern Puebla;Christianity;Central America;75;
Lacandon;Mexico;MX;1400;16.761111;-91.129444;Lacandon;Ethnoreligion;Central America;75;
Tzeltal;Mexico;MX;843000;16.907222;-92.096111;Tzeltal;Christianity;Central America;75;
Ayutla Mixtec;Mexico;MX;25500;16.965833;-99.093889;Mixtec, Ayutla;Christianity;Central America;10;
Popti;Guatemala;GT;58500;15.637464;-91.645572;Jakalteko;Ethnoreligion;Central America;75;
Cora;Mexico;MX;36000;22.250833;-104.517222;Cora, El Nayar;Christianity;Central America;10;
Tektitek;Guatemala;GT;3600;15.3205;-92.0621;Tektiteko;Ethnoreligion;Central America;75;
Aguacatec;Guatemala;GT;13500;15.33066;-91.31529;Awakateko;Christianity;Central America;75;
Northern Tlapanec;Mexico;MX;182000;17.107778;-98.945278;Me’phaa, Acatepec;Christianity;Central America;10;
Amoltepec-Ixtayutla Mixtec;Mexico;MX;30000;16.639722;-97.496944;Mixtec, Amoltepec;Christianity;Central America;10;
Western Kanjobal;Guatemala;GT;71500;15.7042;-91.595;Akateko;Christianity;Central America;75;
Tolupan;Honduras;HO;33000;15.137;-87.128;Tol;Christianity;Central America;10;
Baudo;Colombia;CO;30500;5.23658;-77.1533;Embera Baudó;Ethnoreligion;South America;10;
Miskito;Nicaragua;NU;462000;14.7373;-83.9711;Mískito;Ethnoreligion;Central America;75;
Ashéninka Apurucayali;Peru;PE;4000;-9.82364;-74.61947;Ajyíninka Apurucayali;Ethnoreligion;South America;10;
Bondo;India;IN;11500;18.157181;81.967519;Bondo;Hinduism;Southern Asia;0;
Chikunda;Mozambique;MZ;84500;-15.62012;30.44728;Kunda;Ethnoreligion;Eastern Africa;0;
Onge;India;IN;150;10.823253;92.553888;Öñge;Ethnoreligion;Southern Asia;0;
Great Andamanese;India;IN;60;12.211728;92.833491;Andaman Hindi Creole;Ethnoreligion;Southern Asia;0;
Arakala;India;IN;375;18.106658;83.395551;Telugu;Hinduism;Southern Asia;0;
Padigarajulu;India;IN;1000;15.47824;79.624274;Telugu;Hinduism;Southern Asia;0;
Runjalavallu;India;IN;250;18.297504;83.985008;Telugu;Hinduism;Southern Asia;0;
Ontaris;India;IN;127000;13.614911;79.434639;Telugu;Hinduism;Southern Asia;0;
Reddika;India;IN;249000;18.107806;83.397139;Telugu;Hinduism;Southern Asia;0;
Nakhasa;India;IN;112000;16.50945;80.653272;Telugu;Hinduism;Southern Asia;0;
Nilkanth;India;IN;53000;17.655472;75.908389;Telugu;Hinduism;Southern Asia;0;
Waidu;India;IN;18000;17.065917;74.683775;Telugu;Hinduism;Southern Asia;0;
Pagativeshagallu;India;IN;475;15.533626;78.006163;Telugu;Hinduism;Southern Asia;0;
Pamula;India;IN;12500;14.419593;79.734996;Telugu;Hinduism;Southern Asia;0;
Thogataveera Kshatriya;India;IN;3100;15.491848;77.904647;Telugu;Hinduism;Southern Asia;0;
Yata;India;IN;131000;18.3;83.9;Telugu;Hinduism;Southern Asia;0;
Salivahanam;India;IN;3600;12.693353;79.980622;Telugu;Hinduism;Southern Asia;0;
Vipravinodulu;India;IN;1500;16.503739;80.646964;Telugu;Hinduism;Southern Asia;0;
Kurakula;India;IN;26500;18.376739;83.860297;Telugu;Hinduism;Southern Asia;0;
Yite;India;IN;325;18.103908;83.392219;Telugu;Hinduism;Southern Asia;0;
Samayavallu;India;IN;15000;15.47824;79.624274;Telugu;Hinduism;Southern Asia;0;
Senapathi;India;IN;10500;18.298389;83.900636;Telugu;Hinduism;Southern Asia;0;
Sadhu Chetty;India;IN;40500;14.443094;79.989886;Telugu;Hinduism;Southern Asia;0;
Mondiwar;India;IN;650;17.053661;74.676307;Telugu;Hinduism;Southern Asia;0;
Mudiraj;India;IN;6300000;14.133352;79.717401;Telugu;Hinduism;Southern Asia;10;
Atollu;India;IN;250;13.213189;79.101219;Telugu;Hinduism;Southern Asia;0;
Karnibhakthulu;India;IN;31500;16.917419;81.339942;Telugu;Hinduism;Southern Asia;0;
Jandra;India;IN;17500;15.47824;79.624274;Telugu;Hinduism;Southern Asia;0;
Bandollu;India;IN;30000;17.279294;82.396711;Telugu;Hinduism;Southern Asia;0;
Jhadi;India;IN;24500;19.4955;80.282481;Telugu;Hinduism;Southern Asia;0;
Jakkula;India;IN;2000;16.306633;80.436542;Telugu;Hinduism;Southern Asia;0;
Berad;India;IN;250;16.993524;82.24809;Telugu;Hinduism;Southern Asia;0;
Gudugudupandi;India;IN;650;11.127133;78.656153;Telugu;Hinduism;Southern Asia;0;
Kaikali;India;IN;32500;14.442599;79.986456;Telugu;Hinduism;Southern Asia;0;
Cundollu;India;IN;5400;16.480511;80.036775;Telugu;Hinduism;Southern Asia;0;
Gandalla;India;IN;26500;14.467354;78.824134;Telugu;Hinduism;Southern Asia;0;
Jethi;India;IN;26500;13.462684;79.006241;Telugu;Hinduism;Southern Asia;0;
Konda Kammara;India;IN;46000;17.677806;83.209375;Telugu;Hinduism;Southern Asia;0;
Tamboli (Telugu);India;IN;40500;13.623478;79.404817;Telugu;Hinduism;Southern Asia;0;
Aguru;India;IN;20000;18.396608;83.336189;Telugu;Hinduism;Southern Asia;0;
Kommu Dasari;India;IN;10000;16.354319;79.972397;Telugu;Hinduism;Southern Asia;0;
Andhra Vaisnawa;India;IN;5200;17.32125;82.040714;Telugu;Hinduism;Southern Asia;0;
Jati Pillai;India;IN;4600;11.124075;78.648375;Telugu;Hinduism;Southern Asia;0;
Vaikhanasa Brahmans;India;IN;16500;16.709108;81.094456;Telugu;Hinduism;Southern Asia;0;
Dammali;India;IN;7700;18.599164;83.862908;Telugu;Hinduism;Southern Asia;0;
Brahmin (Andamani);India;IN;600;11.725636;92.654914;Andaman Hindi Creole;Hinduism;Southern Asia;0;
Coorgi Andamanese;India;IN;1900;12.820211;92.759954;Andaman Hindi Creole;Hinduism;Southern Asia;0;
Ved;India;IN;2700;23.848258;73.712339;Bagri;Hinduism;Southern Asia;0;
Eneti Dora;India;IN;8600;18.813014;82.712531;Telugu;Hinduism;Southern Asia;0;
Gangireddula;India;IN;20000;17.394372;78.766272;Telugu;Hinduism;Southern Asia;0;
Kachi;India;IN;49500;18.10465;78.952597;Telugu;Hinduism;Southern Asia;0;
Pariki Muggula;India;IN;6500;17.990811;79.252547;Telugu;Hinduism;Southern Asia;0;
Cippollu;India;IN;131000;17.974439;79.919269;Telugu;Hinduism;Southern Asia;0;
Bolla;India;IN;244000;17.385044;78.486672;Telugu;Hinduism;Southern Asia;0;
Bhatrajulu;India;IN;77000;17.225007;79.13795;Telugu;Hinduism;Southern Asia;0;
Lakkamari Kapu;India;IN;56000;17.37;78.48;Telugu;Hinduism;Southern Asia;0;
Rajannalu;India;IN;2700;18.58165;79.312597;Telugu;Hinduism;Southern Asia;0;
Pambala;India;IN;5100;17.417917;78.403564;Telugu;Hinduism;Southern Asia;0;
Jogi (Telugu);India;IN;29500;12.961084;77.582302;Telugu;Hinduism;Southern Asia;0;
Mundapotta;India;IN;1600;20.273834;84.083744;Telugu;Hinduism;Southern Asia;0;
Periki;India;IN;92500;18.6964;78.213181;Telugu;Hinduism;Southern Asia;10;
Medari;India;IN;188000;17.891274;82.690965;Telugu;Hinduism;Southern Asia;0;
Nai (Telugu);India;IN;1875000;16.934342;81.867247;Telugu;Hinduism;Southern Asia;10;
Shompen;India;IN;600;6.986045;93.823703;Shom Peng;Ethnoreligion;Southern Asia;10;
Noatia;India;IN;9800;23.479215;91.262045;Kok Borok;Ethnoreligion;Southern Asia;75;
Bhagotulu;India;IN;450;16.53555;81.519586;Telugu;Hinduism;Southern Asia;75;
Kampo;India;IN;1695000;18.872442;84.460583;Telugu;Hinduism;Southern Asia;10;
Dasari;India;IN;266000;15.885953;79.729639;Telugu;Hinduism;Southern Asia;0;
Chakali;India;IN;2525000;11.131822;78.637378;Telugu;Hinduism;Southern Asia;10;
Agnikula Kshatriya;India;IN;423000;17.684511;83.216553;Telugu;Hinduism;Southern Asia;10;
Darji (Telugu);India;IN;529000;15.561452;78.477644;Telugu;Hinduism;Southern Asia;10;
Mandula;India;IN;12500;16.65735;80.682792;Telugu;Hinduism;Southern Asia;0;
Kamma;India;IN;5940000;16.074811;80.553018;Telugu;Hinduism;Southern Asia;10;
Jangam;India;IN;298000;16.302315;80.443101;Telugu;Hinduism;Southern Asia;10;
Teli (Mewari);India;IN;82000;24.586931;73.713722;Mewari;Hinduism;Southern Asia;10;
Bhatu (Andamani);India;IN;400;11.623377;92.726483;Andaman Hindi Creole;Hinduism;Southern Asia;0;
Gond (Telugu);India;IN;237000;17.4314;81.91;Telugu;Hinduism;Southern Asia;10;
Banjara (Rajasthani);India;IN;19000;24.57127;73.691544;Bagri;Hinduism;Southern Asia;10;
Lohar (Bagri);India;IN;470000;24.57127;73.691544;Bagri;Hinduism;Southern Asia;10;
Balmiki (Andamani);India;IN;1500;11.623377;92.726483;Andaman Hindi Creole;Hinduism;Southern Asia;10;
Naik;India;IN;111000;21.251103;81.585313;Lambadi;Hinduism;Southern Asia;10;
Jogi (Bagri);India;IN;6700;29.534854;73.446215;Bagri;Hinduism;Southern Asia;75;
Reddy;India;IN;16180000;17.329538;78.43618;Telugu;Hinduism;Southern Asia;10;
Julaha (Mandeali);India;IN;169000;32.200002;75.897613;Mandeali;Hinduism;Southern Asia;10;
Jalari;India;IN;97000;17.059652;79.261551;Telugu;Hinduism;Southern Asia;10;
Yadava (Telugu);India;IN;9335000;17.330403;78.559103;Telugu;Hinduism;Southern Asia;10;
Kanchari Kasar;India;IN;271000;17.39067;78.468987;Telugu;Hinduism;Southern Asia;10;
Banjara (Telugu);India;IN;3075000;18.692536;78.529011;Telugu;Hinduism;Southern Asia;10;
Wadar;India;IN;1600000;18.434476;79.131088;Telugu;Hinduism;Southern Asia;10;
Ranchi;India;IN;82000;12.503056;92.913333;Andaman Hindi Creole;Christianity;Southern Asia;75;
Jains (Telugu);India;IN;61500;17.496502;78.443577;Telugu;Other;Southern Asia;0;
Macaguaje;Colombia;CO;100;1.004883;-75.410109;Siona;Ethnoreligion;South America;0;
Yauna;Colombia;CO;200;-0.938157;-71.628276;Macuna;Ethnoreligion;South America;75;
Kwaza;Brazil;BR;35;-12.733601;-60.359256;Portuguese;Ethnoreligion;South America;0;
Markande Kanjia;India;IN;5900;21.469764;83.980725;Maithili;Hinduism;Southern Asia;0;
Uncontacted of Jatapu;Brazil;BR;50;-1.141872;-58.573682;Waiwai;Ethnoreligion;South America;0;
Afro-Caribbean;Aruba;AA;7100;12.520986;-70.02845;English;Christianity;Caribbean;75;
Sipacapense;Guatemala;GT;19000;15.212;-91.632;Sipakapense;Ethnoreligion;Central America;75;
Totontepec Mixe;Mexico;MX;10000;17.256667;-96.026944;Mixe, Totontepec;Christianity;Central America;75;
Chol;Mexico;MX;389000;17.299167;-92.426111;Chol;Christianity;Central America;75;
Kampa;India;IN;159000;20.273834;84.083744;Telugu;Hinduism;Southern Asia;10;
Colla;Chile;CI;3900;-23.264;-67.446;Quechua, South Bolivian;Christianity;South America;75;
Karipuna of Amapa;Brazil;BR;2600;3.4527;-51.7186;Karipuna French Creole;Ethnoreligion;South America;75;
Toba;Bolivia;BL;225;-21.613;-62.955;Toba;Ethnoreligion;South America;75;
Goundo;Chad;CD;50;9.546;16.197;Kabalai;Islam;Middle Africa;0;
Fula Jalon;Guinea-Bissau;PU;2200;11.69605;-14.4125;Pular;Islam;Western Africa;10;
Nambikwara;Brazil;BR;2300;-13.497;-59.6825;Nambikuára, Southern;Ethnoreligion;South America;75;
Pam;Cameroon;CM;125;8.35489001382;14.1626637799;Fulfulde, Adamawa;Islam;Middle Africa;0;
Rwandese;Uganda;UG;378000;-1.279198;29.728964;Kinyarwanda;Christianity;Eastern Africa;0;
Upper Pokomo;Kenya;KE;72500;-1.48025;40.05028;Kipfokomu;Islam;Eastern Africa;0;
Banda;Chad;CD;192000;9.138306;18.393606;Banda, West Central;Ethnoreligion;Middle Africa;0;
Nukak Makú;Colombia;CO;800;2.2703;-72.0426;Nukak Makú;Ethnoreligion;South America;75;
Mesmes;Ethiopia;ET;26000;7.53825;37.57419;Hadiyya;Christianity;Eastern Africa;0;
Gbanziri;Congo;CF;8100;3.0629;18.5115;Gbanziri;Ethnoreligion;Middle Africa;10;
Kanembu;Nigeria;NI;2400;13.094765;13.821691;Kanembu;Islam;Western Africa;10;
Luchazi;Namibia;WA;1500;-17.913363;19.76128;Luchazi;Ethnoreligion;Southern Africa;10;
Wadshili;Libya;LY;7500;29.1288;21.2911;Arabic, Libyan;Islam;Northern Africa;0;
Nyangatom;Ethiopia;ET;42500;5.306987;35.869922;Nyangatom;Ethnoreligion;Eastern Africa;10;
Ngbaka Gbaya;Central African Republic;CT;60000;3.642668;18.586412;Ngbaka;Ethnoreligion;Middle Africa;10;
Sawknah;Libya;LY;7500;29.0669;15.7847;Arabic, Libyan;Islam;Northern Africa;0;
Hani;Laos;LA;750;22.40521;102.062363;Hani;Ethnoreligion;South-Eastern Asia;0;
Wanetsi;Pakistan;PK;9000;30.1015;67.9383;Waneci;Islam;Southern Asia;0;
Tamajaq;Nigeria;NI;39000;13.705455;5.292395;Tamajaq, Tawallammat;Islam;Western Africa;0;
Wellaga;Ethiopia;ET;6835000;7.508062;37.03014;Oromo, West Central;Christianity;Eastern Africa;10;
Xegwi;Zambia;ZA;350;-15.430581;28.285824;Afrikaans;Ethnoreligion;Eastern Africa;10;
Budakukkala;India;IN;27000;16.1667;81.1333;Telugu;Hinduism;Southern Asia;0;
Badi (Marwari);India;IN;19500;23.6732;74.0239;Marwari (India);Hinduism;Southern Asia;0;
Mozambicans;United States;US;2400;40.857779;-73.865945;Portuguese;Ethnoreligion;Northern America;0;
Moghol;Afghanistan;AF;9000;34.129528;62.187896;Dari;Islam;Southern Asia;0;
Malian;France;FR;96500;48.913321;2.223495;French;Islam;Western Europe;10;
Guinean;Belgium;BE;17500;50.821095;4.354181;French;Islam;Western Europe;0;
Muirin Dargin;Russian Federation;RS;39000;42.6083;47.595;Dargwa;Islam;Eastern Europe;0;
Ivorians;France;FR;6700;48.822461;2.325314;French;Islam;Western Europe;0;
Eritreans;United States;US;43000;33.780701;-117.921762;Tigré;Islam;Northern America;10;
Achenese;United States;US;400;39.96584;-75.200357;Aceh;Islam;Northern America;0;
Wambera;Ethiopia;ET;13000;10.454888;36.119798;Borna;Christianity;Eastern Africa;0;
Khamba;India;IN;500;28.563024;94.610532;Khamba;Buddhism;Southern Asia;0;
Guba;Ethiopia;ET;13000;10.455131;36.123776;Borna;Christianity;Eastern Africa;0;
Warday;Kenya;KE;93500;-2.236907;40.113646;Orma;Islam;Eastern Africa;0;
Nama;Botswana;BC;250;-22.1617;20.8696;Khoekhoe;Ethnoreligion;Southern Africa;10;
Dusner;Indonesia;ID;90;-2.7206;134.3793;Wamesa;Ethnoreligion;South-Eastern Asia;75;
Swazi;Mozambique;MZ;71500;-26.19424;32.15436;Swati;Ethnoreligion;Eastern Africa;75;
Ronga;South Africa;SF;1100;-27.0798;32.5579;Ronga;Ethnoreligion;Southern Africa;10;
Dama;Chad;CD;1100;9.096258;14.579631;Fulfulde, Adamawa;Ethnoreligion;Middle Africa;10;
Acholi;United States;US;500;43.6951;-70.2911;Acholi;Ethnoreligion;Northern America;75;
Zaiwa;United States;US;1200;32.57565;-97.36186;Zaiwa;Ethnoreligion;Northern America;75;
Serbs;Chile;CI;4000;-33.480201;-70.657207;Serbian;Unaffiliated;South America;0;
Malawian;United States;US;1800;40.845287;-73.84334;English;Christianity;Northern America;75;
Cali;Laos;LA;22500;16.987838;106.387932;So (Laos);Ethnoreligion;South-Eastern Asia;0;
Lakka;Nigeria;NI;10500;9.2058;11.2768;Kabba;Islam;Western Africa;75;
Kunda;Zambia;ZA;117000;-13.22905;31.92223;Nsenga;Christianity;Eastern Africa;75;
Telugu;Singapore;SN;800;1.3277;103.89167;Telugu;Hinduism;South-Eastern Asia;75;
Sari;Cameroon;CM;11500;8.4295;13.437253;Dugun;Islam;Middle Africa;10;
Telugu;Kuwait;KU;850;29.335817;47.996843;Telugu;Islam;Western Asia;10;
Khetrani;Pakistan;PK;6800;29.8674;69.593;Khetrani;Islam;Southern Asia;10;
Ongamo;Tanzania;TZ;8500;-2.9974;37.5564;Mochi;Ethnoreligion;Eastern Africa;75;
Dache;Ethiopia;ET;10500;6.026563;37.563351;Gamo;Christianity;Eastern Africa;75;
Banda;Congo, Democratic Republic of the;CG;157000;4.935506;19.722369;Banda, Togbo-Vara;Christianity;Middle Africa;10;
Tongans;Canada;CA;1800;49.261156;-123.087431;Tongan;Christianity;Northern America;75;
Ghanaians;United States;US;204000;40.869088;-73.887719;English;Christianity;Northern America;75;
Pampango;Canada;CA;2500;43.690754;-79.349693;Kapampangan;Christianity;Northern America;75;
Pangasinans;United States;US;2600;21.405501;-157.962485;Pangasinan;Christianity;Northern America;75;
Od;India;IN;166000;29.217618;75.830693;Oadki;Ethnoreligion;Southern Asia;75;
Kinabatangan Sungai;Malaysia;MY;17500;5.421292;118.135365;Kadazan, Labuk-Kinabatangan;Islam;South-Eastern Asia;75;
Tudan Dusun;Malaysia;MY;17000;5.9863;116.1482;Kadazan Dusun;Ethnoreligion;South-Eastern Asia;75;
Dusun -  Murut;Malaysia;MY;2500;5.3317;116.1446;Kadazan Dusun;Ethnoreligion;South-Eastern Asia;75;
Horuru;Indonesia;ID;5600;-3.12875;129.38675;Yalahatan;Islam;South-Eastern Asia;75;
Palamul;Indonesia;ID;375;-0.994;130.745;Salawati;Christianity;South-Eastern Asia;75;
Liambata;Indonesia;ID;90;-3.14654;130.5302;Masiwang;Christianity;South-Eastern Asia;75;
Tandia;Indonesia;ID;700;-2.881;134.541;Wamesa;Ethnoreligion;South-Eastern Asia;75;
Lengilu;Indonesia;ID;900;3.783;115.849;Lengilu;Ethnoreligion;South-Eastern Asia;75;
Foya;Indonesia;ID;350;-2.92281;138.89052;Abinomn;Ethnoreligion;South-Eastern Asia;75;
Masimasi;Indonesia;ID;425;-2.005077;139.136637;Malay, Papuan;Christianity;South-Eastern Asia;75;
Neo-Melanesian Papuans;Australia;AS;31500;-19.287156;146.773866;Tok Pisin;Christianity;Australia and New Zealand;75;
Zapotec;United States;US;3500;34.005017;-118.433835;Zapotec, Western Tlacolula Valley;Christianity;Northern America;75;
Central Yongbei Zhuang;China;CH;683000;22.745953;108.486308;Zhuang, Yongbei;Ethnoreligion;Eastern Asia;10;
Tongans;Vanuatu;NH;350;-17.741;168.321;Wallisian;Christianity;Melanesia;75;
Madurese;Singapore;SN;19500;1.35239;103.71152;Madura;Islam;South-Eastern Asia;75;
Kitimat;Canada;CA;1900;53.9719;-128.6449;English;Christianity;Northern America;75;
Serbs;Italy;IT;36000;45.516;11.333;Serbian;Christianity;Southern Europe;0;
Eastern Yongbei Zhuang;China;CH;740000;22.88964;109.071065;Zhuang, Yongbei;Ethnoreligion;Eastern Asia;10;
Western Yongbei Zhuang;China;CH;352000;23.32991;107.579019;Zhuang, Yongbei;Ethnoreligion;Eastern Asia;10;
Yulparitja;Australia;AS;225;-24.31936;121.9536;Martu Wangka;Ethnoreligion;Australia and New Zealand;75;
Lelak;Malaysia;MY;550;4.0704;113.8923;Malay;Islam;South-Eastern Asia;0;
Lipan Apache;United States;US;175;33.27479;-105.81939;English;Christianity;Northern America;75;
French Guianese;United States;US;375;40.842285;-73.912416;Guianese French Creole;Christianity;Northern America;75;
Katukina-Jutaí;Brazil;BR;600;-7.7657;-72.1918;Portuguese;Ethnoreligion;South America;0;
Emok;Paraguay;PA;1300;-25.195329;-57.725204;Spanish;Ethnoreligion;South America;0;
Sakiriabar;Brazil;BR;150;-12.616386675;-61.7425911957;Portuguese;Ethnoreligion;South America;0;
Guato;Brazil;BR;700;-17.598;-57.713;Portuguese;Ethnoreligion;South America;0;
Sikiana;Brazil;BR;35;2.046452;-55.896181;Portuguese;Ethnoreligion;South America;0;
Latunde;Brazil;BR;80;-12.730915;-60.134036;Portuguese;Ethnoreligion;South America;10;
Kreye;Brazil;BR;30;-5.25;-46.016667;Portuguese;Ethnoreligion;South America;0;
Uru-Eu-Wau-Wau;Brazil;BR;125;-11.333333;-63.5;Uru-Eu-Wau-Wau;Ethnoreligion;South America;10;
Uru-Pa-In;Brazil;BR;200;-9.911;-63.029;Uru-Pa-In;Ethnoreligion;South America;0;
Yari;Colombia;CO;900;1.2465;-74.2047;Spanish;Ethnoreligion;South America;0;
Saluma;Brazil;BR;300;1.706742;-56.83873;Trió;Ethnoreligion;South America;0;
Jungle Inga;Colombia;CO;13000;0.73;-76.5871;Inga, Jungle;Christianity;South America;10;
Enawenê-Nawê;Brazil;BR;550;-12.3202;-59.2516;Enawené-Nawé;Ethnoreligion;South America;0;
Togbo-Vara Banda;South Sudan;OD;2400;7.8718;26.1125;Banda, Togbo-Vara;Islam;Northern Africa;0;
Majera;Cameroon;CM;950;11.16614;14.99666;Majera;Ethnoreligion;Middle Africa;0;
Jina;Cameroon;CM;2900;11.3967;15.0124;Jina;Islam;Middle Africa;0;
Kara;Sudan;SU;3100;9.389292;24.447763;Gula (Central African Republic);Islam;Northern Africa;0;
Koke;Chad;CD;1900;10.68288;18.41213;Koke;Ethnoreligion;Middle Africa;0;
Osatu;Cameroon;CM;750;6.222;9.771;Osatu;Ethnoreligion;Middle Africa;0;
Dumbule;Cameroon;CM;175;4.4984;11.0856;Mbule;Christianity;Middle Africa;0;
Carabayo;Colombia;CO;225;-1.8584;-69.789;Carabayo;Ethnoreligion;South America;0;
Hijuk;Cameroon;CM;1000;4.4049;11.0124;Hijuk;Christianity;Middle Africa;0;
Eman;Cameroon;CM;2000;6.2529;9.6538;Eman;Christianity;Middle Africa;0;
Playero;Colombia;CO;150;6.9523;-71.1647;Playero;Ethnoreligion;South America;10;
Sokoro;Chad;CD;15500;11.604342;17.41242;Sokoro;Islam;Middle Africa;0;
Animpokoimo;Brazil;BR;45;-0.166667;-57.583333;Waiwai;Ethnoreligion;South America;0;
Huachipaire;Peru;PE;2100;-12.838;-71.3632;Huachipaeri;Ethnoreligion;South America;0;
Turiwara;Brazil;BR;60;-2.671;-48.281;Tembé;Ethnoreligion;South America;10;
Pakaasnovos;Brazil;BR;2400;-11.4294;-65.2541;Pakaásnovos;Ethnoreligion;South America;10;
Piraha;Brazil;BR;425;-7.033333;-61.966667;Pirahã;Ethnoreligion;South America;0;
Kaliko;South Sudan;OD;12500;3.712946;30.612637;Keliko;Ethnoreligion;Northern Africa;0;
Dimbong;Cameroon;CM;350;4.8544;11.1207;Bafia;Christianity;Middle Africa;0;
Katawian;Brazil;BR;500;-0.903553;-58.002493;Waiwai;Christianity;South America;0;
Ntrubo;Ghana;GH;15000;7.86137;0.53353;Delo;Christianity;Western Africa;0;
Miriti-Tapuia;Brazil;BR;125;0.58896;-69.74316;Tucano;Ethnoreligion;South America;0;
Nyengo;Angola;AO;28000;-17.23137;22.47872;Nyengo;Ethnoreligion;Middle Africa;0;
Gavioa of Rondonia;Brazil;BR;600;-10.666667;-61.666667;Gavião Do Jiparaná;Ethnoreligion;South America;10;
Mehinaku;Brazil;BR;250;-12.5;-53.5;Mehináku;Ethnoreligion;South America;0;
Japredia;Venezuela;VE;200;10.55231;-72.71012;Japreria;Ethnoreligion;South America;75;
Krikati;Brazil;BR;900;-5.896;-46.928;Krikati-Timbira;Ethnoreligion;South America;10;
Wayoro;Brazil;BR;175;-12.0283;-62.5087;Portuguese;Ethnoreligion;South America;0;
Tora;Brazil;BR;300;-6.25;-61.666667;Portuguese;Ethnoreligion;South America;0;
Waura;Brazil;BR;400;-12.77;-52.927;Waurá;Ethnoreligion;South America;0;
Katukina-Juruá;Brazil;BR;400;-8.163076;-70.353577;Katukína, Panoan;Christianity;South America;10;
Surui of Para;Brazil;BR;325;-5.9288;-48.639;Suruí Do Pará;Ethnoreligion;South America;75;
Suruwaha;Brazil;BR;150;-6.833333;-66.333333;Suruahá;Ethnoreligion;South America;0;
Tado;Colombia;CO;1200;5.2824;-76.32548;Embera Tadó;Ethnoreligion;South America;75;
Eklenjuy Chorote;Argentina;AR;1300;-22.1896;-63.23831;Chorote, Iyojwa’ja;Ethnoreligion;South America;75;
Wanano;Brazil;BR;500;1.089884;-69.83714;Wanano;Ethnoreligion;South America;75;
Pemon;Venezuela;VE;20500;5.29;-62.03638;Pemon;Ethnoreligion;South America;75;
Kaxarari;Brazil;BR;325;-9.416667;-66.416667;Kaxararí;Ethnoreligion;South America;75;
Saliba;Colombia;CO;1900;4.7886;-71.3376;Sáliba;Ethnoreligion;South America;75;
Puinave;Venezuela;VE;1200;4.03497;-67.39418;Puinave;Christianity;South America;75;
Puinave;Colombia;CO;4400;3.88056;-67.96124;Puinave;Ethnoreligion;South America;75;
Ocaina;Peru;PE;100;-2.3324;-71.8834;Ocaina;Ethnoreligion;South America;75;
Corongo Ancash Quechua;Peru;PE;8300;-8.5134;-77.854;Quechua, Corongo Ancash;Christianity;South America;75;
Salasaca Highland Quichua;Ecuador;EC;21000;-1.35447;-78.39531;Quichua, Salasaca Highland;Ethnoreligion;South America;10;
Nchumbulu;Ghana;GH;2900;8.0161;-0.9055;Nchumbulu;Christianity;Western Africa;75;
Dek;Cameroon;CM;6100;11.01828;14.48328;Dek;Islam;Middle Africa;0;
Efutu;Ghana;GH;169000;5.5121;-0.5144;Awutu;Ethnoreligion;Western Africa;75;
Nchumunu;Ghana;GH;21500;7.70712;-0.43011;Dwang;Ethnoreligion;Western Africa;75;
Santrokofi;Ghana;GH;13000;7.1997;0.4674;Selee;Ethnoreligion;Western Africa;75;
Logba;Ghana;GH;11500;6.92838;0.43068;Logba;Ethnoreligion;Western Africa;75;
Koma;Ghana;GH;6200;10.23684;-1.54376;Konni;Ethnoreligion;Western Africa;75;
Nyangbo;Ghana;GH;7700;6.82649;0.37152;Nyagbo;Ethnoreligion;Western Africa;75;
Gurunsi;Ghana;GH;1295000;10.795268;-0.856909;Farefare;Ethnoreligion;Western Africa;10;
Tamprusi;Ghana;GH;26500;9.8376;-1.3529;Tampulma;Ethnoreligion;Western Africa;75;
Wasa;Ghana;GH;358000;5.74109;-2.16028;Wasa;Christianity;Western Africa;75;
Southern Krumen;Cote d’Ivoire;IV;57500;4.90629;-7.25112;Krumen, Tepo;Christianity;Western Africa;75;
Southern Krumen;Liberia;LI;5800;4.7565;-7.5866;Krumen, Tepo;Christianity;Western Africa;75;
Angolans;Portugal;PO;80500;38.721569;-9.214132;Portuguese;Christianity;Southern Europe;75;
Xokleng;Brazil;BR;1900;-26.916667;-49.583333;Portuguese;Ethnoreligion;South America;10;
Satere;Brazil;BR;11000;-3.633333;-56.833333;Sateré-Mawé;Ethnoreligion;South America;75;
Waiwai;Brazil;BR;2900;1.1057;-59.9041;Waiwai;Ethnoreligion;South America;75;
Xerente;Brazil;BR;3000;-9.583333;-48.25;Xerénte;Christianity;South America;75;
Panare;Venezuela;VE;3200;6.95035;-65.84825;E’ñapa Woromaipu;Ethnoreligion;South America;10;
Tanimuca-Retuama;Colombia;CO;600;-0.4875;-70.4721;Tanimuca-Letuama;Ethnoreligion;South America;75;
Kariri;Brazil;BR;125;-7.2931;-39.803;Portuguese;Ethnoreligion;South America;75;
Guianese Mulatto;French Guiana;FG;119000;4.893;-52.333;Guianese French Creole;Christianity;South America;10;
Northwest Jujuy Quechua;Argentina;AR;7200;-22.720854;-65.694886;Quechua, South Bolivian;Ethnoreligion;South America;75;
Hixkariana;Brazil;BR;850;-1.0289;-58.0209;Hixkaryána;Ethnoreligion;South America;75;
Coatlan Zapotec;Mexico;MX;1300;16.195278;-96.693889;Spanish;Christianity;Central America;75;
Guevea de Humboldt Zapotec;Mexico;MX;7200;16.7925;-95.368611;Spanish;Christianity;Central America;75;
Asuncion Mixtepec Zapotec;Mexico;MX;1600;16.896389;-96.906944;Spanish;Christianity;Central America;75;
Mazaltepec Zapotec;Mexico;MX;6400;17.172222;-96.870833;Spanish;Christianity;Central America;75;
San Baltazar Loxicha Zapotec;Mexico;MX;1500;16.071944;-96.790278;Spanish;Christianity;Central America;75;
El Alto Zapotec;Mexico;MX;2300;16.814722;-97.028889;Spanish;Christianity;Central America;75;
Zaniza Zapotec;Mexico;MX;4400;16.691111;-97.259722;Spanish;Christianity;Central America;75;
Elotepec Zapotec;Mexico;MX;700;16.822778;-97.204722;Spanish;Christianity;Central America;75;
Ayoquesco Zapotec;Mexico;MX;1800;16.685;-96.843056;Spanish;Christianity;Central America;75;
Xanaguia Zapotec;Mexico;MX;3600;16.090278;-96.244167;Spanish;Christianity;Central America;75;
Petapa Zapotec;Mexico;MX;9400;16.821667;-95.119722;Spanish;Christianity;Central America;75;
Quioquitani-Quieri Zapotec;Mexico;MX;5200;16.319722;-96.266944;Spanish;Christianity;Central America;75;
Santiago Xanica Zapotec;Mexico;MX;19500;16.008889;-96.224722;Spanish;Christianity;Central America;75;
Loxicha Zapotec;Mexico;MX;80000;16.016667;-96.616667;Spanish;Christianity;Central America;75;
Central Miahuatlan Zapotec;Mexico;MX;35500;16.328333;-96.596111;Spanish;Christianity;Central America;75;
Atatlahuca Mixtec;Mexico;MX;10500;17.065278;-97.677222;Spanish;Christianity;Central America;10;
Huitepec Mixtec;Mexico;MX;3300;16.926667;-97.146944;Spanish;Christianity;Central America;75;
Jamiltepec Mixtec;Mexico;MX;18500;16.278333;-97.82;Spanish;Christianity;Central America;75;
Cuyamecalco Mixtec;Mexico;MX;2200;17.963889;-96.830556;Spanish;Christianity;Central America;75;
Sindihui Mixtec;Mexico;MX;80;17.001944;-97.351389;Spanish;Christianity;Central America;75;
Southern Tlaxiaco Mixtec;Mexico;MX;13000;17.045833;-97.619444;Spanish;Christianity;Central America;75;
Itundujia Mixtec;Mexico;MX;1300;16.668611;-97.792778;Spanish;Christianity;Central America;75;
Tacahua Mixtec;Mexico;MX;900;16.9175;-97.492222;Spanish;Christianity;Central America;75;
Tidaa Mixtec;Mexico;MX;425;17.340278;-97.376667;Spanish;Christianity;Central America;75;
Soyaltepec Mixtec;Mexico;MX;225;17.590278;-97.306944;Spanish;Christianity;Central America;75;
Central Chinantec;Mexico;MX;21500;17.776389;-96.3;Spanish;Christianity;Central America;75;
Central Puebla Nahuatl;Mexico;MX;15500;18.715278;-98.261389;Spanish;Christianity;Central America;75;
Matlatzinca;Mexico;MX;1000;19.168889;-99.901944;Spanish;Christianity;Central America;0;
Lealao Chinantec;Mexico;MX;3300;17.337778;-95.976667;Spanish;Christianity;Central America;75;
Coatepec Nahuatl;Mexico;MX;2400;18.339444;-99.721389;Spanish;Christianity;Central America;75;
Mocho;Mexico;MX;225;15.3625;-92.248056;Spanish;Christianity;Central America;75;
Texistepec Popoluca;Mexico;MX;600;17.896944;-94.811389;Spanish;Christianity;Central America;75;
Pacaraos Quechua;Peru;PE;1000;-11.186;-76.6477;Spanish;Ethnoreligion;South America;75;
Vilela;Argentina;AR;550;-27.2103;-63.0352;Spanish;Christianity;South America;0;
Sayula Popoluca;Mexico;MX;12000;17.881111;-94.960556;Spanish;Christianity;Central America;75;
Apasco-Apoala Mixtec;Mexico;MX;11000;17.633333;-97.101111;Spanish;Christianity;Central America;75;
Coyotepec Popoloca;Mexico;MX;250;18.405833;-97.831389;Spanish;Christianity;Central America;10;
Southern Popoloca;Mexico;MX;3600;18.298056;-97.384167;Spanish;Christianity;Central America;75;
Kiliwa;Mexico;MX;200;31.266667;-115.647778;Spanish;Christianity;Central America;75;
Yanacona;Colombia;CO;41500;2.2666;-76.6908;Spanish;Christianity;South America;0;
Oluta Popoluca;Mexico;MX;125;17.928333;-94.893611;Spanish;Christianity;Central America;75;
Tututepec Mixtec;Mexico;MX;3100;16.148889;-97.511389;Spanish;Christianity;Central America;75;
Khatbune;India;IN;1200;28.601597;77.305159;Punjabi, Eastern;Sikhism;Southern Asia;0;
Maghia;India;IN;12000;22.007983;86.4206;Maithili;Hinduism;Southern Asia;0;
Sanhai;India;IN;4200;31.6042;76.5699;Chambeali;Hinduism;Southern Asia;0;
Sindhollu;India;IN;3600;18.483555;79.128841;Telugu;Hinduism;Southern Asia;0;
Sansoi;India;IN;7800;32.099803;76.269101;Kangri;Hinduism;Southern Asia;0;
Khetauri;India;IN;138000;24.241508;86.833015;Maithili;Hinduism;Southern Asia;10;
Pitchiguntla;India;IN;51500;18.79889;79.432213;Telugu;Hinduism;Southern Asia;10;
Parenga;India;IN;19500;19.07501;83.97234;Oriya, Adivasi;Ethnoreligion;Southern Asia;0;
Zoró;Brazil;BR;550;-10.333333;-60.75;Gavião Do Jiparaná;Ethnoreligion;South America;75;
Xipaia;Brazil;BR;80;-2.845348;-52.150337;Portuguese;Ethnoreligion;South America;10;
Katukina of Rio Bia;Brazil;BR;450;-4.938202;-67.732323;Kanamarí;Ethnoreligion;South America;0;
Bangi Me;Mali;ML;2600;14.790269;-3.776061;Bangime;Islam;Western Africa;0;
Konkabay;Guinea;GV;71500;10.663349;-11.777912;Kakabe;Islam;Western Africa;0;
Machineri;Brazil;BR;1100;-10.583333;-70.166667;Machinere;Ethnoreligion;South America;75;
Mawayana;Brazil;BR;10;1.261267;-59.783541;Waiwai;Ethnoreligion;South America;10;
Siona;Colombia;CO;2300;0.343218;-75.981368;Siona;Ethnoreligion;South America;10;
Diahoi;Brazil;BR;100;-7.928576;-62.223347;Tenharim;Ethnoreligion;South America;0;
San Vicente Coatlan Zapotec;Mexico;MX;4600;16.386389;-96.844444;Zapotec, San Vicente Coatlán;Christianity;Central America;75;
Texmelucan Zapotec;Mexico;MX;11000;16.541111;-97.181944;Zapotec, Texmelucan;Christianity;Central America;75;
San Juan Colorado Mixtec;Mexico;MX;19000;16.458611;-97.953611;Mixtec, San Juan Colorado;Christianity;Central America;75;
Santo Domingo Albarradas Zapotec;Mexico;MX;6800;17.021061;-96.421202;Zapotec, Santo Domingo Albarradas;Christianity;Central America;75;
Rincon-Yatee Zapotec;Mexico;MX;18500;17.445556;-96.183889;Zapotec, Rincón;Christianity;Central America;75;
Cajonos Zapotec;Mexico;MX;4100;17.168056;-96.261111;Zapotec, Cajonos;Christianity;Central America;75;
Penoles Mixtec;Mexico;MX;9400;17.077778;-97.001389;Mixtec, Peñoles;Christianity;Central America;75;
San Pedro Quiatoni Zapotec;Mexico;MX;13500;16.783333;-96.031111;Zapotec, San Pedro Quiatoni;Christianity;Central America;75;
Coatzospan Mixtec;Mexico;MX;2800;18.048889;-96.762222;Mixtec, Coatzospan;Christianity;Central America;75;
Quapaw;United States;US;3100;36.94712;-94.66336;English;Christianity;Northern America;75;
Holikachuk;United States;US;225;62.657755;-159.524056;English;Christianity;Northern America;75;
Upper Tanana;United States;US;300;63.01065;-141.87333;English;Christianity;Northern America;75;
Kansa;United States;US;325;36.812754;-96.887441;English;Christianity;Northern America;75;
Hidatsa;United States;US;700;47.75341;-102.52777;English;Christianity;Northern America;75;
Makah;United States;US;900;48.3609;-124.6207;English;Christianity;Northern America;75;
Tanaina;United States;US;1400;60.47124;-150.75926;English;Christianity;Northern America;75;
Columbia-Wenatchi;United States;US;750;48.21697;-118.45361;English;Christianity;Northern America;75;
Spokane;United States;US;1500;47.90869;-118.06211;English;Christianity;Northern America;75;
Warm Springs Tenino;United States;US;1500;44.79848;-121.43977;English;Christianity;Northern America;75;
Quechan;United States;US;3000;32.78589;-114.59862;English;Christianity;Northern America;75;
Lushootseed;United States;US;2600;48.42;-122.52874;English;Christianity;Northern America;75;
Northeast Sahaptin;United States;US;700;45.72055;-118.42416;English;Christianity;Northern America;75;
Skagit;United States;US;550;48.53138;-121.99099;English;Christianity;Northern America;75;
Tanacross;United States;US;225;63.40459;-143.3381;English;Christianity;Northern America;75;
Catawba;United States;US;750;34.9977;-80.9286;English;Christianity;Northern America;75;
Comanche;United States;US;14500;34.57014;-98.42395;English;Christianity;Northern America;75;
Yakima;United States;US;10000;46.26552;-120.75587;English;Christianity;Northern America;75;
Shuswap;Canada;CA;11000;50.7791;-119.7487;English;Christianity;Northern America;75;
West Coast Nootka;Canada;CA;7700;48.8987;-124.9901;English;Christianity;Northern America;75;
Malecite Passamaquoddy;Canada;CA;3300;46.09915;-67.63625;English;Christianity;Northern America;75;
Ntlakyapamuk Thompson;Canada;CA;6900;50.1637;-120.8569;English;Christianity;Northern America;75;
Sechelt;Canada;CA;950;49.4789;-123.743;English;Christianity;Northern America;75;
Squamish;Canada;CA;3400;49.32306;-123.01406;English;Christianity;Northern America;75;
Tsimshian;Canada;CA;7700;54.366;-130.4537;English;Christianity;Northern America;75;
Heiltsuk;Canada;CA;2800;52.1617;-128.1486;English;Christianity;Northern America;75;
Straits Salish;Canada;CA;3900;48.67342;-123.43771;English;Christianity;Northern America;75;
Tahltan;Canada;CA;1300;57.908;-131.164;English;Christianity;Northern America;75;
Onondaga;Canada;CA;900;43.0374;-80.2049;English;Christianity;Northern America;75;
Rembarunga;Australia;AS;275;-12.96079;134.30755;English;Ethnoreligion;Australia and New Zealand;75;
Ngarinman;Australia;AS;600;-16.0394;130.9834;English;Ethnoreligion;Australia and New Zealand;75;
Ngalkbun;Australia;AS;150;-14.5151;132.3891;English;Ethnoreligion;Australia and New Zealand;75;
Wik-Ngathan;Australia;AS;2000;-13.8568;141.5904;English;Christianity;Australia and New Zealand;75;
Wusi-Kerepua;Vanuatu;NH;500;-15.27863;166.696;Jo;Christianity;Melanesia;75;
Orowe;New Caledonia;NC;600;-21.4554;165.4879;Orowe;Christianity;Melanesia;75;
Lomaiviti Islanders;Fiji;FJ;1900;-18.0001;179.30583;Lomaiviti;Christianity;Melanesia;75;
Neo-Melanesian Papuans;Solomon Islands;BP;7700;-8.562368;157.338227;Tok Pisin;Christianity;Melanesia;75;
Poamei;New Caledonia;NC;325;-20.879;164.68;Pwaamei;Christianity;Melanesia;75;
Neku;New Caledonia;NC;350;-21.6524;165.57757;French;Christianity;Melanesia;0;
Nyua-Bonde;New Caledonia;NC;2900;-20.6706;164.3935;Yuanga;Christianity;Melanesia;0;
Gonedauan;Fiji;FJ;850;-16.58861;178.59889;Gone Dau;Christianity;Melanesia;75;
PoaPoa;New Caledonia;NC;50;-20.8216;164.6216;French;Christianity;Melanesia;75;
Nenema;New Caledonia;NC;1300;-20.5499;164.2907;Nêlêmwa-Nixumwak;Christianity;Melanesia;75;
Vao;Vanuatu;NH;3400;-15.91787;167.27077;Vao;Christianity;Melanesia;0;
Tamilouw;Indonesia;ID;4100;-3.3852;129.1992;Sepa (Indonesia);Islam;South-Eastern Asia;75;
Waioli;Indonesia;ID;4900;1.2341;127.49406;Waioli;Ethnoreligion;South-Eastern Asia;75;
Wanggom;Indonesia;ID;1100;-5.5453;140.1538;Wanggom;Christianity;South-Eastern Asia;75;
Gamkonora;Indonesia;ID;2400;1.34308;127.50574;Gamkonora;Islam;South-Eastern Asia;75;
Manipa;Indonesia;ID;2700;-3.30342;127.56521;Manipa;Islam;South-Eastern Asia;75;
Awyu Jair;Indonesia;ID;2700;-8.5296;140.5123;Awyu, Jair;Christianity;South-Eastern Asia;75;
Ormu;Indonesia;ID;850;-2.51361;140.6015;Ormu;Ethnoreligion;South-Eastern Asia;75;
Pago;Indonesia;ID;4400;1.2134;127.78005;Pagu;Ethnoreligion;South-Eastern Asia;75;
Mor;Indonesia;ID;80;-2.801957;132.995129;Iha;Christianity;South-Eastern Asia;75;
Siagha-Yenimu;Indonesia;ID;4500;-7.0038;139.91413;Awyu, Edera;Christianity;South-Eastern Asia;75;
Muyu North;Indonesia;ID;9200;-5.402714;140.871049;Muyu, North;Christianity;South-Eastern Asia;75;
Muyu South;Indonesia;ID;4600;-5.871442;140.695242;Muyu, South;Christianity;South-Eastern Asia;75;
Satawalese;Micronesia;FM;550;7.383;147.034;Satawalese;Christianity;Micronesia;0;
Gaididj;Australia;AS;275;-21.58444;133.60153;Kaytetye;Ethnoreligion;Australia and New Zealand;75;
Namonuito;Micronesia;FM;1100;8.572;149.687;Namonuito;Christianity;Micronesia;0;
Ngarinyin;Australia;AS;90;-16.6408;124.6998;Ngarinyin;Christianity;Australia and New Zealand;75;
Warumungu;Australia;AS;750;-19.3624;134.2732;Warumungu;Ethnoreligion;Australia and New Zealand;75;
Puluwat;Micronesia;FM;1600;6.687;149.299;Puluwatese;Christianity;Micronesia;75;
Chippewa (Eastern Ojibwa);Canada;CA;34000;45.01124;-79.75029;Ojibwa, Eastern;Christianity;Northern America;75;
Daro - Matu;Malaysia;MY;18500;2.521175;111.428612;Melanau, Daro-Matu;Islam;South-Eastern Asia;75;
Ibu;Indonesia;ID;225;1.487;127.545;Sahu;Ethnoreligion;South-Eastern Asia;75;
Sahu;Indonesia;ID;12000;1.00742;127.49252;Sahu;Christianity;South-Eastern Asia;75;
Ngalum;Indonesia;ID;16500;-4.86563;140.57094;Ngalum;Christianity;South-Eastern Asia;75;
Tabaru;Indonesia;ID;22500;1.4717;127.5893;Tabaru;Christianity;South-Eastern Asia;75;
Kayupulau;Indonesia;ID;1100;-2.5455;140.7044;Malay, Papuan;Christianity;South-Eastern Asia;75;
Kwerba;Indonesia;ID;3500;-2.2137;138.48618;Kwerba;Ethnoreligion;South-Eastern Asia;75;
Lifuan;New Caledonia;NC;15500;-20.88918;167.22924;Drehu;Christianity;Melanesia;75;
Paafang;Micronesia;FM;1500;8.564;151.919;Chuukese;Christianity;Micronesia;75;
Nengonese;New Caledonia;NC;10500;-22.2666;166.4053;Nengone;Christianity;Melanesia;75;
Gitxsan;Canada;CA;8500;55.09005;-128.08043;Nisga’a;Christianity;Northern America;75;
West Uvean;New Caledonia;NC;2700;-20.41454;166.58936;Fagauvea;Christianity;Melanesia;0;
Nass-Gitksian;Canada;CA;7100;55.19895;-129.19163;Nisga’a;Christianity;Northern America;75;
Moaveke;New Caledonia;NC;225;-20.9215;164.7367;Hmwaveke;Christianity;Melanesia;75;
Ndonga;Namibia;WA;828000;-17.930526;16.028462;Ndonga;Ethnoreligion;Southern Africa;10;
Port Vato;Vanuatu;NH;2300;-16.30825;168.04551;Port Vato;Christianity;Melanesia;75;
Gao;Solomon Islands;BP;2300;-8.35163;159.78866;Gao;Christianity;Melanesia;75;
North Marquesan;French Polynesia;FP;6400;-8.89412;-140.10792;Marquesan, North;Christianity;Polynesia;75;
Pangasinese;Philippines;RP;2255000;15.93774;120.36519;Pangasinan;Christianity;South-Eastern Asia;75;
Namosi;Fiji;FJ;2000;-18.53081;177.63658;Namosi-Naitasiri-Serua;Christianity;Melanesia;75;
Haka Chin;Myanmar;BM;132000;22.6396;93.6043;Chin, Hakha;Christianity;South-Eastern Asia;75;
Wik-Munkan;Australia;AS;1000;-13.6669;141.7838;Wik-Mungkan;Christianity;Australia and New Zealand;75;
Nyangumarda;Australia;AS;500;-20.62709;121.39125;Nyangumarta;Christianity;Australia and New Zealand;75;
Torres Strait Islander;Australia;AS;11500;-10.1541;142.1493;Torres Strait Creole;Christianity;Australia and New Zealand;75;
Kukatja;Australia;AS;300;-20.3321;127.66587;Kukatja;Ethnoreligion;Australia and New Zealand;75;
Kunjen;Australia;AS;400;-16.6603;143.9976;Torres Strait Creole;Ethnoreligion;Australia and New Zealand;75;
Yindjibarndi;Australia;AS;800;-21.53794;117.00104;Yindjibarndi;Ethnoreligion;Australia and New Zealand;75;
Gugu-Yimidjir;Australia;AS;1800;-14.9424;144.83085;Guugu Yimidhirr;Christianity;Australia and New Zealand;75;
Kitja;Australia;AS;375;-17.6351;127.8029;Kija;Ethnoreligion;Australia and New Zealand;75;
Garawa;Australia;AS;300;-17.4504;137.72014;Garrwa;Ethnoreligion;Australia and New Zealand;75;
Nunggubuyu;Australia;AS;650;-14.272806;135.71938;Nunggubuyu;Christianity;Australia and New Zealand;75;
Maung;Australia;AS;850;-11.6317;133.3676;Maung;Christianity;Australia and New Zealand;75;
Djinang;Australia;AS;300;-12.3299;134.9302;Djinang;Ethnoreligion;Australia and New Zealand;75;
Eastern Arrernte;Australia;AS;2600;-23.35831;135.04638;Arrernte, Eastern;Ethnoreligion;Australia and New Zealand;75;
Gupapuyngu;Australia;AS;650;-12.1037;134.9173;Gupapuyngu;Christianity;Australia and New Zealand;75;
Murinbata;Australia;AS;4500;-14.2456;129.5308;Murrinh-Patha;Christianity;Australia and New Zealand;75;
Ritarungo;Australia;AS;450;-13.2464;135.5447;Kriol;Ethnoreligion;Australia and New Zealand;75;
Western Arrernta;Australia;AS;2800;-23.945;132.779;Arrarnta, Western;Ethnoreligion;Australia and New Zealand;75;
Wanam;Indonesia;ID;3400;-4.171632;139.556205;Yale, Kosarek;Christianity;South-Eastern Asia;75;
Wodani;Indonesia;ID;7500;-3.41642;136.70289;Wolani;Ethnoreligion;South-Eastern Asia;75;
Yava;Indonesia;ID;11000;-1.77196;136.26312;Yawa;Christianity;South-Eastern Asia;75;
Tause;Indonesia;ID;500;-2.8406;136.89869;Tause;Christianity;South-Eastern Asia;75;
Yetfa;Indonesia;ID;1400;-4.004309;140.818758;Yetfa;Christianity;South-Eastern Asia;75;
Usku;Indonesia;ID;125;-3.6394;140.2741;Indonesian;Christianity;South-Eastern Asia;75;
Towei;Indonesia;ID;225;-3.7881;140.6613;Indonesian;Christianity;South-Eastern Asia;75;
Yotafa;Indonesia;ID;475;-2.56434;140.71017;Indonesian;Christianity;South-Eastern Asia;75;
Senggi;Indonesia;ID;275;-3.4456;140.7796;Indonesian;Christianity;South-Eastern Asia;75;
Tarpia;Indonesia;ID;700;-2.3631;140.0446;Indonesian;Christianity;South-Eastern Asia;75;
Pass Valley Yaly;Indonesia;ID;8000;-3.76869;139.25967;Yali, Pass Valley;Christianity;South-Eastern Asia;75;
Naltya;Indonesia;ID;17500;-4.3601;139.8628;Nalca;Christianity;South-Eastern Asia;75;
Marengge;Indonesia;ID;60;-2.3696;139.6286;Indonesian;Christianity;South-Eastern Asia;75;
Nduga;Indonesia;ID;17000;-3.863353;137.786475;Nduga;Christianity;South-Eastern Asia;75;
Ninia Yali;Indonesia;ID;15000;-4.4737;139.39045;Yali, Ninia;Ethnoreligion;South-Eastern Asia;75;
Moni;Indonesia;ID;30500;-3.72962;136.88584;Moni;Christianity;South-Eastern Asia;75;
Nafri;Indonesia;ID;3400;-2.65036;140.72696;Malay, Papuan;Christianity;South-Eastern Asia;75;
Kupel;Indonesia;ID;13500;-4.50417;140.44268;Ketengban;Christianity;South-Eastern Asia;75;
Lepki;Indonesia;ID;800;-4.1059;140.46393;Lepki;Christianity;South-Eastern Asia;75;
Morari;Indonesia;ID;350;-8.496407;140.612599;Indonesian;Christianity;South-Eastern Asia;75;
Kwansu;Indonesia;ID;700;-2.57316;140.26386;Indonesian;Christianity;South-Eastern Asia;75;
Goliath;Indonesia;ID;6300;-4.69676;140.09981;Una;Christianity;South-Eastern Asia;75;
Gresi;Indonesia;ID;4100;-2.72229;140.2794;Indonesian;Ethnoreligion;South-Eastern Asia;75;
Demta;Indonesia;ID;1800;-2.38475;140.16567;Indonesian;Christianity;South-Eastern Asia;75;
Keder;Indonesia;ID;900;-2.012804;139.053818;Indonesian;Christianity;South-Eastern Asia;75;
Citak Asmat;Indonesia;ID;13500;-5.58276;139.46085;Citak;Christianity;South-Eastern Asia;75;
Kaure;Indonesia;ID;600;-3.3203;140.1461;Malay, Papuan;Christianity;South-Eastern Asia;75;
Dubu;Indonesia;ID;250;-3.62591;140.76837;Indonesian;Christianity;South-Eastern Asia;75;
Hupla;Indonesia;ID;5400;-4.36349;139.16433;Hupla;Christianity;South-Eastern Asia;75;
Karas;Indonesia;ID;400;-3.4457;132.6796;Indonesian;Christianity;South-Eastern Asia;75;
Sawuy;Indonesia;ID;5100;-10.560911;121.881425;Indonesian;Christianity;South-Eastern Asia;75;
Dusun Witu;Indonesia;ID;6500;-1.57408;114.97946;Dusun Witu;Ethnoreligion;South-Eastern Asia;75;
Duriankere;Indonesia;ID;175;-1.384;130.919;Indonesian;Christianity;South-Eastern Asia;75;
Yarsun;Indonesia;ID;275;-2.129084;139.512832;Malay, Papuan;Christianity;South-Eastern Asia;75;
Trangan Barat;Indonesia;ID;9100;-6.62046;134.16821;Tarangan, West;Christianity;South-Eastern Asia;75;
Kedang;Indonesia;ID;33500;-8.23039;123.76988;Kedang;Christianity;South-Eastern Asia;75;
Talaud;Indonesia;ID;111000;4.11846;126.79467;Talaud;Christianity;South-Eastern Asia;75;
Kulawi;Indonesia;ID;9300;-1.4313;120.00937;Moma;Christianity;South-Eastern Asia;75;
Lio;Indonesia;ID;125000;-8.68615;121.8322;Li’o;Christianity;South-Eastern Asia;10;
Lindu;Indonesia;ID;2800;-1.321;120.105;Tado;Christianity;South-Eastern Asia;75;
Nimboran;Indonesia;ID;5700;-2.5803;140.1793;Malay, Papuan;Christianity;South-Eastern Asia;75;
Kola;Indonesia;ID;8600;-5.48833;134.59152;Kola;Islam;South-Eastern Asia;75;
Sara;Indonesia;ID;5100;1.1289;109.6863;Bakati’, Sara;Ethnoreligion;South-Eastern Asia;75;
Paku;Indonesia;ID;4500;-1.9063;115.08663;Ma’anyan;Ethnoreligion;South-Eastern Asia;75;
Napu;Indonesia;ID;8200;-1.43707;120.33786;Napu;Ethnoreligion;South-Eastern Asia;75;
Kelong;Indonesia;ID;18500;-8.413;124.409;Klon;Christianity;South-Eastern Asia;75;
Wahau Kenyah;Indonesia;ID;9000;1.6521;116.9373;Kenyah, Wahau;Christianity;South-Eastern Asia;75;
Tonsea;Indonesia;ID;147000;1.51393;125.05212;Tonsea;Christianity;South-Eastern Asia;75;
Ratahan;Indonesia;ID;47000;1.0578;124.8034;Malay, Manado;Christianity;South-Eastern Asia;75;
Ponasakan;Indonesia;ID;5500;0.9474;124.7842;Indonesian;Ethnoreligion;South-Eastern Asia;75;
Jahalatane;Indonesia;ID;1900;-3.3619;129.31549;Yalahatan;Ethnoreligion;South-Eastern Asia;75;
Laiyolo;Indonesia;ID;1700;-6.45512;120.48283;Laiyolo;Islam;South-Eastern Asia;10;
Talondo;Indonesia;ID;1300;-2.507;119.347;Talondo’;Christianity;South-Eastern Asia;75;
Punan Merah;Indonesia;ID;250;0.50763;115.58788;Punan Merah;Christianity;South-Eastern Asia;75;
Wahau Kayan;Indonesia;ID;900;1.42088;116.6795;Kayan, Wahau;Ethnoreligion;South-Eastern Asia;75;
Putoh;Indonesia;ID;11000;3.612053;116.308685;Putoh;Ethnoreligion;South-Eastern Asia;75;
Mendalam Kayan;Indonesia;ID;2700;0.9386;113.1285;Kayan, Mendalam;Christianity;South-Eastern Asia;75;
Ribun;Indonesia;ID;84500;0.281;110.187;Ribun;Ethnoreligion;South-Eastern Asia;75;
Trangan Timur;Indonesia;ID;7100;-6.76213;134.2884;Tarangan, East;Christianity;South-Eastern Asia;75;
Sajau Basap;Indonesia;ID;11000;2.43432;117.40071;Sajau Basap;Ethnoreligion;South-Eastern Asia;75;
Punan Aput;Indonesia;ID;700;1.7977;115.9998;Punan Aput;Christianity;South-Eastern Asia;75;
Kembayan;Indonesia;ID;14000;0.818854;110.341094;Mateq;Ethnoreligion;South-Eastern Asia;75;
Punan Merap;Indonesia;ID;275;3.5542;116.6175;Punan Merap;Christianity;South-Eastern Asia;75;
Lamma;Indonesia;ID;16500;-8.52787;124.079215;Pantar, Western;Ethnoreligion;South-Eastern Asia;75;
Kodi;Indonesia;ID;65500;-9.6373;119.11429;Kodi;Ethnoreligion;South-Eastern Asia;75;
Lamboya;Indonesia;ID;27500;-9.70434;119.3443;Lamboya;Christianity;South-Eastern Asia;75;
Woisika;Indonesia;ID;22000;-8.26897;124.7923;Kamang;Christianity;South-Eastern Asia;75;
Nedebang;Indonesia;ID;1600;-8.28;124.207;Nedebang;Ethnoreligion;South-Eastern Asia;75;
Mamboru;Indonesia;ID;12000;-9.42302;119.54972;Mamboru;Ethnoreligion;South-Eastern Asia;75;
Rembong;Indonesia;ID;5500;-8.53361;120.97294;Rembong;Islam;South-Eastern Asia;75;
Riung;Indonesia;ID;25500;-8.5038;121.0449;Riung;Islam;South-Eastern Asia;75;
Kabola;Indonesia;ID;18500;-8.17316;124.53869;Kabola;Christianity;South-Eastern Asia;75;
Kepo;Indonesia;ID;14000;-8.58908;120.83973;Kepo’;Islam;South-Eastern Asia;75;
Kafoa;Indonesia;ID;1800;-8.371;124.423;Kafoa;Christianity;South-Eastern Asia;75;
Wanukaka;Indonesia;ID;18500;-9.69834;119.46801;Wanukaka;Ethnoreligion;South-Eastern Asia;75;
Watulai;Indonesia;ID;4200;-5.74908;134.78651;Gwatlelir;Islam;South-Eastern Asia;75;
Watubela;Indonesia;ID;6100;-4.47294;131.64135;Watubela;Islam;South-Eastern Asia;75;
Madole;Indonesia;ID;3500;1.40199;127.7524;Modole;Ethnoreligion;South-Eastern Asia;75;
Perai;Indonesia;ID;425;-7.593;126.4975;Perai;Ethnoreligion;South-Eastern Asia;75;
Mangole;Indonesia;ID;9700;-1.87941;125.82233;Mangole;Islam;South-Eastern Asia;75;
Kur;Indonesia;ID;4200;-5.34077;131.98597;Kur;Islam;South-Eastern Asia;75;
Liana-Seti;Indonesia;ID;4700;-3.11832;129.89879;Liana-Seti;Christianity;South-Eastern Asia;75;
Luhu;Indonesia;ID;12000;-3.13187;127.96566;Luhu;Islam;South-Eastern Asia;0;
North Nuaulu;Indonesia;ID;750;-2.9036;129.2964;Nuaulu, North;Islam;South-Eastern Asia;75;
Saleman;Indonesia;ID;7500;-2.82548;129.42743;Saleman;Islam;South-Eastern Asia;75;
Teluti;Indonesia;ID;26500;-3.2969;129.66284;Sou Nama;Islam;South-Eastern Asia;75;
Lisabata-Nuniali;Indonesia;ID;3300;-2.878638;128.879413;Lisabata-Nuniali;Islam;South-Eastern Asia;75;
Leti;Indonesia;ID;10500;-8.205493;127.722275;Leti (Indonesia);Christianity;South-Eastern Asia;75;
Selvasa;Indonesia;ID;5300;-7.59918;131.25029;Seluwasan;Christianity;South-Eastern Asia;75;
Roma;Indonesia;ID;2600;-7.58643;127.42792;Roma;Christianity;South-Eastern Asia;75;
Lorang;Indonesia;ID;450;-6.30338;134.40953;Lorang;Christianity;South-Eastern Asia;75;
Kerei;Indonesia;ID;650;-6.718;134.401;Karey;Islam;South-Eastern Asia;75;
Teor;Indonesia;ID;1800;-4.74159;131.737;Teor;Islam;South-Eastern Asia;75;
Sauri;Indonesia;ID;175;-2.2805;136.7531;Sauri;Christianity;South-Eastern Asia;75;
Wares;Indonesia;ID;275;-2.47357;139.33731;Wares;Christianity;South-Eastern Asia;75;
Taori-Kei;Indonesia;ID;300;-2.94448;138.16077;Kaiy;Christianity;South-Eastern Asia;75;
Tumawo;Indonesia;ID;700;-2.6278;140.8784;Skou;Christianity;South-Eastern Asia;75;
Sobei;Indonesia;ID;3000;-1.86998;138.74987;Sobei;Christianity;South-Eastern Asia;75;
Taikat;Indonesia;ID;1200;-2.7876;140.6869;Taikat;Christianity;South-Eastern Asia;75;
Tefaro;Indonesia;ID;175;-2.2709;136.702;Tefaro;Christianity;South-Eastern Asia;75;
Yafi;Indonesia;ID;375;-3.470299;140.79481;Zorop;Christianity;South-Eastern Asia;75;
Tarunggare;Indonesia;ID;750;-3.37462;135.55117;Tunggare;Christianity;South-Eastern Asia;75;
Sempan;Indonesia;ID;1600;-5.17582;137.58814;Sempan;Christianity;South-Eastern Asia;75;
Woi;Indonesia;ID;2100;-1.62746;135.48374;Woi;Christianity;South-Eastern Asia;75;
Sause;Indonesia;ID;425;-3.16632;139.62656;Sause;Christianity;South-Eastern Asia;75;
Papuma;Indonesia;ID;1100;-1.736;135.858;Papuma;Christianity;South-Eastern Asia;75;
Kwesten;Indonesia;ID;3300;-1.9953;138.921;Kwesten;Christianity;South-Eastern Asia;75;
Mawes;Indonesia;ID;950;-2.3617;139.679;Mawes;Christianity;South-Eastern Asia;75;
Liki;Indonesia;ID;325;-1.60652;138.7308;Liki;Christianity;South-Eastern Asia;75;
Rasawa;Indonesia;ID;350;-2.37609;136.35237;Rasawa;Christianity;South-Eastern Asia;75;
Molof;Indonesia;ID;250;-3.4453;140.5122;Molof;Christianity;South-Eastern Asia;75;
Marau;Indonesia;ID;2800;-1.6306;135.7623;Marau;Christianity;South-Eastern Asia;75;
Kirira;Indonesia;ID;450;-3.187;137.2293;Kirikiri;Christianity;South-Eastern Asia;75;
Papasena;Indonesia;ID;700;-2.87535;138.60529;Papasena;Christianity;South-Eastern Asia;75;
Pauwi;Indonesia;ID;200;-1.68798;138.02774;Yoke;Christianity;South-Eastern Asia;75;
Dem;Indonesia;ID;1600;-3.72183;137.63227;Dem;Christianity;South-Eastern Asia;75;
Kapori;Indonesia;ID;225;-3.5879;139.9477;Kapauri;Christianity;South-Eastern Asia;75;
Itik;Indonesia;ID;225;-2.320656;139.145195;Itik;Christianity;South-Eastern Asia;75;
Emumu;Indonesia;ID;2300;-3.74242;140.90347;Emem;Christianity;South-Eastern Asia;75;
Dabe;Indonesia;ID;500;-2.050638;139.077425;Dabe;Christianity;South-Eastern Asia;75;
Warkay-Bipim;Indonesia;ID;425;-5.7716;138.63752;Warkay-Bipim;Ethnoreligion;South-Eastern Asia;75;
Nobuk;Indonesia;ID;425;-2.56457;138.43628;Kwerba Mamberamo;Ethnoreligion;South-Eastern Asia;75;
Saweru;Indonesia;ID;450;-1.924;136.295;Saweru;Christianity;South-Eastern Asia;75;
Maden;Indonesia;ID;800;-1.137078;130.879879;Salawati;Christianity;South-Eastern Asia;75;
Kokoda;Indonesia;ID;5400;-2.14685;132.386754;Kokoda;Christianity;South-Eastern Asia;75;
Yahadian;Indonesia;ID;750;-1.94317;132.09609;Yahadian;Christianity;South-Eastern Asia;75;
Matbat;Indonesia;ID;1700;-1.8801;130.07501;Matbat;Ethnoreligion;South-Eastern Asia;75;
Tanahmerah;Indonesia;ID;1000;-2.5523;133.17979;Tanahmerah;Christianity;South-Eastern Asia;75;
Seget;Indonesia;ID;1900;-1.36931;131.21812;Moi Lemas;Christianity;South-Eastern Asia;75;
Puragi;Indonesia;ID;1000;-1.9353;132.2928;Puragi;Christianity;South-Eastern Asia;75;
Moraid;Indonesia;ID;1600;-1.04083;131.96538;Moraid;Christianity;South-Eastern Asia;75;
Kalabra;Indonesia;ID;4400;-1.43074;131.61701;Kalabra;Christianity;South-Eastern Asia;75;
Iha;Indonesia;ID;9000;-2.81013;132.27102;Iha;Christianity;South-Eastern Asia;75;
Legenyem;Indonesia;ID;350;-0.2211;130.6539;Legenyem;Islam;South-Eastern Asia;75;
Ron;Indonesia;ID;1600;-2.43005;134.55627;Roon;Ethnoreligion;South-Eastern Asia;75;
Munggui;Indonesia;ID;1400;-1.663;135.8699;Munggui;Ethnoreligion;South-Eastern Asia;75;
Meoswar;Indonesia;ID;375;-2.07828;134.37813;Meoswar;Ethnoreligion;South-Eastern Asia;75;
Warembori;Indonesia;ID;800;-1.65941;137.5662;Warembori;Ethnoreligion;South-Eastern Asia;75;
Erokwanas;Indonesia;ID;275;-2.83746;132.7048;Erokwanas;Ethnoreligion;South-Eastern Asia;75;
Nabi;Indonesia;ID;900;-2.4941;134.0034;Kuri;Ethnoreligion;South-Eastern Asia;75;
Yaur;Indonesia;ID;700;-3.32519;134.87891;Yaur;Ethnoreligion;South-Eastern Asia;75;
Tuotomb;Cameroon;CM;3100;4.82;11.03;Tuotomb;Christianity;Middle Africa;75;
Mijong;Cameroon;CM;3900;6.403;10.144;Mungbam;Christianity;Middle Africa;75;
Kosin;Cameroon;CM;2000;6.588;10.279;Koshin;Christianity;Middle Africa;75;
Ngishe;Cameroon;CM;18000;6.04616;9.83193;Ngoshie;Christianity;Middle Africa;10;
Djanti;Cameroon;CM;3500;5.30535;11.31027;Tibea;Christianity;Middle Africa;75;
Mangisa;Cameroon;CM;72000;4.4206;11.4125;Mengisa;Christianity;Middle Africa;10;
Mulimba;Cameroon;CM;4200;3.67696;9.67186;Mulimba;Christianity;Middle Africa;75;
Mandankwe;Cameroon;CM;45500;6.00034;10.23068;Mendankwe-Nkwen;Islam;Middle Africa;75;
Kahe;Tanzania;TZ;14500;-3.51412;37.57586;Kahe;Christianity;Eastern Africa;10;
Nyambo;Tanzania;TZ;767000;-1.6096;30.91555;Nyambo;Christianity;Eastern Africa;75;
Isanzu;Tanzania;TZ;92000;-3.99991;34.846;Isanzu;Ethnoreligion;Eastern Africa;10;
Subi;Tanzania;TZ;433000;-3.230033;31.012074;Shubi;Christianity;Eastern Africa;10;
Rungwa;Tanzania;TZ;54000;-7.340677;32.005109;Rungwa;Christianity;Eastern Africa;10;
Gweno;Tanzania;TZ;3900;-3.68407;37.68273;Gweno;Islam;Eastern Africa;75;
Ndonde;Tanzania;TZ;38000;-10.5194;37.996;Ndonde Hamba;Islam;Eastern Africa;10;
Kpagua;Central African Republic;CT;6000;4.96154;20.15843;Kpagua;Ethnoreligion;Middle Africa;10;
Mangbai;Chad;CD;6300;9.6369;14.04973;Mambai;Christianity;Middle Africa;75;
Kaligi;South Sudan;OD;19500;8.455502;26.015642;Feroge;Islam;Northern Africa;10;
Mbum;Chad;CD;34000;7.528422;15.544613;Mbum;Ethnoreligion;Middle Africa;75;
Monjombo;Congo, Democratic Republic of the;CG;16500;3.1596;18.6349;Monzombo;Ethnoreligion;Middle Africa;10;
Mbara;Chad;CD;4300;10.9175;15.5502;Mbara (Chad);Islam;Middle Africa;10;
Sian;Malaysia;MY;175;2.66154;113.84266;Sihan (Malaysia);Ethnoreligion;South-Eastern Asia;75;
Millikin;Malaysia;MY;5500;1.071046;110.678931;Remun;Ethnoreligion;South-Eastern Asia;75;
Murik Kayan;Malaysia;MY;2700;3.590362;114.430041;Murik (Malaysia);Ethnoreligion;South-Eastern Asia;75;
Dayi;Australia;AS;175;-12.0306;135.5691;Dayi;Ethnoreligion;Australia and New Zealand;75;
Siduan;Malaysia;MY;1000;2.26758;111.76305;Melanau, Sibu;Islam;South-Eastern Asia;75;
Seze;Ethiopia;ET;17000;9.4175;34.6522;Seze;Ethnoreligion;Eastern Africa;0;
Kayaman;Malaysia;MY;1200;2.708;114.045;Kajaman;Ethnoreligion;South-Eastern Asia;75;
Ghadames;Libya;LY;6500;30.1286;9.4947;Ghadamès;Islam;Northern Africa;10;
Zanaki;Tanzania;TZ;181000;-1.712682;33.954229;Zanaki;Christianity;Eastern Africa;10;
Kwaya;Tanzania;TZ;205000;-1.80737;33.71001;Kwaya;Ethnoreligion;Eastern Africa;10;
Mbugwe;Tanzania;TZ;60000;-3.8045;35.8277;Mbugwe;Christianity;Eastern Africa;75;
Ikoma;Tanzania;TZ;64000;-1.9696;34.4288;Ikoma-Nata-Isenye;Christianity;Eastern Africa;10;
Pogoro;Tanzania;TZ;524000;-8.72283;36.41485;Pogolo;Christianity;Eastern Africa;10;
Hangaza;Tanzania;TZ;449000;-2.487905;30.720727;Hangaza;Christianity;Eastern Africa;75;
Ngindo;Tanzania;TZ;623000;-9.804266;37.922014;Ngindo;Islam;Eastern Africa;10;
Kabwa;Tanzania;TZ;21500;-1.629007;33.920525;Kabwa;Ethnoreligion;Eastern Africa;75;
Dhuwaya;Australia;AS;1800;-12.2669;136.8815;Dhuwaya;Ethnoreligion;Australia and New Zealand;75;
Dobase;Ethiopia;ET;48500;5.760862;37.231682;Mositacha;Islam;Eastern Africa;0;
Iwaidja;Australia;AS;275;-11.1474;132.5704;Iwaidja;Ethnoreligion;Australia and New Zealand;75;
Thaayoore;Australia;AS;475;-14.8159;142.03413;Kuuk Thayorre;Ethnoreligion;Australia and New Zealand;10;
Gunwinggu;Australia;AS;4900;-12.33983;133.35778;Gunwinggu;Christianity;Australia and New Zealand;75;
Yangben;Cameroon;CM;5400;4.41971;11.02774;Yangben;Christianity;Middle Africa;75;
Meru;Tanzania;TZ;267000;-3.3793;36.8444;Rwa;Christianity;Eastern Africa;10;
Sara Mbai;Chad;CD;264000;8.3385;17.7612;Mbay;Ethnoreligion;Middle Africa;75;
Kuo;Chad;CD;19000;7.7441;15.6906;Kuo;Ethnoreligion;Middle Africa;75;
Yasa;Cameroon;CM;3000;2.45171;9.89801;Iyasa;Christianity;Middle Africa;75;
Kpe;Cameroon;CM;200000;4.24178;9.23887;Mokpwe;Christianity;Middle Africa;75;
Batanga;Cameroon;CM;20000;2.71655;9.92442;Batanga;Christianity;Middle Africa;75;
Heiban Nuba;Sudan;SU;12500;11.2134;30.5123;Heiban;Islam;Northern Africa;75;
Yambetta;Cameroon;CM;12500;4.8461;11.0294;Yambeta;Ethnoreligion;Middle Africa;75;
Kapsiki;Cameroon;CM;134000;10.58813;13.6642;Psikye;Islam;Middle Africa;75;
Karang;Cameroon;CM;42000;7.679;15.3631;Karang;Islam;Middle Africa;75;
Eton;Cameroon;CM;423000;4.21045;11.39348;Eton (Cameroon);Ethnoreligion;Middle Africa;10;
Koh;Cameroon;CM;13000;8.486;15.136;Kuo;Ethnoreligion;Middle Africa;75;
North Makaa;Cameroon;CM;26000;4.57276;13.46245;Byep;Christianity;Middle Africa;10;
Nimbari;Cameroon;CM;250;9.67581;13.82656;Fali, South;Islam;Middle Africa;75;
Dugun;Cameroon;CM;16000;8.428913;13.438411;Dugun;Christianity;Middle Africa;10;
Malgbe;Cameroon;CM;11500;12.386;14.8929;Malgbe;Islam;Middle Africa;10;
Woko;Cameroon;CM;8000;8.3711;12.9528;Longto;Islam;Middle Africa;75;
Duupa;Cameroon;CM;12500;8.496;13.4711;Duupa;Islam;Middle Africa;75;
Gimnime;Cameroon;CM;10000;8.58129;12.78694;Gimnime;Islam;Middle Africa;10;
Doyayo;Cameroon;CM;54500;8.68604;13.07676;Doyayo;Ethnoreligion;Middle Africa;75;
Gimme;Cameroon;CM;10000;8.58084;12.66584;Gimme;Islam;Middle Africa;10;
Kuseri;Cameroon;CM;950;12.00059;14.9531;Mser;Islam;Middle Africa;75;
Kolbila;Cameroon;CM;5600;8.2553;13.2212;Kolbila;Islam;Middle Africa;75;
Maslam;Cameroon;CM;475;12.22548;14.8197;Maslam;Ethnoreligion;Middle Africa;75;
Mboku;Cameroon;CM;26500;10.77883;14.16766;Mbuko;Islam;Middle Africa;75;
Hedi;Cameroon;CM;52000;10.91837;13.76897;Hdi;Islam;Middle Africa;75;
North Fali;Cameroon;CM;53000;9.9708;13.5862;Fali, North;Islam;Middle Africa;10;
Musgum;Cameroon;CM;237000;10.8501;14.952;Musgu;Islam;Middle Africa;75;
Mefele;Cameroon;CM;21000;10.677;13.82013;Mefele;Ethnoreligion;Middle Africa;10;
Mpade;Cameroon;CM;30500;12.69277;14.53663;Mpade;Islam;Middle Africa;10;
Muyang;Cameroon;CM;50000;10.86047;14.21246;Muyang;Islam;Middle Africa;10;
Hya;Cameroon;CM;1900;10.4551;13.5461;Hya;Ethnoreligion;Middle Africa;10;
Dugwor;Cameroon;CM;9800;10.75203;14.21344;Dugwor;Islam;Middle Africa;75;
Molokwo;Cameroon;CM;21000;10.79332;14.25209;Moloko;Islam;Middle Africa;10;
Ndreme;Cameroon;CM;25000;10.94813;14.21306;Vame;Ethnoreligion;Middle Africa;75;
Cuvok;Cameroon;CM;16000;10.6288;13.9394;Cuvok;Islam;Middle Africa;75;
North Gisiga;Cameroon;CM;66500;10.6755;14.21903;Giziga, North;Ethnoreligion;Middle Africa;75;
Twendi;Cameroon;CM;3600;6.36656;11.70017;Kwanja;Islam;Middle Africa;10;
Mboa;Cameroon;CM;3000;5.7517;13.64707;Mbonga;Christianity;Middle Africa;75;
Bebil;Cameroon;CM;15000;4.86672;13.38484;Bebil;Ethnoreligion;Middle Africa;75;
Konja;Cameroon;CM;49500;6.30293;11.69315;Kwanja;Ethnoreligion;Middle Africa;75;
Bamileke-Ngomba;Cameroon;CM;130000;5.5712;10.3201;Ngomba;Christianity;Middle Africa;10;
Wawa;Cameroon;CM;8000;6.7959;11.7035;Wawa;Islam;Middle Africa;10;
South Makaa;Cameroon;CM;233000;4.2391;13.456;Makaa;Christianity;Middle Africa;10;
Ngemba;Cameroon;CM;36500;5.97864;10.14691;Ngemba;Christianity;Middle Africa;75;
Ndop-Bamessing;Cameroon;CM;39000;5.988;10.362;Kenswei Nsei;Islam;Middle Africa;10;
Isu;Cameroon;CM;24500;6.63731;9.96577;Isu;Ethnoreligion;Middle Africa;75;
Weh;Cameroon;CM;16000;6.46164;10.12104;Weh;Christianity;Middle Africa;75;
Kwaja;Cameroon;CM;6100;6.63304;10.99428;Kwaja;Christianity;Middle Africa;75;
Noni;Cameroon;CM;67500;6.37256;10.57067;Noone;Christianity;Middle Africa;75;
Kumaju;Cameroon;CM;8800;6.69577;10.49838;Kemedzung;Islam;Middle Africa;75;
Ngwe;Cameroon;CM;144000;5.49787;9.9028;Ngwe;Christianity;Middle Africa;75;
Ngi;Cameroon;CM;72500;5.9797;9.8336;Ngie;Christianity;Middle Africa;75;
Menka;Cameroon;CM;10000;5.94639;9.69161;Menka;Christianity;Middle Africa;75;
Oku;Cameroon;CM;147000;6.23712;10.50955;Oku;Christianity;Middle Africa;75;
Babessi;Cameroon;CM;39500;6.0332;10.5786;Wushi;Christianity;Middle Africa;10;
Kam;Nigeria;NI;10500;8.3575;11.0457;Kam;Ethnoreligion;Western Africa;75;
Lelau;Nigeria;NI;11500;9.29145;11.1636;Leelau;Ethnoreligion;Western Africa;75;
Gwomu;Nigeria;NI;10500;9.471;11.2798;Moo;Ethnoreligion;Western Africa;75;
Kumba;Nigeria;NI;6800;9.024;12.0045;Kumba;Ethnoreligion;Western Africa;75;
Kugama;Nigeria;NI;7000;9.146;12.053;Kugama;Ethnoreligion;Western Africa;75;
Pere;Nigeria;NI;11000;8.92708;12.45334;Wom (Nigeria);Ethnoreligion;Western Africa;10;
Gori;Chad;CD;1800;9.9801;17.647;Laal;Islam;Middle Africa;75;
Ngbaka Mabo;Congo, Democratic Republic of the;CG;38500;4.18064;18.73385;Ngbaka Ma’bo;Christianity;Middle Africa;75;
Mundu;Congo, Democratic Republic of the;CG;7500;3.8102;29.8871;Mündü;Ethnoreligion;Middle Africa;75;
Indri;South Sudan;OD;1500;8.791728;25.715917;Arabic, Sudanese;Islam;Northern Africa;75;
Gubu;Central African Republic;CT;2600;4.995;19.979;Gobu;Ethnoreligion;Middle Africa;75;
Mbum;Central African Republic;CT;24000;7.33293;15.42705;Mbum;Ethnoreligion;Middle Africa;10;
Gobu;Congo, Democratic Republic of the;CG;43000;4.9742;19.8573;Gobu;Christianity;Middle Africa;75;
Kotopo;Nigeria;NI;11000;7.9635;12.10765;Pere;Ethnoreligion;Western Africa;75;
Bolo;Angola;AO;7800;-10.35106;15.0867;Kibala;Ethnoreligion;Middle Africa;10;
Suku;Angola;AO;19500;-6.3518;16.3444;Suku;Ethnoreligion;Middle Africa;10;
Sara Mbai;Central African Republic;CT;15500;7.89228;17.59296;Mbay;Christianity;Middle Africa;75;
Kaliko;Congo, Democratic Republic of the;CG;23000;3.56039;30.55598;Keliko;Christianity;Middle Africa;10;
Ndombe;Angola;AO;66000;-12.96548;13.37097;Ndombe;Ethnoreligion;Middle Africa;10;
Sungor;Chad;CD;71000;13.74064;21.74501;Assangori;Islam;Middle Africa;0;
Ngangela;Angola;AO;78000;-13.36882;19.04755;Nkangala;Ethnoreligion;Middle Africa;75;
Tswa;South Africa;SF;31000;-23.9605;31.0931;Tswa;Ethnoreligion;Southern Africa;10;
Gula;Central African Republic;CT;24500;9.3242;23.473;Gula (Central African Republic);Islam;Middle Africa;10;
Mpoto;Tanzania;TZ;118000;-11.13767;34.71269;Mpoto;Christianity;Eastern Africa;10;
Fipa;Tanzania;TZ;1150000;-7.9607;31.6125;Fipa;Christianity;Eastern Africa;75;
Wanji;Tanzania;TZ;170000;-8.995452;33.970769;Vwanji;Ethnoreligion;Eastern Africa;10;
Nguruimi;Tanzania;TZ;98000;-1.7015;34.2886;Ngoreme;Christianity;Eastern Africa;10;
Malila;Tanzania;TZ;126000;-9.128263;33.352857;Malila;Ethnoreligion;Eastern Africa;75;
Kari;Central African Republic;CT;176000;6.6896;15.9923;Kare (Central African Republic);Ethnoreligion;Middle Africa;10;
Matengo;Tanzania;TZ;425000;-11.0221;34.7703;Matengo;Ethnoreligion;Eastern Africa;10;
Chuka;Kenya;KE;252000;-0.3623;37.713;Gichuka;Ethnoreligion;Eastern Africa;75;
Vale;Central African Republic;CT;10000;7.49943;18.55852;Vale;Ethnoreligion;Middle Africa;10;
Songo;Angola;AO;268000;-10.51661;16.73478;Songo (Angola);Ethnoreligion;Middle Africa;10;
Ronga;Mozambique;MZ;1030000;-25.9059;32.4997;Ronga;Ethnoreligion;Eastern Africa;75;
Luimbi;Angola;AO;102000;-11.22208;17.53848;Luimbi;Ethnoreligion;Middle Africa;10;
Luyana;Zambia;ZA;106000;-15.563028;23.828435;Luyana;Ethnoreligion;Eastern Africa;10;
Obanliku;Nigeria;NI;140000;6.6102;9.2522;Abanglekuo;Christianity;Western Africa;75;
Guduf;Nigeria;NI;111000;11.1042;13.7705;Guduf-Gava;Ethnoreligion;Western Africa;75;
Holu;Angola;AO;68500;-8.30943;17.63483;Holu;Ethnoreligion;Middle Africa;10;
Dongo;Congo, Democratic Republic of the;CG;30000;2.96683;29.96193;Dongo;Ethnoreligion;Middle Africa;10;
Toaripi;Papua New Guinea;PP;89000;-8.07231;146.20608;Toaripi;Christianity;Melanesia;75;
Melo;Ethiopia;ET;166000;6.53916;36.81096;Melo;Ethnoreligion;Eastern Africa;75;
Watjari;Australia;AS;325;-28.17608;117.15302;English;Ethnoreligion;Australia and New Zealand;75;
Zenaga;Mauritania;MR;60500;16.81997;-16.17106;Hassaniyya;Islam;Western Africa;0;
Samo;Papua New Guinea;PP;2000;-6.102918;142.278468;Samo;Christianity;Melanesia;75;
Toambaita;Solomon Islands;BP;24000;-8.39233;160.61905;To’abaita;Christianity;Melanesia;75;
Toman Islander;Vanuatu;NH;900;-16.578;167.522;Na’ahai;Christianity;Melanesia;75;
Neo-Melanesian Papuans;Papua New Guinea;PP;229000;-9.4592;147.1724;Tok Pisin;Christianity;Melanesia;75;
Shumashti;Afghanistan;AF;2400;34.745829;70.753463;Shumashti;Islam;Southern Asia;0;
Sanglechi;Afghanistan;AF;2200;36.712546;71.579345;Sanglechi;Islam;Southern Asia;0;
Munji-Yidgha;Afghanistan;AF;8700;35.93207;70.94044;Munji;Islam;Southern Asia;0;
Bania (Telugu) - Vaishya/Komati;India;IN;3895000;17.835935;82.944789;Telugu;Hinduism;Southern Asia;10;
Adi Gallong;India;IN;70500;28.285363;94.687738;Adi, Galo;Ethnoreligion;Southern Asia;75;
Northern Ngbandi;Congo, Democratic Republic of the;CG;580000;3.788468;22.622372;Ngbandi, Northern;Christianity;Middle Africa;10;
Melanesians;United States;US;1600;38.587;-121.414;Tok Pisin;Christianity;Northern America;75;
Turu;Indonesia;ID;1700;-3.14537;137.68981;Iau;Christianity;South-Eastern Asia;75;
Tamagario;Indonesia;ID;5700;-6.67;138.9208;Tamagario;Christianity;South-Eastern Asia;75;
Vunjo;Tanzania;TZ;694000;-3.40951;37.56494;Vunjo;Christianity;Eastern Africa;75;
Suba;Kenya;KE;180000;-0.6677;34.13536;Suba;Christianity;Eastern Africa;75;
Machambe;Tanzania;TZ;763000;-3.2993;37.08122;Machame;Christianity;Eastern Africa;75;
Mandobo Bawah;Indonesia;ID;23000;-6.597919;140.577271;Mandobo Bawah;Christianity;South-Eastern Asia;75;
Ukit;Malaysia;MY;300;2.731;113.048;Ukit;Ethnoreligion;South-Eastern Asia;75;
Iaian;New Caledonia;NC;4900;-22.2547;166.4661;Iaai;Christianity;Melanesia;75;
Kayan River Kayan;Indonesia;ID;3700;1.925478;115.48531;Kayan, Kayan River;Christianity;South-Eastern Asia;75;
Sukubatong;Indonesia;ID;550;-4.2473;140.9691;Kimki;Christianity;South-Eastern Asia;75;
Kamberataro;Indonesia;ID;1600;-3.52309;140.94739;Dla;Christianity;South-Eastern Asia;75;
Mekwei;Indonesia;ID;2000;-2.4973;140.3723;Indonesian;Christianity;South-Eastern Asia;75;
Taurap;Indonesia;ID;350;-2.47582;138.20315;Burmeso;Christianity;South-Eastern Asia;75;
Tepera;Indonesia;ID;5700;-2.4641;140.3719;Indonesian;Christianity;South-Eastern Asia;75;
Nipsan;Indonesia;ID;3700;-4.2206;139.0125;Nipsan;Christianity;South-Eastern Asia;75;
Samarkena;Indonesia;ID;700;-1.8044;138.254;Samarokena;Christianity;South-Eastern Asia;75;
Kosare;Indonesia;ID;375;-3.78748;140.19727;Kosare;Christianity;South-Eastern Asia;75;
Uria;Indonesia;ID;2700;-2.7693;139.8267;Orya;Christianity;South-Eastern Asia;75;
Wabo;Indonesia;ID;2500;-1.77297;136.75728;Wabo;Ethnoreligion;South-Eastern Asia;75;
Taori-So;Indonesia;ID;475;-3.256471;138.137301;Doutai;Christianity;South-Eastern Asia;75;
Kauwerawec;Indonesia;ID;650;-2.2811;138.0345;Kauwera;Ethnoreligion;South-Eastern Asia;75;
Tehit;Indonesia;ID;13500;-1.51049;131.98485;Tehit;Christianity;South-Eastern Asia;75;
Inanwatan;Indonesia;ID;2600;-2.07971;132.15658;Suabo;Christianity;South-Eastern Asia;75;
Kemberano;Indonesia;ID;2500;-2.24495;132.98754;Kemberano;Christianity;South-Eastern Asia;75;
Kolana-Wersin;Indonesia;ID;78000;-8.3469;124.9057;Wersing;Christianity;South-Eastern Asia;75;
Padoe;Indonesia;ID;3400;-2.60642;121.23639;Padoe;Christianity;South-Eastern Asia;75;
Muli;India;IN;23000;18.57106;84.019651;Telugu;Hinduism;Southern Asia;0;
Nagavamsam;India;IN;115000;18.2305;83.625786;Telugu;Hinduism;Southern Asia;0;
Vadugan;India;IN;21500;10.846153;76.273364;Telugu;Hinduism;Southern Asia;0;
Sadaru;India;IN;16500;13.940281;77.271717;Telugu;Hinduism;Southern Asia;0;
Urikkar Naicker;India;IN;4900;10.425281;79.314031;Telugu;Hinduism;Southern Asia;0;
Sakunapaksollu;India;IN;6100;16.288628;80.706428;Telugu;Hinduism;Southern Asia;0;
Tolakari;India;IN;7500;13.462684;79.006241;Telugu;Hinduism;Southern Asia;0;
Noliya;India;IN;4900;19.3568;84.9836;Telugu;Hinduism;Southern Asia;0;
Udupula;India;IN;2800;17.358531;82.557702;Telugu;Hinduism;Southern Asia;0;
Yatla;India;IN;550;18.296975;83.896781;Telugu;Hinduism;Southern Asia;0;
Nagaralu;India;IN;122000;18.281306;83.885506;Telugu;Hinduism;Southern Asia;10;
Kalavantulu;India;IN;202000;16.77153;80.288723;Telugu;Hinduism;Southern Asia;10;
Tagin;India;IN;57500;27.37082;93.12839;Tagin;Ethnoreligion;Southern Asia;75;
Mukha Dhora;India;IN;56000;17.70505;83.290959;Telugu;Hinduism;Southern Asia;75;
Accukattavandlu;India;IN;12500;16.998786;81.800167;Telugu;Hinduism;Southern Asia;0;
Kambot;Papua New Guinea;PP;16500;-4.35147;144.08524;Ap Ma;Christianity;Melanesia;75;
Imbongu;Papua New Guinea;PP;92000;-6.211993;144.029323;Imbongu;Christianity;Melanesia;75;
Bibasa;Papua New Guinea;PP;850;-8.552031;142.462306;Tok Pisin;Christianity;Melanesia;75;
Malol;Papua New Guinea;PP;6200;-3.11695;142.24388;Malol;Christianity;Melanesia;75;
Dahating;Papua New Guinea;PP;3200;-5.64555;146.45496;Gwahatike;Christianity;Melanesia;75;
Hube;Papua New Guinea;PP;16000;-6.42586;147.5358;Kube;Christianity;Melanesia;75;
East Angal;Papua New Guinea;PP;44500;-6.145082;143.654223;Angal;Christianity;Melanesia;75;
Kairi;Papua New Guinea;PP;3100;-7.17149;144.17851;Rumu;Christianity;Melanesia;75;
Igora;Papua New Guinea;PP;2500;-10.29763;150.02702;Kakabai;Christianity;Melanesia;75;
Dawawa;Papua New Guinea;PP;6900;-10.16915;149.99865;Dawawa;Christianity;Melanesia;75;
Gapun;Papua New Guinea;PP;175;-4.05047;144.50616;Tok Pisin;Christianity;Melanesia;75;
Gumasi;Papua New Guinea;PP;1000;-9.28497;150.7623;Gumawana;Christianity;Melanesia;75;
Mian;Papua New Guinea;PP;5600;-4.765;141.4395;Golin;Christianity;Melanesia;75;
Santa Ana;Solomon Islands;BP;12500;-10.8379;162.4626;Owa;Christianity;Melanesia;75;
Paama;Vanuatu;NH;12000;-16.47548;168.23693;Paama;Christianity;Melanesia;75;
Florida Islanders;Solomon Islands;BP;22500;-9.0789;160.2114;Gela;Christianity;Melanesia;75;
Kwaraae;Solomon Islands;BP;62500;-8.729501;160.879193;Kwara’ae;Christianity;Melanesia;75;
Detribalized Papuans;Papua New Guinea;PP;1695000;-9.428253;147.191941;Tok Pisin;Christianity;Melanesia;75;
Katinja;Papua New Guinea;PP;4200;-6.070582;143.520591;Angal Heneng;Christianity;Melanesia;75;
Dami;Papua New Guinea;PP;8800;-5.329344;145.578924;Marik;Christianity;Melanesia;75;
Talaandig Manobo;Philippines;RP;8200;8.0374;124.9229;Manobo, Western Bukidnon;Ethnoreligion;South-Eastern Asia;75;
Delen;Sudan;SU;13000;12.0493;29.64;Arabic, Sudanese;Islam;Northern Africa;75;
Kammara;India;IN;146000;17.724826;83.268163;Telugu;Hinduism;Southern Asia;10;
Tangsa;India;IN;85000;27.511564;95.980895;Garo;Ethnoreligion;Southern Asia;75;
Marba;Chad;CD;397000;9.50664;15.84438;Marba;Christianity;Middle Africa;75;
Komo;Congo, Democratic Republic of the;CG;845000;-0.7458;26.579;Komo (Democratic Republic of the Congo);Christianity;Middle Africa;75;
Gabere;Chad;CD;84000;9.394992;16.688255;Gabri;Ethnoreligion;Middle Africa;75;
Mamvu;Congo, Democratic Republic of the;CG;171000;2.68167;28.98618;Mamvu;Ethnoreligion;Middle Africa;10;
Umm Heitan;Sudan;SU;33500;11.5038;30.0603;Koalib;Islam;Northern Africa;0;
Jambuvulu;India;IN;32000;16.97576;82.229536;Telugu;Hinduism;Southern Asia;10;
Kavwol;Papua New Guinea;PP;800;-4.994798;141.152525;Faiwol;Christianity;Melanesia;75;
Samberigi;Papua New Guinea;PP;11000;-6.720934;143.937591;Samberigi;Christianity;Melanesia;75;
Kaikovu;Papua New Guinea;PP;1700;-10.158715;149.914652;Kanasi;Christianity;Melanesia;75;
Sebuyau;Malaysia;MY;10500;1.42104;110.48038;Iban;Ethnoreligion;South-Eastern Asia;75;
Banwaon;Philippines;RP;13500;8.4881;125.728;Manobo, Agusan;Ethnoreligion;South-Eastern Asia;75;
Mineveha;Papua New Guinea;PP;4100;-9.612122;150.487362;Minaveha;Christianity;Melanesia;75;
Balig;Philippines;RP;7100;6.729337;124.054063;Teduray;Ethnoreligion;South-Eastern Asia;75;
Baramu;Papua New Guinea;PP;1900;-8.4885;143.00231;Baramu;Christianity;Melanesia;75;
Kalokalo;Papua New Guinea;PP;2200;-9.42742;150.46185;Koluwawa;Christianity;Melanesia;75;
Bao;Papua New Guinea;PP;4300;-5.99488;150.27247;Aighon;Christianity;Melanesia;75;
Irumu;Papua New Guinea;PP;2200;-6.29221;146.60922;Tuma-Irumu;Christianity;Melanesia;75;
Bwadji;Papua New Guinea;PP;8000;-7.0121;141.4974;Kuni-Boazi;Christianity;Melanesia;75;
Awin;Papua New Guinea;PP;24000;-6.119096;141.296363;Aekyom;Christianity;Melanesia;75;
Arawe;Papua New Guinea;PP;7700;-5.86129;148.82509;Solong;Christianity;Melanesia;75;
Aomie;Papua New Guinea;PP;3300;-9.062264;148.127428;Ömie;Christianity;Melanesia;75;
Biliau;Papua New Guinea;PP;2600;-5.59896;146.35521;Awad Bing;Christianity;Melanesia;75;
Aramo;Papua New Guinea;PP;1100;-5.039128;144.124288;Pinai-Hagahai;Ethnoreligion;Melanesia;75;
Boanaki;Papua New Guinea;PP;6100;-10.011;149.84038;Ghayavi;Christianity;Melanesia;75;
Baruga;Papua New Guinea;PP;4100;-9.40132;148.76141;Baruga;Christianity;Melanesia;75;
West Ambae;Vanuatu;NH;15500;-15.42811;167.80748;Ambae, West;Christianity;Melanesia;75;
Lamenu;Vanuatu;NH;1500;-16.60985;168.17114;Lamenu;Christianity;Melanesia;75;
Baelelea;Solomon Islands;BP;16500;-8.42131;160.7153;Baelelea;Christianity;Melanesia;75;
Baeggu;Solomon Islands;BP;11000;-8.49429;160.76697;Baeggu;Christianity;Melanesia;75;
Southern Efate;Vanuatu;NH;10500;-17.70063;168.37659;Efate, South;Christianity;Melanesia;75;
Bukawa;Papua New Guinea;PP;20000;-6.703546;147.004318;Bugawac;Christianity;Melanesia;75;
Mala;India;IN;7615000;16.336921;80.019061;Telugu;Hinduism;Southern Asia;75;
Konda Kapu;India;IN;18500;16.993906;82.246173;Telugu;Hinduism;Southern Asia;10;
Halam;India;IN;69500;23.834004;91.27776;Kok Borok;Hinduism;Southern Asia;75;
Mangala;India;IN;2265000;16.260363;80.49076;Telugu;Hinduism;Southern Asia;10;
Sindhi (Marathi);India;IN;719000;23.543532;69.530298;Marathi;Hinduism;Southern Asia;10;
Mala Dasari;India;IN;30500;15.832869;78.040759;Telugu;Hinduism;Southern Asia;75;
Konda Dhora;India;IN;353000;18.451701;83.663656;Konda-Dora;Hinduism;Southern Asia;10;
Kabui Naga;India;IN;121000;25.239986;93.854609;Naga, Rongmei;Christianity;Southern Asia;75;
Kaibarta;India;IN;2780000;26.290763;92.688626;Assamese;Hinduism;Southern Asia;10;
Konda Reddi;India;IN;151000;17.357831;82.00743;Telugu;Hinduism;Southern Asia;10;
Boya;India;IN;4710000;14.880433;77.461202;Telugu;Hinduism;Southern Asia;10;
Bhumija;India;IN;1150000;22.75592;86.206159;Mundari;Hinduism;Southern Asia;10;
Northeastern Samo;Burkina Faso;UV;78000;13.312;-2.908;Samo, Maya;Islam;Western Africa;75;
Campuon;Cambodia;CB;31000;13.56447;107.24544;Tampuan;Ethnoreligion;South-Eastern Asia;10;
Sonsorol;Palau;PS;900;7.3626;134.5462;Palauan;Christianity;Micronesia;75;
Lingala;Congo, Democratic Republic of the;CG;4195000;0.53554;25.1872;Lingala;Christianity;Middle Africa;75;
Hamar;Sudan;SU;601000;15.465707;36.394913;Arabic, Sudanese;Islam;Northern Africa;10;
Ditammari;Benin;BN;271000;10.1856;1.33444;Ditammari;Ethnoreligion;Western Africa;10;
Shilluk;South Sudan;OD;427000;9.534894;31.661699;Shilluk;Ethnoreligion;Northern Africa;10;
Falam Chin;Myanmar;BM;147000;22.908633;93.677428;Chin, Falam;Christianity;South-Eastern Asia;75;
Ossetians;Russian Federation;RS;447000;43.1991;44.5209;Ossetic;Christianity;Eastern Europe;10;
Rwandese;Rwanda;RW;13680000;-2.06127;29.87638;Kinyarwanda;Christianity;Eastern Africa;75;
Central Bontoc;Philippines;RP;701000;17.09386;121.02662;Bontok, Central;Christianity;South-Eastern Asia;75;
Akha;China;CH;308000;22.98235;102.78667;Hani;Ethnoreligion;Eastern Asia;10;
Tagabawa Manobo;Philippines;RP;69000;6.9712;125.17494;Tagabawa;Ethnoreligion;South-Eastern Asia;75;
Pontic Greeks;Türkiye;TU;4000;40.9826;39.7278;Turkish;Islam;Western Asia;10;
Tai Leng;Myanmar;BM;100000;21.706125;98.655681;Shan;Buddhism;South-Eastern Asia;0;
Lebou;Senegal;SG;241000;14.774668;-17.361203;Wolof;Islam;Western Africa;10;
Tira;Sudan;SU;40500;10.8974;30.5054;Tira;Ethnoreligion;Northern Africa;10;
Kroeung;Cambodia;CB;22500;13.56989;106.76134;Krung;Ethnoreligion;South-Eastern Asia;10;
Tobians;Palau;PS;400;7.3466;134.4944;Palauan;Christianity;Micronesia;75;
Dawei;Myanmar;BM;600000;13.747384;98.346305;Tavoyan;Buddhism;South-Eastern Asia;10;
Bassa-Kontagora;Nigeria;NI;30000;10.6746;5.741;Hausa;Islam;Western Africa;75;
Cebuano;Philippines;RP;23190000;7.071867;125.600776;Cebuano;Christianity;South-Eastern Asia;75;
Hasania;Sudan;SU;1015000;17.6994;33.9936;Arabic, Sudanese;Islam;Northern Africa;0;
Hindu Arain;India;IN;408000;30.126695;76.733652;Haryanvi;Hinduism;Southern Asia;10;
Kuwaiti Shia Arabs;Kuwait;KU;460000;29.266246;48.054637;Arabic, Gulf;Islam;Western Asia;10;
Sindhi (Chhattisgarhi);India;IN;131000;21.735964;81.941246;Chhattisgarhi;Hinduism;Southern Asia;10;
Agul;Russian Federation;RS;29000;41.782;47.594;Aghul;Islam;Eastern Europe;0;
Batahin;Sudan;SU;344000;17.112;33.7414;Arabic, Sudanese;Islam;Northern Africa;0;
Maalia;Sudan;SU;155000;13.629689;25.347754;Arabic, Sudanese;Islam;Northern Africa;0;
Yazeed;Sudan;SU;601000;13.344915;30.07883;Arabic, Sudanese;Islam;Northern Africa;0;
Sherifi;Sudan;SU;263000;13.887744;28.683327;Arabic, Sudanese;Islam;Northern Africa;0;
Tungur;Sudan;SU;361000;14.473823;24.58212;Arabic, Sudanese;Islam;Northern Africa;10;
Kawahia;Sudan;SU;1370000;13.1953;30.2203;Arabic, Sudanese;Islam;Northern Africa;0;
Dar Hamid;Sudan;SU;1060000;14.555791;29.770572;Arabic, Sudanese;Islam;Northern Africa;0;
Bederia;Sudan;SU;1325000;13.1884;30.2425;Arabic, Sudanese;Islam;Northern Africa;0;
Shaikia;Sudan;SU;1395000;18.2668;33.8969;Arabic, Sudanese;Islam;Northern Africa;10;
Fezara;Sudan;SU;466000;15.399081;31.289023;Arabic, Sudanese;Islam;Northern Africa;0;
Gawamaa;Sudan;SU;1395000;14.139107;25.541013;Arabic, Sudanese;Islam;Northern Africa;0;
Guhayna;Sudan;SU;1995000;14.361082;29.307871;Arabic, Sudanese;Islam;Northern Africa;0;
Husseinat;Sudan;SU;219000;14.329939;32.23526;Arabic, Sudanese;Islam;Northern Africa;0;
Dubasiyin;Sudan;SU;143000;14.937186;23.737246;Arabic, Sudanese;Islam;Northern Africa;0;
Kerarish;Sudan;SU;61000;19.393051;30.466575;Arabic, Sudanese;Islam;Northern Africa;0;
Rizeiqat;Sudan;SU;566000;14.043763;23.03659;Arabic, Sudanese;Islam;Northern Africa;0;
Lahawin;Sudan;SU;251000;13.1511;33.9185;Arabic, Sudanese;Islam;Northern Africa;0;
Kineenawi;Sudan;SU;36500;16.699715;33.420548;Arabic, Sudanese;Islam;Northern Africa;0;
Rufaa;Sudan;SU;811000;14.764229;33.369994;Arabic, Sudanese;Ethnoreligion;Northern Africa;0;
Awlad Hassan;Sudan;SU;171000;15.542924;23.952739;Arabic, Sudanese;Islam;Northern Africa;0;
Selim;Sudan;SU;84000;13.952;32.436;Arabic, Sudanese;Islam;Northern Africa;0;
Shuweihat;Sudan;SU;141000;12.156282;27.331555;Arabic, Sudanese;Islam;Northern Africa;0;
Berti;Sudan;SU;452000;14.762448;25.864171;Arabic, Sudanese;Islam;Northern Africa;0;
Liri;Sudan;SU;11000;10.570678;29.657727;Arabic, Sudanese;Islam;Northern Africa;0;
Bedouin;Kuwait;KU;4900;28.9538;48.151;Arabic, Gulf;Islam;Western Asia;0;
Mahamid;Chad;CD;28500;13.8337;20.8366;Arabic, Chadian;Islam;Middle Africa;0;
Jordanian Arabs;Syria;SY;39500;33.475;36.326;Arabic, Levantine;Islam;Western Asia;0;
Palestinian Arabs;Syria;SY;555000;33.479501;36.2835;Arabic, Levantine;Islam;Western Asia;0;
Marsh Arabs;Iraq;IZ;52500;31.062404;47.053805;Arabic, Mesopotamian;Islam;Western Asia;0;
Mandaeans;Iraq;IZ;35500;30.5103;47.8384;Arabic, Mesopotamian;Ethnoreligion;Western Asia;0;
Akhdam;Yemen;YM;1845000;15.380277;44.229043;Arabic, Ta’izzi-Adeni;Islam;Western Asia;0;
Tai Peung;Laos;LA;1900;19.681037;103.501914;Lao;Ethnoreligion;South-Eastern Asia;0;
Kreda;Chad;CD;154000;13.1353;15.5668;Dazaga;Islam;Middle Africa;10;
Bulgeda;Chad;CD;55500;14.123951;15.321201;Dazaga;Islam;Middle Africa;0;
Tahanag;Laos;LA;550;15.201382;106.286946;Lao;Ethnoreligion;South-Eastern Asia;0;
Tchaho;Laos;LA;475;22.2951;101.7971;Lao;Ethnoreligion;South-Eastern Asia;0;
Poumong;Laos;LA;1700;21.387803;101.970249;Lao;Ethnoreligion;South-Eastern Asia;0;
Machhiyara;India;IN;190000;22.47;70.07;Kacchi;Islam;Southern Asia;0;
Nagbansi;India;IN;31000;23.795653;86.430386;Sadri;Hinduism;Southern Asia;0;
Jews;Türkiye;TU;20000;41.03;28.974;Turkish;Judaism;Western Asia;0;
Laz;Türkiye;TU;175000;41.337435;41.511985;Turkish;Islam;Western Asia;10;
Timbuktu Malian Tamasheq;Niger;NG;15500;14.209869;1.456184;Tamajaq, Tawallammat;Islam;Western Africa;0;
Lawi;Laos;LA;1000;15.27092;106.793375;Lao;Ethnoreligion;South-Eastern Asia;0;
Poussang;Laos;LA;3500;21.223521;101.969361;Lao;Ethnoreligion;South-Eastern Asia;0;
Guinean;Spain;SP;12500;40.4611;-3.6341;Spanish;Christianity;Southern Europe;0;
Nigerians;United Kingdom;UK;106000;52.527298;-1.999852;English;Islam;Northern Europe;10;
Muda;China;CH;3100;21.980276;100.854308;Hani;Ethnoreligion;Eastern Asia;0;
Gandla;India;IN;2000;15.50798;80.050335;Telugu;Hinduism;Southern Asia;0;
Banai;India;IN;650;25.56535;90.228114;Assamese;Hinduism;Southern Asia;0;
Irika;India;IN;750;20.462521;85.88299;Telugu;Hinduism;Southern Asia;0;
Musti Chenchu;India;IN;1800;16.298643;80.093177;Telugu;Hinduism;Southern Asia;0;
Madiga Dasu;India;IN;7400;16.390569;80.008775;Telugu;Hinduism;Southern Asia;0;
Manna Dhora;India;IN;21500;17.686816;83.218482;Telugu;Hinduism;Southern Asia;0;
Agaria;India;IN;25000;23.242725;69.672364;Kacchi;Islam;Southern Asia;0;
Samanthan;India;IN;30000;9.931233;76.267304;Malayalam;Hinduism;Southern Asia;0;
Takari;India;IN;475;18.15;74.58;Telugu;Hinduism;Southern Asia;0;
Gavara;India;IN;261000;17.6828;83.1755;Telugu;Hinduism;Southern Asia;0;
Buna;India;IN;889000;19.878571;85.721266;Odia;Hinduism;Southern Asia;10;
Kapewar;India;IN;79500;19.95;79.3;Telugu;Hinduism;Southern Asia;0;
Majjula;India;IN;21500;18.469733;83.471369;Telugu;Hinduism;Southern Asia;0;
Western Gaisu;China;CH;1600;24.2245;99.6172;Chinese, Mandarin;Ethnoreligion;Eastern Asia;0;
Xialusi;China;CH;4000;26.010216;108.834527;Chinese, Mandarin;Ethnoreligion;Eastern Asia;10;
Longjia;China;CH;4800;25.571016;105.020554;Chinese, Mandarin;Ethnoreligion;Eastern Asia;0;
Western Samadu;China;CH;10500;24.0794;98.970851;Chinese, Mandarin;Ethnoreligion;Eastern Asia;0;
Xijima;China;CH;50500;24.422056;100.136895;Chinese, Mandarin;Ethnoreligion;Eastern Asia;0;
Qixingmin;China;CH;7300;26.4579;105.1437;Chinese, Mandarin;Buddhism;Eastern Asia;0;
Diao;China;CH;2700;26.016144;108.660288;Chinese, Mandarin;Ethnoreligion;Eastern Asia;0;
Shenzhou;China;CH;5200;26.2481;105.915;Chinese, Mandarin;Ethnoreligion;Eastern Asia;0;
Ayizi;China;CH;950;24.9469;103.1846;Chinese, Mandarin;Ethnoreligion;Eastern Asia;10;
Liujia;China;CH;5100;25.512987;105.004226;Chinese, Mandarin;Ethnoreligion;Eastern Asia;0;
Yizi;China;CH;3000;27.391;105.2291;Chinese, Mandarin;Ethnoreligion;Eastern Asia;0;
Doupo;China;CH;950;25.065341;102.35921;Nuosu;Ethnoreligion;Eastern Asia;0;
Naheng;China;CH;2000;26.8884;100.929575;Naxi;Ethnoreligion;Eastern Asia;0;
Apu;China;CH;4200;22.780107;103.495399;Nuosu;Ethnoreligion;Eastern Asia;0;
Youmai;China;CH;2700;25.554249;108.00419;Iu Mien;Ethnoreligion;Eastern Asia;0;
Aling;China;CH;9500;24.8991;103.9697;Nasu, Wusa;Ethnoreligion;Eastern Asia;0;
Tagu;China;CH;5600;26.7729;100.966;Nuosu;Ethnoreligion;Eastern Asia;0;
Ta'er;China;CH;1600;27.288024;100.852724;Nuosu;Ethnoreligion;Eastern Asia;0;
Muzi;China;CH;2500;23.1876;103.3876;Nuosu;Ethnoreligion;Eastern Asia;0;
Liude;China;CH;2300;26.73843;100.663028;Nuosu;Ethnoreligion;Eastern Asia;0;
Digao;China;CH;37000;23.790608;103.498655;Chinese, Mandarin;Ethnoreligion;Eastern Asia;10;
Naza;China;CH;2200;26.679525;100.738924;Nuosu;Ethnoreligion;Eastern Asia;10;
Tushu;China;CH;8000;27.277;104.0711;Nasu, Wusa;Ethnoreligion;Eastern Asia;10;
Northern Awu;China;CH;5900;26.7028;100.7514;Nuosu;Ethnoreligion;Eastern Asia;0;
Eastern Samadu;China;CH;800;24.961753;102.786146;Chinese, Mandarin;Ethnoreligion;Eastern Asia;0;
Nanjingren;China;CH;2400;26.5803;104.869;Chinese, Mandarin;Ethnoreligion;Eastern Asia;0;
Suodi Nosu;China;CH;305000;26.865702;102.376292;Nuosu;Ethnoreligion;Eastern Asia;0;
Sanie;China;CH;40500;24.957;102.5811;Nasu, Wusa;Ethnoreligion;Eastern Asia;10;
Panxian Nasu;China;CH;477000;25.8352;104.5535;Nasu, Wusa;Ethnoreligion;Eastern Asia;0;
Jinghong Nasu;China;CH;30500;21.996375;100.734323;Nuosu;Ethnoreligion;Eastern Asia;10;
Wumeng;China;CH;61000;27.324825;103.739682;Nasu, Wusa;Ethnoreligion;Eastern Asia;75;
Mangbu Nosu;China;CH;104000;27.471058;104.913504;Nasu, Wusa;Ethnoreligion;Eastern Asia;10;
Laba;China;CH;291000;26.234184;104.84478;Chinese, Mandarin;Ethnoreligion;Eastern Asia;0;
Hkauri;China;CH;40;24.554233;97.605229;Tibetan, Central;Christianity;Eastern Asia;75;
Shuixi Nosu;China;CH;386000;27.631935;105.480151;Nasu, Wusa;Ethnoreligion;Eastern Asia;10;
Sanqiao;China;CH;6900;26.0052;109.1271;Dong, Southern;Ethnoreligion;Eastern Asia;0;
Tianba Nosu;China;CH;137000;28.971889;102.771455;Nuosu;Ethnoreligion;Eastern Asia;75;
Lu;China;CH;4700;27.163067;105.696229;Chinese, Mandarin;Ethnoreligion;Eastern Asia;0;
Northern Naxi;China;CH;3500;28.7803;98.7068;Naxi;Buddhism;Eastern Asia;75;
Butuo Nosu;China;CH;337000;27.604529;102.875186;Nuosu;Ethnoreligion;Eastern Asia;0;
Za;China;CH;3400;28.4799;97.0792;Tibetan, Amdo;Buddhism;Eastern Asia;0;
Niueans;Niue;NE;1900;-19.05012;-169.86309;Niue;Christianity;Polynesia;75;
Tasiriki;Vanuatu;NH;1800;-15.569;166.772;Akei;Christianity;Melanesia;75;
Southwest Tannese;Vanuatu;NH;8900;-19.57953;169.35603;Tanna, Southwest;Christianity;Melanesia;75;
Batad Ifugao;Philippines;RP;130000;16.82656;121.23011;Ifugao, Batad;Ethnoreligion;South-Eastern Asia;75;
Kalanguya;Philippines;RP;142000;16.78986;120.99378;Kalanguya;Ethnoreligion;South-Eastern Asia;75;
B'laan Davao;Philippines;RP;111000;6.403878;125.195436;Blaan, Koronadal;Ethnoreligion;South-Eastern Asia;75;
North Ambrym Islanders;Vanuatu;NH;9300;-16.17409;168.13987;Ambrym, North;Christianity;Melanesia;75;
North Tannese;Vanuatu;NH;8900;-19.37332;169.30251;Tanna, North;Christianity;Melanesia;75;
Niuatoputapu;Tonga;TN;1900;-21.2619;-175.1403;Tongan;Christianity;Polynesia;75;
Lau;Solomon Islands;BP;32000;-8.5067;160.8889;Lau;Christianity;Melanesia;75;
North Efate Ngunese;Vanuatu;NH;17000;-17.57743;168.3753;Efate, North;Christianity;Melanesia;75;
Erromangens;Vanuatu;NH;3400;-18.81812;169.16608;Sie;Christianity;Melanesia;75;
Manguangan;Philippines;RP;12000;7.570783;125.803895;Manobo, Dibabawon;Ethnoreligion;South-Eastern Asia;0;
Tetum;Timor-Leste;TT;561000;-9.035007;126.006588;Tetun Dili;Christianity;South-Eastern Asia;75;
Narau;Indonesia;ID;150;-3.4806;140.0501;Indonesian;Christianity;South-Eastern Asia;75;
Mambai;Timor-Leste;TT;254000;-8.75698;125.566916;Mambae;Christianity;South-Eastern Asia;75;
Javanese;Malaysia;MY;723000;4.260876;117.893636;Malay, Sabah;Islam;South-Eastern Asia;0;
Southern Jiarong;China;CH;58500;31.566;101.928;Jiarong;Buddhism;Eastern Asia;10;
Northern Irish;United Kingdom;UK;1655000;54.597009;-5.948382;English;Unaffiliated;Northern Europe;75;
Welsh;United Kingdom;UK;3390000;51.97481;-4.22094;English;Unaffiliated;Northern Europe;75;
Lolopo;China;CH;701000;24.9142;101.53;Lolopo;Ethnoreligion;Eastern Asia;10;
Dolgans;Russian Federation;RS;7100;71.10828;94.29358;Russian;Ethnoreligion;Eastern Europe;0;
Hmong Daw;China;CH;1835000;27.3417;105.4966;Hmong Daw;Ethnoreligion;Eastern Asia;10;
Dagoda;Timor-Leste;TT;49000;-8.49464;127.08042;Fataluku;Christianity;South-Eastern Asia;10;
Semandang;Indonesia;ID;55000;-0.621;110.4309;Semandang;Ethnoreligion;South-Eastern Asia;75;
Russians;Russian Federation;RS;108710000;55.773579;37.569871;Russian;Unaffiliated;Eastern Europe;10;
Khmer;Cambodia;CB;15690000;11.575118;104.906001;Khmer;Buddhism;South-Eastern Asia;10;
Rakhine;Myanmar;BM;2195000;19.71212;93.74261;Rakhine;Buddhism;South-Eastern Asia;10;
Niuafoou;Tonga;TN;750;-15.602375;-175.670776;Niuafo’ou;Christianity;Polynesia;75;
Yinuo Nosu;China;CH;810000;28.043782;102.44427;Nuosu;Ethnoreligion;Eastern Asia;0;
Napuanmen Tannese;Vanuatu;NH;13500;-19.50195;169.38113;Whitesands;Christianity;Melanesia;75;
Taoping Qiang;China;CH;10500;31.56351;103.420537;Qiang, Southern;Ethnoreligion;Eastern Asia;10;
Qiangyi;China;CH;17000;25.512618;100.587804;Qiang, Southern;Ethnoreligion;Eastern Asia;10;
Mansi;Russian Federation;RS;12500;64.41179;61.34397;Mansi (Russian Federation);Ethnoreligion;Eastern Europe;0;
Bicolano;Philippines;RP;7745000;13.630421;123.190216;Bikol, Central;Christianity;South-Eastern Asia;10;
Xiandao;China;CH;200;24.5458;97.90515;Achang;Christianity;Eastern Asia;75;
A'ou;China;CH;2700;26.8987;105.7893;Chinese, Mandarin;Ethnoreligion;Eastern Asia;0;
North Raga (Lamalanga);Vanuatu;NH;11500;-15.54323;168.16713;Hano;Christianity;Melanesia;75;
Altai;Russian Federation;RS;74000;50.2709;85.5955;Altai, Southern;Ethnoreligion;Eastern Europe;10;
Linghua;China;CH;28500;26.0551;109.9204;Chinese, Mandarin;Ethnoreligion;Eastern Asia;0;
Sanlong Qiang;China;CH;32000;31.782012;103.569586;Qiang, Southern;Ethnoreligion;Eastern Asia;10;
Chuvash;Russian Federation;RS;1635000;55.48701;47.16298;Chuvash;Unaffiliated;Eastern Europe;10;
Balkan Romani;Serbia;RI;275000;44.7786;20.5221;Romani, Balkan;Ethnoreligion;Southern Europe;10;
Tabasaran;Russian Federation;RS;132000;42.01976;47.83791;Tabasaran;Islam;Eastern Europe;10;
Bembi;Papua New Guinea;PP;4600;-3.17868;141.554535;Momu;Christianity;Melanesia;75;
Lezghi;Russian Federation;RS;474000;41.51572;47.89507;Lezgi;Islam;Eastern Europe;10;
Bashkir;Russian Federation;RS;1705000;53.59671;56.55937;Bashkort;Islam;Eastern Europe;10;
Korwa;India;IN;251000;23.12406;83.195843;Sadri;Hinduism;Southern Asia;10;
Ngoni;Malawi;MI;313000;-11.897096;33.602332;Tumbuka;Ethnoreligion;Eastern Africa;10;
Katiati;Papua New Guinea;PP;11500;-4.83462;145.05864;Mum;Christianity;Melanesia;75;
Sambio;Papua New Guinea;PP;9000;-7.05732;146.52882;Kapin;Christianity;Melanesia;75;
Isi Kilmeri;Papua New Guinea;PP;2800;-2.920366;141.295764;Kilmeri;Christianity;Melanesia;75;
Karua;Papua New Guinea;PP;4600;-5.370624;150.045568;Bola;Christianity;Melanesia;75;
Genagane;Papua New Guinea;PP;3500;-5.862653;144.912513;Kuman (Papua New Guinea);Christianity;Melanesia;75;
Bumbita Arapesh;Papua New Guinea;PP;8800;-3.65508;142.8592;Weri;Christianity;Melanesia;75;
Anuki;Papua New Guinea;PP;1100;-9.6692;149.82236;Anuki;Christianity;Melanesia;75;
Southwest Bay;Vanuatu;NH;1100;-16.51163;167.47696;Nahavaq;Christianity;Melanesia;75;
Lumun;Sudan;SU;15000;10.831472;30.228056;Lumun;Christianity;Northern Africa;10;
Bikaru;Papua New Guinea;PP;350;-4.86;142.94523;Bisorio;Ethnoreligion;Melanesia;10;
Udin;Azerbaijan;AJ;5600;40.914;47.721;Udi;Christianity;Western Asia;10;
Ingush;Russian Federation;RS;445000;43.225505;44.768888;Ingush;Islam;Eastern Europe;10;
Hemshin;Türkiye;TU;14000;40.9745;40.6077;Armenian, Western;Islam;Western Asia;10;
Bezhita;Russian Federation;RS;9000;42.1283;46.1475;Bezhta;Islam;Eastern Europe;10;
Ifora Tuareg;Algeria;AG;24000;22.8962;4.8382;Tamahaq, Tahaggart;Islam;Northern Africa;0;
Bo;Papua New Guinea;PP;225;-4.327628;141.379405;Bo (Papua New Guinea);Ethnoreligion;Melanesia;10;
Lak;Russian Federation;RS;179000;42.13275;47.0809;Lak;Islam;Eastern Europe;10;
Godari;India;IN;1300;17.686816;83.218482;Telugu;Hinduism;Southern Asia;0;
Andi;Russian Federation;RS;40000;42.80785;46.29187;Andi;Islam;Eastern Europe;0;
Dargin;Russian Federation;RS;420000;42.4373;47.327397;Dargwa;Islam;Eastern Europe;10;
Tsez;Russian Federation;RS;20000;42.162175;45.944609;Dido;Islam;Eastern Europe;10;
Shahara;Saudi Arabia;SA;47000;24.601318;46.687965;Shehri;Islam;Western Asia;0;
Kendeje;Chad;CD;4100;13.4671;21.6818;Kendeje;Islam;Middle Africa;0;
Suafa Bedouin;Algeria;AG;150000;33.3709;6.8544;Tamazight, Central Atlas;Islam;Northern Africa;0;
Nawars;United Arab Emirates;AE;76500;25.277253;55.322617;Arabic, Gulf;Islam;Western Asia;0;
Berta;Sudan;SU;263000;9.993803;34.157336;Berta;Ethnoreligion;Northern Africa;10;
Kunama;Sudan;SU;32000;15.222433;36.475305;Kunama;Islam;Northern Africa;0;
Chenoua;Algeria;AG;108000;36.59171;2.19899;Chenoua;Islam;Northern Africa;0;
Ruarha Bedouins;Algeria;AG;86000;33.525464;6.01443;Tamazight, Central Atlas;Islam;Northern Africa;0;
Dui-Menia Bedouin;Algeria;AG;86000;30.5967;2.8771;Tamazight, Central Atlas;Islam;Northern Africa;0;
Mahra;Saudi Arabia;SA;44000;17.488214;47.108335;Mehri;Islam;Western Asia;0;
Nail Bedouin;Algeria;AG;40500;34.535;3.7696;Tamazight, Central Atlas;Islam;Northern Africa;0;
Komi;Kazakhstan;KZ;3400;43.3452;76.9744;Komi-Zyrian;Christianity;Central Asia;0;
Mordvinians;Turkmenistan;TX;2300;42.336075;59.134163;Erzya;Christianity;Central Asia;0;
Bukharic Jews;Kyrgyzstan;KG;550;42.879409;74.554782;Bukharic;Judaism;Central Asia;0;
Yemeni Jews;United States;US;25000;40.63882;-74.01553;Arabic, Judeo-Yemeni;Judaism;Northern America;0;
Bukharic Jews;Kazakhstan;KZ;2100;43.27223;76.920222;Bukharic;Judaism;Central Asia;0;
Assyrians;Iran;IR;105000;37.44358;45.14026;Assyrian Neo-Aramaic;Christianity;Southern Asia;0;
Tacho;Sudan;SU;22500;10.742694;30.219028;Tocho;Islam;Northern Africa;0;
Mountain Jews;United States;US;10000;40.63958;-73.97382;Judeo-Tat;Judaism;Northern America;0;
Chuvash;Tajikistan;TI;5200;38.579883;68.728809;Chuvash;Christianity;Central Asia;0;
Bisayas;United States;US;15000;32.8149;-96.80174;Bisaya, Sabah;Islam;Northern America;0;
Assyrians;Türkiye;TU;29000;37.1152;41.19469;Assyrian Neo-Aramaic;Christianity;Western Asia;0;
Gagauzes;Kazakhstan;KZ;1200;43.248963;76.926859;Gagauz;Christianity;Central Asia;0;
Meadow Mari;Kazakhstan;KZ;8700;51.239272;51.402406;Mari, Meadow;Christianity;Central Asia;0;
Tay;United States;US;700;33.86276;-117.930751;Tày;Ethnoreligion;Northern America;0;
Comorians;Canada;CA;45;43.772376;-79.314964;Comorian, Maore;Islam;Northern America;0;
Chuvash;Turkmenistan;TX;4200;41.884814;59.621983;Chuvash;Christianity;Central Asia;0;
Pana;China;CH;5400;21.246492;101.27182;Phana’;Ethnoreligion;Eastern Asia;0;
Mel;Cambodia;CB;3000;12.7293;106.0394;Mel-Khaonh;Buddhism;South-Eastern Asia;10;
Budukh;Azerbaijan;AJ;200;41.1853;48.3662;Budukh;Islam;Western Asia;10;
Doms;Jordan;JO;12000;31.8688;36.0043;Domari;Islam;Western Asia;0;
Northern Muji;China;CH;17500;23.1793;103.5292;Muji, Northern;Ethnoreligion;Eastern Asia;0;
Tai Laan;Laos;LA;750;19.632409;103.561381;Undetermined;Ethnoreligion;South-Eastern Asia;0;
Por;Cambodia;CB;1800;13.593;105.02774;Pear;Ethnoreligion;South-Eastern Asia;10;
Chut;Laos;LA;1500;17.644386;105.760697;Chut;Ethnoreligion;South-Eastern Asia;0;
Kri;Laos;LA;1400;17.557929;105.7526;Halang;Ethnoreligion;South-Eastern Asia;0;
Khinalug;Azerbaijan;AJ;2700;41.18;48.121;Khinalugh;Islam;Western Asia;10;
Tai He;Laos;LA;15000;18.488164;104.403277;Undetermined;Ethnoreligion;South-Eastern Asia;0;
Karata;Russian Federation;RS;6400;42.5951;46.3388;Karata;Islam;Eastern Europe;0;
Bagvalal;Russian Federation;RS;6500;42.537596;46.128455;Bagvalal;Islam;Eastern Europe;0;
Ginukh;Russian Federation;RS;225;42.179;45.985;Hinukh;Islam;Eastern Europe;10;
Godoberi;Russian Federation;RS;3000;42.6291;46.1168;Ghodoberi;Islam;Eastern Europe;10;
Tindi;Russian Federation;RS;6700;42.45;46.136;Tindi;Islam;Eastern Europe;0;
Chak;Myanmar;BM;1800;20.7646;92.6249;Chak;Buddhism;South-Eastern Asia;0;
Chamalal;Russian Federation;RS;9500;42.520961;45.9703;Chamalal;Islam;Eastern Europe;0;
Hunzib;Russian Federation;RS;2000;42.1445;46.2533;Hunzib;Islam;Eastern Europe;10;
Akhwakh;Russian Federation;RS;6500;42.40035;46.30369;Akhvakh;Islam;Eastern Europe;0;
Khwarshi;Russian Federation;RS;4000;42.3521;46.1046;Khvarshi;Islam;Eastern Europe;0;
Makwe;Tanzania;TZ;158000;-10.4673;40.02737;Makwe;Islam;Eastern Africa;10;
Laowu;China;CH;10500;22.7393;102.7273;Nisu, Eastern;Ethnoreligion;Eastern Asia;0;
Rao;China;CH;14500;26.462498;107.52825;T’en;Ethnoreligion;Eastern Asia;0;
Pengzi;China;CH;350;23.93791;99.220978;Lalo, Central;Ethnoreligion;Eastern Asia;10;
Azong;China;CH;1700;22.7383;101.9779;Nisu, Eastern;Ethnoreligion;Eastern Asia;10;
Xuzhang Lalu;China;CH;6800;25.0718;99.3033;Lalo, Central;Ethnoreligion;Eastern Asia;0;
Alu;China;CH;9300;22.883344;102.744099;Nisu, Eastern;Ethnoreligion;Eastern Asia;0;
Micha;China;CH;8900;25.656173;102.280175;Miqie;Ethnoreligion;Eastern Asia;10;
Guaigun;China;CH;700;23.6713;100.962;Undetermined;Ethnoreligion;Eastern Asia;0;
Ainu;China;CH;11000;38.930205;76.169596;Ainu (China);Islam;Eastern Asia;0;
Mulao Jia;China;CH;39500;26.480168;107.540229;Mulam;Ethnoreligion;Eastern Asia;10;
Suan;China;CH;350;24.196571;99.28634;Lalo, Central;Ethnoreligion;Eastern Asia;10;
Hagei;China;CH;3000;27.552902;106.916537;Qau;Ethnoreligion;Eastern Asia;0;
Alu;Laos;LA;8000;22.255026;101.678586;Nisu, Eastern;Ethnoreligion;South-Eastern Asia;0;
Ani;China;CH;5100;23.755117;103.52517;Axi;Ethnoreligion;Eastern Asia;0;
Changpao;China;CH;8400;25.496417;107.950481;Bunu, Bu-Nao;Ethnoreligion;Eastern Asia;0;
Chut;Vietnam;VM;6000;17.74065;105.78465;Chut;Ethnoreligion;South-Eastern Asia;0;
Tayten;Laos;LA;550;20.704517;102.676052;T’en;Ethnoreligion;South-Eastern Asia;0;
Carpathian Romani;Cyprus;CY;1000;35.137142;33.3661;Romani, Carpathian;Christianity;Western Asia;10;
Tutung;Brunei;BX;17500;4.74327;114.63828;Tutong;Ethnoreligion;South-Eastern Asia;0;
Kairui-Midik;Timor-Leste;TT;20000;-8.7877;126.134;Kairui-Midiki;Christianity;South-Eastern Asia;0;
Carolinians;Micronesia;FM;3400;9.52047;138.112104;Carolinian;Christianity;Micronesia;0;
Chamba Bedouin;Algeria;AG;99500;32.9448;3.2672;Tamazight, Central Atlas;Islam;Northern Africa;0;
Shabak;Iraq;IZ;291000;36.3642;43.2234;Shabak;Islam;Western Asia;0;
Zoogocho-Yatzachi Zapotec;United States;US;1300;34.061777;-118.277944;Zapotec, Zoogocho;Christianity;Northern America;75;
Southeastern Puebla Nahuatl;United States;US;29000;36.190346;-115.155961;Nahuatl, Southeastern Puebla;Christianity;Northern America;75;
Southeastern Triqui;United States;US;1200;45.134398;-122.834894;Triqui, Chicahuaxtla;Christianity;Northern America;75;
Cajonos Zapotec;United States;US;400;34.043478;-118.251931;Zapotec, Cajonos;Christianity;Northern America;75;
Central Tlaxiaco Mixtec;United States;US;6300;35.14243;-119.456534;Mixtec, Tijaltepec;Christianity;Northern America;10;
Western Oaxaca Mixtec;United States;US;6700;45.103752;-122.840387;Mixtec, Silacayoapan;Christianity;Northern America;75;
Yukpa;United States;US;850;25.765204;-80.30272;Yukpa;Christianity;Northern America;75;
Yalalag Zapotec;United States;US;225;34.062545;-118.308934;Zapotec, Yalálag;Christianity;Northern America;75;
Chol;United States;US;39000;37.754554;-122.413948;Chol;Christianity;Northern America;75;
Tzotzils;United States;US;76000;37.76667;-122.411804;Tzotzil;Christianity;Northern America;75;
Tzeltal;United States;US;84500;37.766534;-122.406654;Tzeltal;Christianity;Northern America;75;
Mixtepec Mixtec;United States;US;650;34.410148;-77.859596;Mixtec, Mixtepec;Christianity;Northern America;75;
Southeastern Guerrero Mixtec;United States;US;22000;32.385532;-86.251413;Mixtec, Metlatónoc;Christianity;Northern America;10;
Cakchiquel;United States;US;171000;27.061891;-80.475431;Kaqchikel;Ethnoreligion;Northern America;75;
Popti;United States;US;20500;26.931397;-80.109357;Jakalteko;Ethnoreligion;Northern America;75;
Copala Triqui;United States;US;6600;36.18281;-121.3999;Triqui, Copala;Ethnoreligion;Northern America;75;
Miskito;United States;US;225;40.705494;-73.863565;Mískito;Ethnoreligion;Northern America;75;
Puinave;United States;US;350;40.685863;-73.829063;Puinave;Ethnoreligion;Northern America;75;
Pashtun;Türkiye;TU;6700;39.971984;32.879897;Pashto, Northern;Islam;Western Asia;10;
Judeo-Persian Jews;Iran;IR;11000;35.6601;51.3571;Dzhidi;Judaism;Southern Asia;10;
Vlax Romani;United States;US;3600;45.5384;-122.6507;Romani, Vlax;Christianity;Northern America;0;
Bukharic Jews;United States;US;60000;40.719768;-73.840155;Bukharic;Judaism;Northern America;10;
Zakhrin;India;IN;550;28.12995;97.021619;Zakhring;Buddhism;Southern Asia;0;
Tai Men;Laos;LA;12500;18.33998;104.72923;Tai Yo;Ethnoreligion;South-Eastern Asia;0;
Assyrians;France;FR;3900;48.995749;2.379624;Assyrian Neo-Aramaic;Christianity;Western Europe;0;
Dorobo;Tanzania;TZ;35500;-6.861289;39.254417;Kisankasa;Ethnoreligion;Eastern Africa;10;
Ubi;Chad;CD;3300;11.777215;18.540777;Ubi;Islam;Middle Africa;10;
Botlikh;Russian Federation;RS;7200;42.665;46.22;Botlikh;Islam;Eastern Europe;0;
Manyak;China;CH;3000;29.6709;101.5951;Minyag, Western;Buddhism;Eastern Asia;0;
Jiantou Laluo;China;CH;17500;25.4106;100.2165;Lalo, Central;Ethnoreligion;Eastern Asia;10;
Lakalei;Timor-Leste;TT;4300;-8.819;125.863;Lakalei;Christianity;South-Eastern Asia;0;
Habu;Timor-Leste;TT;3600;-8.679;126.171;Habun;Christianity;South-Eastern Asia;0;
Sikkimese Bhotia;Bhutan;BT;4500;27.151533;88.855739;Sikkimese;Buddhism;Southern Asia;0;
Gao;China;CH;3600;26.15447;106.2352;Qau;Ethnoreligion;Eastern Asia;0;
Idate;Timor-Leste;TT;18000;-8.76258;125.83176;Idaté;Christianity;South-Eastern Asia;10;
Puwa;China;CH;50000;23.5127;103.3713;Phowa, Hlepho;Ethnoreligion;Eastern Asia;75;
Nisu Yi;China;CH;1415000;23.98898;102.124044;Nisu, Eastern;Ethnoreligion;Eastern Asia;10;
Yangliu Lalu;China;CH;8800;24.953995;99.103238;Lalo, Central;Ethnoreligion;Eastern Asia;10;
Duoluo;China;CH;2100;26.725216;106.05928;Duoluo;Ethnoreligion;Eastern Asia;75;
Western Luoluopo;China;CH;28000;24.4804;100.8262;Lalo, Central;Ethnoreligion;Eastern Asia;10;
Talu;China;CH;13500;26.73781;100.761857;Talu;Ethnoreligion;Eastern Asia;10;
Younuo Bunu;China;CH;29000;25.771729;110.470217;Bunu, Younuo;Ethnoreligion;Eastern Asia;0;
Boka;China;CH;28500;23.1749;103.8698;Nisu, Eastern;Ethnoreligion;Eastern Asia;10;
Mashan Miao;China;CH;263000;25.65179;106.12205;Miao, Central Mashan;Ethnoreligion;Eastern Asia;0;
Saban;Indonesia;ID;1100;3.612;115.6951;Sa’ban;Ethnoreligion;South-Eastern Asia;75;
Kalabit;Indonesia;ID;750;3.761349;115.726415;Kelabit;Christianity;South-Eastern Asia;75;
Garifuna;United States;US;71000;25.738133;-80.337287;Garifuna;Christianity;Northern America;75;
Cook Islands Maori;French Polynesia;FP;1800;-17.54504;-149.580129;Cook Islands Maori;Christianity;Polynesia;75;
Bukar Sadong;Indonesia;ID;11500;0.84633;110.72016;Bidayuh Serian;Ethnoreligion;South-Eastern Asia;75;
Butuanon;Philippines;RP;260000;8.9379;125.5305;Butuanon;Christianity;South-Eastern Asia;75;
Waimaha;Timor-Leste;TT;23500;-8.5377;126.3372;Waima’a;Christianity;South-Eastern Asia;75;
Biatah;Indonesia;ID;11500;1.10358;110.17056;Bidayuh, Biatah;Ethnoreligion;South-Eastern Asia;75;
Half-Melanesian;New Caledonia;NC;26500;-22.233;166.55;Tayo;Christianity;Melanesia;75;
Ilue;Nigeria;NI;10500;4.78618;8.25236;Ilue;Christianity;Western Africa;75;
Grass Koiari;Papua New Guinea;PP;3700;-9.51218;147.43743;Koiari;Christianity;Melanesia;75;
Kamnum;Papua New Guinea;PP;1100;-3.60472;141.981362;Awtuw;Christianity;Melanesia;75;
South Watut;Papua New Guinea;PP;2100;-6.887;146.3836;Kodut, South;Christianity;Melanesia;75;
Temain;Sudan;SU;17500;11.8275;29.3898;Temein;Islam;Northern Africa;0;
Punan;Brunei;BX;90;4.3207;114.4353;Penan, Eastern;Ethnoreligion;South-Eastern Asia;75;
Usakade;Nigeria;NI;15000;5.055;8.321;Usaghade;Christianity;Western Africa;75;
Thmaun;Cambodia;CB;1000;13.22321;106.235317;Undetermined;Christianity;South-Eastern Asia;75;
Mandobo Atas;Papua New Guinea;PP;1100;-6.8512;140.9369;Mandobo Bawah;Christianity;Melanesia;75;
Tarasag;Vanuatu;NH;1600;-14.258;167.424;Nume;Christianity;Melanesia;75;
Dambi;Papua New Guinea;PP;1500;-7.00587;146.47431;Dambi;Christianity;Melanesia;75;
Khmu;France;FR;1500;48.873861;2.380986;Khmu;Ethnoreligion;Western Europe;75;
Mobwa Karen;Myanmar;BM;4000;19.020059;96.586377;Karen, Mobwa;Christianity;South-Eastern Asia;75;
Arinua;Papua New Guinea;PP;5800;-3.83003;142.47056;Heiyoho;Christianity;Melanesia;75;
Awar;Papua New Guinea;PP;2200;-4.13554;144.83607;Awar;Christianity;Melanesia;75;
Bosngun;Papua New Guinea;PP;2600;-4.16201;144.64724;Bosmun;Christianity;Melanesia;75;
Khmu;United States;US;9300;32.770081;-117.071073;Khmu;Ethnoreligion;Northern America;75;
Turum;Sudan;SU;3200;11.603;31.0964;Tagoi;Ethnoreligion;Northern Africa;75;
O-du;Vietnam;VM;375;19.553775;104.821033;O’du;Ethnoreligion;South-Eastern Asia;75;
Bonkiman;Papua New Guinea;PP;550;-5.84007;146.73767;Bonkiman;Christianity;Melanesia;75;
Belait;Brunei;BX;1200;4.377628;114.458226;Belait;Islam;South-Eastern Asia;75;
Bunabun;Papua New Guinea;PP;2500;-4.67372;145.56213;Brem;Christianity;Melanesia;75;
Sinte Romani;Canada;CA;3900;45.467316;-73.594578;Romani, Sinte;Christianity;Northern America;75;
Bebeli;Papua New Guinea;PP;3600;-5.63282;150.32311;Bebeli;Christianity;Melanesia;75;
Trukese;Guam;GQ;7000;13.513293;144.828049;Chuukese;Christianity;Micronesia;75;
Aizi;Cote d’Ivoire;IV;35000;5.3126;-4.3707;Aizi, Tiagbamrin;Christianity;Western Africa;75;
Lezghi;Azerbaijan;AJ;440000;41.41241;48.334;Lezgi;Islam;Western Asia;10;
Alawites;Türkiye;TU;1315000;37.1398;38.7924;Arabic, Levantine;Islam;Western Asia;0;
Uyghurs;Kyrgyzstan;KG;68500;42.8427;74.561;Uyghur;Islam;Central Asia;10;
Gor;Chad;CD;163000;7.9264;16.6369;Kabba;Ethnoreligion;Middle Africa;75;
Southern Murut;Malaysia;MY;32500;4.829759;115.278605;Lundayeh;Ethnoreligion;South-Eastern Asia;75;
Bugis;Malaysia;MY;500000;4.278376;117.90068;Bugis;Islam;South-Eastern Asia;10;
Sub-Saharan Africans (English);Belgium;BE;123000;50.837647;4.346024;English;Christianity;Western Europe;75;
Amhara;Canada;CA;14000;43.722638;-79.530988;Amharic;Christianity;Northern America;75;
New Caledonians;Canada;CA;1100;49.265312;-122.982715;French;Christianity;Northern America;75;
Arabs;Greece;GR;34500;38.00544;23.738088;Arabic, Standard;Islam;Southern Europe;10;
Oromo;United States;US;7200;38.9426;-77.0239;Oromo, West Central;Ethnoreligion;Northern America;75;
Ilocano;Canada;CA;16500;43.675448;-79.440751;Ilocano;Christianity;Northern America;75;
Italians;Brazil;BR;50000;-27.096932;-48.91354;Italian;Christianity;South America;10;
Fijians;Canada;CA;9500;49.238237;-123.071089;Fijian;Christianity;Northern America;75;
Lao;United States;US;235000;36.744986;-119.711146;Lao;Buddhism;Northern America;10;
South Africans;United States;US;41500;34.021851;-118.309265;English;Christianity;Northern America;75;
Portuguese;United States;US;861000;41.931936;-71.123942;Portuguese;Christianity;Northern America;75;
Amhara;United States;US;187000;34.047009;-118.307548;Amharic;Christianity;Northern America;10;
Spaniards;United States;US;85000;27.963265;-82.446465;Spanish;Christianity;Northern America;10;
French;United States;US;2135000;30.230151;-92.034922;French;Christianity;Northern America;10;
Lebanese Arabs;United States;US;553000;42.321715;-83.223535;Arabic, Levantine;Christianity;Northern America;10;
Poles;United States;US;520000;42.892231;-78.842339;Polish;Christianity;Northern America;10;
Russians;United States;US;959000;40.708536;-73.947504;Russian;Christianity;Northern America;10;
Kachin;United States;US;175;32.577995;-97.356648;Jingpho;Christianity;Northern America;75;
S'gaw Karen;United States;US;325;35.361803;-119.012546;Karen, S’gaw;Christianity;Northern America;75;
Liberians;United States;US;107000;40.670864;-73.924896;English;Christianity;Northern America;75;
Moldovans;United States;US;48500;40.668183;-73.985381;Romanian;Christianity;Northern America;75;
Caboverdian Mestico;United States;US;309000;42.387058;-71.045992;English;Christianity;Northern America;75;
Igbo;United States;US;234000;38.951464;-76.878309;Igbo;Christianity;Northern America;75;
Kusaiean;United States;US;1300;21.355532;-157.892053;Kosraean;Christianity;Northern America;75;
Nukuoro;United States;US;225;21.395269;-157.970813;Nukuoro;Christianity;Northern America;75;
Gilbertese;United States;US;225;21.327692;-157.847319;Kiribati;Christianity;Northern America;75;
Ponapeans;United States;US;4000;21.337448;-157.929173;Pohnpeian;Christianity;Northern America;75;
Marquesan;United States;US;150;21.352201;-157.924652;Marquesan, North;Christianity;Northern America;75;
French Polynesians;United States;US;1300;21.338876;-157.869924;Tahitian;Christianity;Northern America;75;
Palauans;United States;US;4700;21.393127;-157.936311;Palauan;Christianity;Northern America;75;
Marshallese;United States;US;10500;21.343908;-157.9442;Marshallese;Christianity;Northern America;75;
Bicolano;United States;US;800;21.362194;-157.925366;Bikol, Central;Christianity;Northern America;75;
Carolinians;United States;US;225;21.360291;-157.900619;Carolinian;Christianity;Northern America;75;
Mokilese;United States;US;550;21.346966;-157.885153;Mokilese;Christianity;Northern America;75;
Tokelauans;United States;US;150;21.379327;-157.929649;Tokelauan;Christianity;Northern America;75;
Cebuano;United States;US;58000;40.730597;-74.047737;Cebuano;Christianity;Northern America;75;
Niueans;United States;US;80;21.370285;-157.934408;Niue;Christianity;Northern America;75;
Yapese;United States;US;800;21.387893;-157.946781;Yapese;Christianity;Northern America;75;
French Canadians;United States;US;2930000;42.77943;-71.472967;French;Christianity;Northern America;10;
Persians;United States;US;465000;38.91409;-76.95859;Persian, Iranian;Islam;Northern America;10;
Norwegians;United States;US;44500;45.009145;-93.30397;Norwegian;Unaffiliated;Northern America;75;
Ukrainians;United States;US;376000;40.62725;-73.960937;Ukrainian;Christianity;Northern America;10;
Swedes;United States;US;63000;34.020451;-118.489785;Swedish;Unaffiliated;Northern America;75;
Greeks;United States;US;269000;40.711883;-73.629052;Greek;Christianity;Northern America;10;
Italians;United States;US;549000;40.64014;-74.00806;Italian;Christianity;Northern America;10;
Romanians;United States;US;173000;34.042091;-118.332544;Romanian;Christianity;Northern America;75;
Welsh;United States;US;2300;40.015876;-83.005959;Welsh;Christianity;Northern America;75;
Danes;United States;US;36000;34.095984;-118.355278;Danish;Unaffiliated;Northern America;10;
Dutch;United States;US;1680000;42.94839;-85.641643;Dutch;Unaffiliated;Northern America;10;
Slovaks;United States;US;32000;40.471023;-79.92078;Slovak;Christianity;Northern America;0;
Czechs;United States;US;1320000;41.82605;-87.777719;Czech;Christianity;Northern America;10;
Cambodian Khmer;United States;US;197000;33.795705;-118.17093;Khmer;Buddhism;Northern America;10;
Finns;United States;US;39000;47.24523;-88.447586;Finnish;Unaffiliated;Northern America;75;
Assyrians;United States;US;70000;37.793971;-122.409716;Assyrian Neo-Aramaic;Christianity;Northern America;75;
Yellow Lahu;United States;US;1500;33.775348;-117.947244;Lahu Shi;Ethnoreligion;Northern America;75;
British;United States;US;773000;41.336;-72.9127;English;Christianity;Northern America;75;
Hungarians;United States;US;82500;41.451301;-81.779334;Hungarian;Christianity;Northern America;10;
Egyptian Arabs;United States;US;291000;40.550221;-74.350613;Arabic, Egyptian;Islam;Northern America;10;
Samoans;United States;US;69500;34.063343;-118.354606;Samoan;Christianity;Northern America;75;
Fijians;United States;US;4500;38.522434;-121.454884;Fijian;Christianity;Northern America;75;
Ilocano;United States;US;88500;21.361259;-157.936263;Ilocano;Christianity;Northern America;75;
Anglo-Canadian Jews;Canada;CA;282000;43.7775;-79.4438;English;Judaism;Northern America;10;
Poles;Kazakhstan;KZ;62000;43.295371;76.933441;Polish;Christianity;Central Asia;75;
Persians;Belgium;BE;12000;50.85557;4.35485;Persian, Iranian;Islam;Western Europe;10;
Italians;Venezuela;VE;123000;10.4794;-66.8625;Italian;Christianity;South America;10;
Italians;Argentina;AR;2180000;-34.650119;-58.684327;Italian;Christianity;South America;10;
Ukrainians;Brazil;BR;33500;-25.366;-49.2586;Portuguese;Christianity;South America;10;
Persians;France;FR;65500;48.849478;2.301291;Persian, Iranian;Islam;Western Europe;10;
Palestinian Arabs;Honduras;HO;21000;15.550453;-87.998441;Spanish;Islam;Central America;10;
Dutch;Sint Maarten;NN;2000;18.029952;-63.045651;Dutch;Unaffiliated;Caribbean;75;
Persians;Australia;AS;83500;-33.939155;151.075084;Persian, Iranian;Islam;Australia and New Zealand;10;
Jews;Brazil;BR;96000;-23.616283;-46.496234;Portuguese;Judaism;South America;10;
Ukrainians;Kyrgyzstan;KG;28000;42.896161;74.585284;Ukrainian;Christianity;Central Asia;75;
Koreans;Uzbekistan;UZ;254000;41.280567;69.196471;Russian;Unaffiliated;Central Asia;75;
Russians;Azerbaijan;AJ;108000;40.384084;49.822533;Russian;Unaffiliated;Western Asia;10;
Ukrainians;Uzbekistan;UZ;47000;41.27414;69.263266;Ukrainian;Christianity;Central Asia;75;
Ukrainians;Kazakhstan;KZ;415000;53.279689;69.390931;Ukrainian;Christianity;Central Asia;75;
Russian Jews;United States;US;119000;40.776427;-73.911366;Russian;Judaism;Northern America;10;
Russians;Kazakhstan;KZ;4505000;50.70514;73.65675;Russian;Christianity;Central Asia;10;
Ukrainians;Turkmenistan;TX;8400;37.939613;58.408096;Ukrainian;Christianity;Central Asia;75;
Lebanese Shia Arabs;Lebanon;LE;1045000;34.023394;36.205065;Arabic, Levantine;Islam;Western Asia;0;
Ziban Bedouins;Algeria;AG;333000;34.84624;5.745689;Hassaniyya;Islam;Northern Africa;10;
Jordanian Arabs;United Arab Emirates;AE;189000;25.284409;55.33539;Arabic, Levantine;Islam;Western Asia;0;
Lebanese Arabs;United Arab Emirates;AE;47000;25.248945;55.287687;Arabic, Levantine;Islam;Western Asia;0;
Moroccan Arabs;Algeria;AG;184000;35.672832;-0.625895;Arabic, Moroccan;Islam;Northern Africa;10;
Lebanese Arabs;Panama;PM;9500;9.358;-79.895;Arabic, Levantine;Islam;Central America;75;
Palestinian Arabs;Panama;PM;9500;9.355136;-79.902576;Arabic, Levantine;Islam;Central America;75;
Egyptian Arabs;United Kingdom;UK;45000;51.477103;-0.018642;Arabic, Egyptian;Islam;Northern Europe;10;
Egyptian Arabs;Germany;GM;25500;52.516481;13.324709;Arabic, Egyptian;Islam;Western Europe;75;
Han Chinese;Northern Mariana Islands;CQ;14000;15.170403;145.782863;Chinese, Mandarin;Ethnoreligion;Micronesia;75;
Koreans;Northern Mariana Islands;CQ;1600;15.176804;145.78034;Korean;Unaffiliated;Micronesia;75;
Koreans;Kyrgyzstan;KG;19500;42.8767;74.6363;Korean;Unaffiliated;Central Asia;75;
Han Chinese;Türkiye;TU;44500;41.047732;28.98209;Chinese, Mandarin;Unaffiliated;Western Asia;75;
Koreans;Iran;IR;17500;35.712394;51.359008;Korean;Unaffiliated;Southern Asia;75;
Koreans;Guam;GQ;4300;13.5278;144.8625;Korean;Unaffiliated;Micronesia;75;
Han Chinese;Guam;GQ;3100;13.5278;144.8625;Chinese, Mandarin;Unaffiliated;Micronesia;75;
Koreans;Kazakhstan;KZ;132000;43.327763;76.912311;Korean;Unaffiliated;Central Asia;75;
Yoruba;United States;US;152000;38.954539;-76.920896;Yoruba;Ethnoreligion;Northern America;75;
Palauans;Guam;GQ;2500;13.5278;144.8625;Palauan;Christianity;Micronesia;75;
Ilocanos;Guam;GQ;23000;13.5278;144.8625;Ilocano;Christianity;Micronesia;75;
Turks;United Kingdom;UK;62000;51.621186;-0.134341;Turkish;Islam;Northern Europe;10;
Anglo-Australians;Papua New Guinea;PP;169000;-9.454472;147.188061;English;Unaffiliated;Melanesia;75;
Azande;United States;US;13000;32.727234;-96.8683;Zande;Christianity;Northern America;75;
Gagauzes;Türkiye;TU;17000;39.9565;32.7404;Gagauz;Christianity;Western Asia;10;
Bambara;United States;US;5600;40.825938;-73.889079;Bamanankan;Islam;Northern America;10;
Jews;Panama;PM;11000;9.003;-79.516998;Hebrew;Judaism;Central America;0;
Daasanech;Kenya;KE;16500;4.5956;35.7475;Daasanach;Ethnoreligion;Eastern Africa;10;
Cook Islands Maori;United States;US;100;21.398124;-157.947495;Cook Islands Maori;Christianity;Northern America;75;
Lisu;United States;US;150;32.68005;-97.30388;Lisu;Christianity;Northern America;75;
Ukrainians;Tajikistan;TI;12500;38.528165;68.769157;Ukrainian;Christianity;Central Asia;75;
Karen;India;IN;2700;12.5;92.75;Karen, S’gaw;Christianity;Southern Asia;75;
Han Chinese;Russian Federation;RS;62000;48.483333;135.066667;Chinese, Mandarin;Unaffiliated;Eastern Europe;75;
French;New Caledonia;NC;93500;-22.269008;166.453462;French;Christianity;Melanesia;75;
Poles;Uzbekistan;UZ;3700;41.353244;69.234113;Polish;Christianity;Central Asia;75;
Mossi;United States;US;1100;40.853756;-73.871371;Moore;Islam;Northern America;75;
Sudanese Refugees;Chad;CD;371000;13.6;21.8;Arabic, Sudanese;Islam;Middle Africa;10;
Russian Jews;Germany;GM;99500;52.502896;13.359687;Russian;Judaism;Western Europe;75;
Latvians;Kazakhstan;KZ;2400;43.297001;76.897435;Latvian, Standard;Unaffiliated;Central Asia;75;
Nigerians;Netherlands;NL;3100;52.358757;4.886798;English;Christianity;Western Europe;0;
Lebanese Sunni Arabs;Lebanon;LE;1145000;34.431;35.842;Arabic, Levantine;Islam;Western Asia;0;
Central Asian Muslims;Ukraine;UP;209000;50.4328;30.4616;Russian;Islam;Eastern Europe;10;
Nigerians;United States;US;39500;29.6804;-95.6902;English;Christianity;Northern America;75;
Nigerians;Ireland;EI;20000;53.327629;-6.263658;English;Islam;Northern Europe;10;
Koreans;Turkmenistan;TX;5200;37.914256;58.370754;Korean;Unaffiliated;Central Asia;75;
Southern Pashtun;Pakistan;PK;2325000;30.200867;67.006724;Pashto, Southern;Islam;Southern Asia;10;
Lanten;Laos;LA;6300;22.003917;101.877807;Kim Mun;Ethnoreligion;South-Eastern Asia;75;
Karim-Maudi;Nigeria;NI;11500;8.8707;10.8042;Karimjo;Ethnoreligion;Western Africa;75;
Bangni;India;IN;62500;26.933851;92.8129;Urdu;Ethnoreligion;Southern Asia;75;
Kayamakhani;India;IN;33500;28.310636;74.974956;Urdu;Islam;Southern Asia;10;
Indo-Pakistani;Japan;JA;42000;35.70934;139.71356;English;Hinduism;Eastern Asia;10;
Gurkha;India;IN;106000;25.996154;91.385079;Nepali;Hinduism;Southern Asia;10;
Mag;India;IN;56500;23.60871;91.8494;Rakhine;Ethnoreligion;Southern Asia;10;
Jola;Guinea-Bissau;PU;11000;12.408;-16.0475;Jola-Fonyi;Ethnoreligion;Western Africa;10;
Congolese;Spain;SP;4800;40.379728;-3.732563;French;Christianity;Southern Europe;75;
Baroi;India;IN;68500;26.195186;92.947339;Bengali;Hinduism;Southern Asia;10;
Tanda Mayo;Guinea;GV;2300;12.486498;-13.297429;Oniyan;Islam;Western Africa;10;
Selekau;Malaysia;MY;9900;1.645736;109.778376;Kendayan;Ethnoreligion;South-Eastern Asia;75;
Nuniya;India;IN;85500;25.133847;88.085905;Bengali;Hinduism;Southern Asia;10;
Dhoba (Bengali);India;IN;856000;23.795653;86.430386;Bengali;Hinduism;Southern Asia;10;
Manem;Indonesia;ID;800;-2.97162;140.91013;Manem;Christianity;South-Eastern Asia;75;
Ikundun;Papua New Guinea;PP;3800;-4.63762;144.99148;Anamuxra;Christianity;Melanesia;75;
Gura;Nigeria;NI;23500;10.4413;9.2392;Lame;Islam;Western Africa;10;
Kumalu;Papua New Guinea;PP;9900;-7.1135;146.57028;Kumalu;Christianity;Melanesia;75;
Khmer Keh;Cambodia;CB;5200;14.036229;106.283073;Khmer, Northern;Buddhism;South-Eastern Asia;10;
Uda;Nigeria;NI;26000;4.6613;8.2009;Uda;Christianity;Western Africa;75;
Efai;Nigeria;NI;13000;4.5985;8.304;Efai;Christianity;Western Africa;75;
Iko;Nigeria;NI;13000;4.528;7.791;Iko;Christianity;Western Africa;75;
Gbe, Defi;Benin;BN;29500;6.38823;2.677359;Gbe, Defi;Christianity;Western Africa;10;
Kokola;Mozambique;MZ;135000;-16.48071;35.67712;Kokola;Ethnoreligion;Eastern Africa;10;
Galeya;Papua New Guinea;PP;3700;-9.54137;150.83581;Galeya;Christianity;Melanesia;75;
British;Canada;CA;1290000;51.0373;-114.1114;English;Christianity;Northern America;75;
Avau;Papua New Guinea;PP;20000;-6.245748;150.436914;Avau;Christianity;Melanesia;75;
Rawang;China;CH;700;27.7295;98.3119;Rawang;Christianity;Eastern Asia;75;
Iu Mien;Laos;LA;32500;20.95938;101.20843;Iu Mien;Ethnoreligion;South-Eastern Asia;10;
Lisu;India;IN;2600;27.129711;95.739717;Lisu;Christianity;Southern Asia;75;
Dorro;Papua New Guinea;PP;800;-9.136459;141.926529;Namo;Christianity;Melanesia;75;
Bembe;Tanzania;TZ;1200;-4.82027;29.61597;Bembe;Ethnoreligion;Eastern Africa;75;
Malayali;Malaysia;MY;205000;3.188334;101.691095;Malayalam;Hinduism;South-Eastern Asia;75;
Arafundi;Papua New Guinea;PP;2400;-4.845816;143.612535;Andai;Ethnoreligion;Melanesia;75;
Sowanda;Indonesia;ID;250;-3.462008;140.895797;Sowanda;Christianity;South-Eastern Asia;75;
Ndali;Malawi;MI;126000;-9.50652;33.282;Ndali;Ethnoreligion;Eastern Africa;10;
Phai;Laos;LA;28500;19.012757;101.496909;Prai;Ethnoreligion;South-Eastern Asia;0;
Brao;Cambodia;CB;9000;14.10224;107.23487;Brao;Ethnoreligion;South-Eastern Asia;75;
Bunak;Timor-Leste;TT;73000;-9.14739;125.29556;Bunak;Ethnoreligion;South-Eastern Asia;75;
Iban;Brunei;BX;24000;4.519083;114.596275;Iban;Ethnoreligion;South-Eastern Asia;0;
Lahu Shi;Laos;LA;3600;20.4053;100.1934;Lahu Shi;Ethnoreligion;South-Eastern Asia;75;
Bunong;Cambodia;CB;47500;12.61519;106.93884;Mnong, Central;Ethnoreligion;South-Eastern Asia;75;
Bwaba;Burkina Faso;UV;50500;11.41824;-2.95115;Bwamu, Cwi;Ethnoreligion;Western Africa;75;
Kachok;Cambodia;CB;3900;13.82736;107.25745;Kachok;Ethnoreligion;South-Eastern Asia;75;
Jarai;Cambodia;CB;21000;13.5378;107.48249;Jarai;Ethnoreligion;South-Eastern Asia;75;
Zou;India;IN;30000;24.24426;93.63916;Zo;Christianity;Southern Asia;75;
Binahari;Papua New Guinea;PP;2800;-10.08739;148.83482;Binahari;Christianity;Melanesia;75;
Kiribertese;Tuvalu;TV;125;-7.24364;177.148451;Kiribati;Christianity;Polynesia;75;
Bari;Congo, Democratic Republic of the;CG;33000;3.867575;30.203754;Bari;Christianity;Middle Africa;10;
Euronesians;Papua New Guinea;PP;9500;-9.419877;147.178724;English;Christianity;Melanesia;75;
Aiome;Papua New Guinea;PP;1900;-5.13467;144.76523;Aiome;Christianity;Melanesia;75;
Eurasians;Malaysia;MY;68500;3.139634;101.704717;English;Christianity;South-Eastern Asia;75;
Tetum;Indonesia;ID;56500;-9.103242;124.886875;Tetun Dili;Christianity;South-Eastern Asia;10;
Euronesians;Samoa;WS;16000;-13.8409;-171.7604;English;Christianity;Polynesia;75;
Imbinis;Papua New Guinea;PP;2200;-2.962;141.378;Pagi;Christianity;Melanesia;75;
Blé;Burkina Faso;UV;2100;10.579;-5.262;Jalkunan;Islam;Western Africa;75;
Jola-Fonyi;Gambia;GA;145000;13.19905;-16.18666;Jola-Fonyi;Islam;Western Africa;10;
Koreans;New Zealand;NZ;38000;-36.900154;174.650677;Korean;Unaffiliated;Australia and New Zealand;75;
Eastern Maninka;Mali;ML;681000;11.717267;-8.674259;Maninkakan, Eastern;Islam;Western Africa;10;
Cai;China;CH;33500;26.961723;105.461787;Gelao, Green;Ethnoreligion;Eastern Asia;0;
Blang;Myanmar;BM;16000;21.39221;100.20764;Blang;Buddhism;South-Eastern Asia;75;
Khampti;India;IN;21000;27.847351;96.219469;Khamti;Buddhism;Southern Asia;75;
Kanarese;Malaysia;MY;71500;1.475812;103.75959;Kannada;Hinduism;South-Eastern Asia;75;
Urdu;Malaysia;MY;17000;3.12513;101.691274;Urdu;Islam;South-Eastern Asia;10;
Sinhalese;Oman;MU;52000;23.60523;58.489637;Sinhala;Buddhism;Western Asia;10;
Nepalis;Qatar;QA;147000;25.295;51.506999;Nepali;Hinduism;Western Asia;10;
Sindhi;Afghanistan;AF;26500;34.517368;69.108886;Sindhi;Islam;Southern Asia;10;
Punjabis;Malaysia;MY;171000;3.007275;101.692447;Punjabi, Eastern;Sikhism;South-Eastern Asia;10;
Nepalis;Saudi Arabia;SA;423000;24.633332;46.716666;Nepali;Hinduism;Western Asia;10;
Indo-Pakistani;New Zealand;NZ;22500;-36.906891;174.912003;Hindi;Hinduism;Australia and New Zealand;75;
Nepalis;Malaysia;MY;586000;3.153415;101.729766;Nepali;Hinduism;South-Eastern Asia;10;
Nepalis;Thailand;TH;6800;13.748999;100.516666;Nepali;Hinduism;South-Eastern Asia;10;
Pakistani;United Kingdom;UK;2000000;52.476563;-1.894005;Urdu;Islam;Northern Europe;10;
Hindi;Oman;MU;129000;23.617014;58.505256;Hindi;Hinduism;Western Asia;10;
Hindi;Malaysia;MY;68500;3.139021;101.700279;Hindi;Hinduism;South-Eastern Asia;10;
Nepalis;United Arab Emirates;AE;48500;25.262204;55.399277;Nepali;Hinduism;Western Asia;10;
Gujaratis;Malaysia;MY;34000;3.045336;101.451753;Gujarati;Hinduism;South-Eastern Asia;10;
Sinhalese;Qatar;QA;57000;25.261722;51.495132;Sinhala;Buddhism;Western Asia;10;
Paliya;India;IN;192000;25.643808;88.204323;Bengali;Hinduism;Southern Asia;10;
Persians;Netherlands;NL;36000;52.390149;4.881291;Persian, Iranian;Islam;Western Europe;10;
Vlax Romani;Bosnia and Herzegovina;BK;299000;43.835;18.316;Romani, Vlax;Ethnoreligion;Southern Europe;10;
Ukrainians;Estonia;EN;33500;59.437;24.745;Ukrainian;Christianity;Northern Europe;75;
Jalia Kaibarta;India;IN;1330000;26.636;92.798;Bengali;Hinduism;Southern Asia;10;
Panamanians;United States;US;101000;25.763486;-80.374021;Spanish;Christianity;Northern America;75;
Salvadorans;United States;US;1915000;38.987584;-76.979472;Spanish;Christianity;Northern America;75;
Cubans;United States;US;2075000;25.754311;-80.260841;Spanish;Christianity;Northern America;75;
Argentines;United States;US;223000;25.858485;-80.19768;Spanish;Christianity;Northern America;75;
Colombians;United States;US;1055000;40.618793;-73.996941;Spanish;Christianity;Northern America;75;
Bolivians;United States;US;115000;38.831132;-77.207903;Spanish;Christianity;Northern America;75;
Belizean;United States;US;43500;33.968675;-118.352762;Spanish;Christianity;Northern America;75;
Chileans;United States;US;147000;40.643219;-73.97413;Spanish;Christianity;Northern America;75;
Hondurans;United States;US;1105000;25.781079;-80.211213;Spanish;Christianity;Northern America;75;
Venezuelans;United States;US;250000;25.795829;-80.345686;Spanish;Christianity;Northern America;75;
Dominicans;United States;US;1465000;40.636731;-73.926215;Spanish;Christianity;Northern America;75;
Mexicans;United States;US;13440000;34.009806;-118.282766;Spanish;Christianity;Northern America;75;
Ecuadorians;United States;US;432000;40.672678;-73.896717;Spanish;Christianity;Northern America;75;
Uruguayans;United States;US;66000;25.73058;-80.365988;Spanish;Christianity;Northern America;75;
Guatemalans;United States;US;1250000;34.146781;-118.250117;Spanish;Christianity;Northern America;75;
Nicaraguans;United States;US;259000;25.676914;-80.369693;Spanish;Christianity;Northern America;75;
Brazilians;United States;US;318000;26.07701;-80.237416;Portuguese;Christianity;Northern America;75;
Poles;Ireland;EI;124000;53.334871;-6.27708;Polish;Christianity;Northern Europe;10;
Lesser Antillean Creole;United States;US;5100;25.934675;-80.205783;Leeward Caribbean English Creole;Christianity;Northern America;75;
Haitians;United States;US;716000;25.912395;-80.188061;Haitian Creole;Christianity;Northern America;75;
Eurafricans;Namibia;WA;265000;-22.530911;17.057052;Afrikaans;Christianity;Southern Africa;10;
Afro-Guyanese;United States;US;245000;40.623328;-73.984883;Guyanese English Creole;Christianity;Northern America;75;
Russians;Poland;PL;14000;52.288143;21.063027;Russian;Christianity;Eastern Europe;0;
Russians;Ukraine;UP;7080000;45.94399;34.21125;Russian;Christianity;Eastern Europe;75;
Ukrainians;Belarus;BO;156000;52.439671;30.983533;Ukrainian;Christianity;Eastern Europe;10;
Russians;Cyprus;CY;94000;35.168194;33.36194;Russian;Christianity;Western Asia;0;
Ukrainians;Moldova;MD;213000;47.019904;28.851051;Russian;Christianity;Eastern Europe;10;
Russians;Germany;GM;260000;52.5166;13.3833;Russian;Christianity;Western Europe;75;
Ukrainians;Italy;IT;244000;41.889092;12.504486;Ukrainian;Christianity;Southern Europe;10;
Russians;Belarus;BO;777000;55.194167;30.204972;Russian;Christianity;Eastern Europe;10;
Ukrainians;Russian Federation;RS;1120000;55.751111;37.596111;Ukrainian;Christianity;Eastern Europe;75;
Moldovans;Italy;IT;125000;41.84004;12.601592;Romanian;Christianity;Southern Europe;10;
Greeks;Germany;GM;364000;50.11095;8.689907;Greek;Christianity;Western Europe;10;
Bulgarians;Spain;SP;123000;40.348879;-3.812186;Bulgarian;Christianity;Southern Europe;10;
Greeks;Russian Federation;RS;98000;44.90354;37.66053;Pontic;Christianity;Eastern Europe;0;
Romanians;Belgium;BE;125000;50.852662;4.356653;Romanian;Christianity;Western Europe;0;
Macedonians;Italy;IT;59000;41.929815;12.514875;Macedonian;Christianity;Southern Europe;0;
Romanians;Italy;IT;1300000;41.913157;12.521072;Romanian;Christianity;Southern Europe;75;
Romanians;Ireland;EI;32000;53.304114;-6.212462;Romanian;Christianity;Northern Europe;75;
Romanians;Austria;AU;84500;48.170603;16.339175;Romanian;Christianity;Western Europe;75;
Bulgarians;Germany;GM;411000;52.547622;13.368194;Bulgarian;Christianity;Western Europe;75;
Bulgarians;Belgium;BE;49500;51.216;4.4;Bulgarian;Christianity;Western Europe;0;
Romanians;Spain;SP;672000;40.475264;-3.648389;Romanian;Christianity;Southern Europe;10;
Spaniards;Germany;GM;183000;52.5038;13.4963;Spanish;Christianity;Western Europe;75;
Lithuanians;Ireland;EI;40000;53.341999;-6.256998;Lithuanian;Christianity;Northern Europe;10;
Poles;Ukraine;UP;1280000;49.63181;23.18824;Polish;Christianity;Eastern Europe;10;
Spaniards;Belgium;BE;50000;50.640045;5.570137;Spanish;Christianity;Western Europe;75;
Spaniards;Australia;AS;19000;-33.781184;151.139744;Spanish;Christianity;Australia and New Zealand;75;
Poles;Italy;IT;93500;41.853374;12.449144;Polish;Christianity;Southern Europe;0;
Poles;Belarus;BO;294000;53.668326;23.820259;Polish;Christianity;Eastern Europe;10;
Slovaks;Austria;AU;36000;48.238;16.37;Slovak;Christianity;Western Europe;10;
Italians;Germany;GM;703000;48.112767;11.51088;Italian;Christianity;Western Europe;10;
Italians;Spain;SP;229000;40.402644;-3.651487;Italian;Christianity;Southern Europe;10;
Dutch;New Zealand;NZ;36500;-36.881124;174.744088;Dutch;Unaffiliated;Australia and New Zealand;10;
Euronesians;New Caledonia;NC;14500;-22.276854;166.443612;French;Christianity;Melanesia;75;
American (Spanish);United States;US;20530000;34.171345;-118.375191;Spanish;Christianity;Northern America;75;
Bahamians;United States;US;33000;25.80524;-80.21995;Bahamas English Creole;Christianity;Northern America;75;
Haitians;Canada;CA;176000;45.527;-73.721;Haitian Creole;Christianity;Northern America;75;
Chinese-Tahitian Creole;French Polynesia;FP;300;-17.540651;-149.554311;French;Ethnoreligion;Polynesia;75;
West Indian Blacks;United States;US;168000;25.745686;-80.30481;Virgin Islands English Creole;Christianity;Northern America;75;
Euronesians;French Polynesia;FP;58500;-17.538;-149.5667;French;Christianity;Polynesia;75;
Puerto Ricans;United States;US;4030000;28.6579;-81.2925;Spanish;Christianity;Northern America;75;
Vanuatu Melanesians;New Caledonia;NC;3300;-22.262535;166.445564;Bislama;Christianity;Melanesia;75;
Japanese;Peru;PE;166000;-12.0736;-76.9828;Spanish;Ethnoreligion;South America;10;
Japanese;Bolivia;BL;21000;-16.55354;-68.195714;Spanish;Ethnoreligion;South America;0;
Han Chinese;Cambodia;CB;519000;11.5654;104.9191;Chinese, Mandarin;Ethnoreligion;South-Eastern Asia;75;
Koreans;Honduras;HO;150;14.070981;-87.179874;Korean;Unaffiliated;Central America;75;
Iliwaki;Indonesia;ID;1000;-7.9461;126.4782;Galolen;Ethnoreligion;South-Eastern Asia;75;
Koreans;Guatemala;GT;15500;14.599448;-90.495674;Korean;Unaffiliated;Central America;75;
Koreans;Spain;SP;2900;40.394634;-3.646546;Korean;Unaffiliated;Southern Europe;75;
Japanese;Panama;PM;2300;9.003425;-79.495258;Japanese;Ethnoreligion;Central America;75;
Koreans;Dominican Republic;DR;750;18.443838;-69.963309;Korean;Unaffiliated;Caribbean;75;
Karen;Australia;AS;4200;-33.86387;151.04307;Karen, Pwo Eastern;Christianity;Australia and New Zealand;10;
Eastern Phula Yi;China;CH;298000;23.48902;104.175535;Phola;Ethnoreligion;Eastern Asia;10;
Koreans;Panama;PM;325;9.022632;-79.522108;Korean;Unaffiliated;Central America;75;
Han Chinese;New Zealand;NZ;213000;-36.847385;174.765735;Chinese, Mandarin;Ethnoreligion;Australia and New Zealand;75;
Koreans;Mongolia;MG;2700;47.917982;106.992294;Korean;Unaffiliated;Eastern Asia;10;
Chuj;United States;US;450;34.826834;-82.453612;Chuj;Ethnoreligion;Northern America;75;
Waris;Indonesia;ID;1600;-3.139;140.93095;Waris;Christianity;South-Eastern Asia;75;
Tsimshian;United States;US;2700;54.83464;-130.61247;English;Christianity;Northern America;75;
Galoli;Timor-Leste;TT;17000;-8.61074;125.95904;Galolen;Christianity;South-Eastern Asia;10;
Haida;Canada;CA;1600;54.029723;-132.125889;English;Christianity;Northern America;75;
Eastern Kanjobal;United States;US;84000;34.060169;-118.270379;Q’anjob’al;Ethnoreligion;Northern America;75;
Houma;United States;US;9500;29.575766;-90.716309;English;Christianity;Northern America;75;
Menomini;United States;US;9700;44.97941;-88.63948;English;Christianity;Northern America;75;
Straits Salish;United States;US;2000;48.77067;-122.63661;English;Christianity;Northern America;75;
Mohawk;Canada;CA;30000;44.189;-77.1027;English;Christianity;Northern America;75;
Kumbokota;Solomon Islands;BP;4800;-8.089;156.5369;Ghanongga;Christianity;Melanesia;75;
Ninggrum;Indonesia;ID;2100;-5.293011;140.962067;Ninggerum;Christianity;South-Eastern Asia;75;
Seneca;Canada;CA;1000;43.0548;-80.1958;English;Christianity;Northern America;75;
Detribalized Amerindians;Canada;CA;201000;49.519941;-115.761172;English;Christianity;Northern America;75;
Micmac;United States;US;3400;46.74638;-67.86195;English;Christianity;Northern America;75;
Jamaicans;United States;US;588000;40.68393;-73.929376;English;Christianity;Northern America;75;
Euronesians;Solomon Islands;BP;23000;-9.423314;160.013527;English;Christianity;Melanesia;75;
Eurasians;Singapore;SN;60000;1.329292;103.811903;English;Christianity;South-Eastern Asia;75;
Euronesians;Cook Islands;CW;850;-21.207;-159.781;English;Christianity;Polynesia;75;
Oneida;United States;US;3400;44.46155;-88.22144;English;Christianity;Northern America;75;
Anglo-New Zealanders;New Zealand;NZ;3730000;-43.5378;172.644353;English;Unaffiliated;Australia and New Zealand;10;
Detribalized Amerindians;United States;US;454000;36.134087;-111.231755;English;Christianity;Northern America;75;
Siksika Blackfoot;United States;US;31500;48.66099;-112.94305;English;Christianity;Northern America;75;
Lumbee;United States;US;72500;34.738041;-79.346119;English;Christianity;Northern America;75;
African Americans;United States;US;40540000;42.331389;-83.045833;English;Christianity;Northern America;75;
Barbadians;United States;US;50500;40.68953;-73.938336;English;Christianity;Northern America;75;
Euronesians;Fiji;FJ;16500;-18.144467;178.445495;English;Christianity;Melanesia;75;
Mandaya;Philippines;RP;425000;7.50481;126.40932;Mandaya;Christianity;South-Eastern Asia;75;
Tuvaluan;New Zealand;NZ;4300;-36.872186;174.836858;Tuvaluan;Christianity;Australia and New Zealand;75;
Lara;Indonesia;ID;15000;1.279731;109.837142;Bakati’, Rara;Ethnoreligion;South-Eastern Asia;75;
East Futunans;New Caledonia;NC;5600;-22.2926;166.4433;Futuna, East;Christianity;Melanesia;75;
Gilbertese;Solomon Islands;BP;2300;-9.4402;159.9886;Kiribati;Christianity;Melanesia;75;
Fijians;Solomon Islands;BP;2300;-9.438407;159.947929;Fijian;Christianity;Melanesia;75;
Indonesians;Malaysia;MY;341000;3.075554;101.52996;Indonesian;Islam;South-Eastern Asia;75;
Iban;Indonesia;ID;20000;0.912619;111.869932;Iban;Christianity;South-Eastern Asia;75;
Tokode;Timor-Leste;TT;52500;-8.6788;125.2828;Tukudede;Christianity;South-Eastern Asia;75;
Fijians;New Zealand;NZ;17500;-36.8983;174.8446;Fijian;Christianity;Australia and New Zealand;75;
Samoans;New Zealand;NZ;175000;-36.883338;174.80493;Samoan;Christianity;Australia and New Zealand;75;
Tahitians;New Zealand;NZ;1600;-36.9097;174.8891;Tahitian;Christianity;Australia and New Zealand;75;
Naueti;Timor-Leste;TT;20000;-8.8205;126.5307;Nauete;Christianity;South-Eastern Asia;75;
Huishui Miao;China;CH;367000;26.04357;106.56133;Miao, Southwestern Huishui;Ethnoreligion;Eastern Asia;0;
Koreans;Argentina;AR;35000;-34.718073;-58.282805;Korean;Unaffiliated;South America;75;
Japanese;Argentina;AR;41000;-34.659899;-58.559848;Japanese;Ethnoreligion;South America;0;
Japanese;Malaysia;MY;17000;3.112498;101.728864;Japanese;Ethnoreligion;South-Eastern Asia;75;
Lao;Cambodia;CB;40500;11.5547;104.9277;Lao;Buddhism;South-Eastern Asia;10;
Tai Lu;Thailand;TH;95000;19.4233;100.6777;Lü;Buddhism;South-Eastern Asia;10;
Koreans;United States;US;1095000;33.745466;-117.86577;Korean;Unaffiliated;Northern America;75;
Koreans;Australia;AS;167000;-33.930771;151.107887;Korean;Unaffiliated;Australia and New Zealand;75;
Hmong Njua;Myanmar;BM;14500;24.2594;97.3463;Hmong Njua;Ethnoreligion;South-Eastern Asia;75;
Guiyang Miao;China;CH;392000;26.5824;106.7069;Miao, Southwestern Guiyang;Ethnoreligion;Eastern Asia;10;
Han Chinese;Australia;AS;670000;-33.792842;151.07863;Chinese, Mandarin;Ethnoreligion;Australia and New Zealand;75;
Bunak;Indonesia;ID;99500;-9.12498;125.13609;Bunak;Ethnoreligion;South-Eastern Asia;75;
Makasai;Timor-Leste;TT;161000;-8.605;126.5579;Makasae;Christianity;South-Eastern Asia;75;
Japanese;Germany;GM;25000;48.145918;11.596171;Japanese;Ethnoreligion;Western Europe;0;
Cambodian;Australia;AS;25500;-33.8818;151.1642;Khmer;Buddhism;Australia and New Zealand;10;
Koreans;Canada;CA;162000;49.20716;-123.02003;Korean;Unaffiliated;Northern America;75;
Hungarians;France;FR;250000;48.841436;2.235616;Hungarian;Christianity;Western Europe;0;
Hungarians;Serbia;RI;341000;46.103869;19.671294;Hungarian;Christianity;Southern Europe;10;
Bosniaks;Germany;GM;203000;52.514827;13.322779;Bosnian;Islam;Western Europe;10;
Hungarians;Ukraine;UP;119000;48.6208;22.287883;Hungarian;Christianity;Eastern Europe;10;
West Indian Blacks;Canada;CA;8700;43.689169;-79.432722;Virgin Islands English Creole;Christianity;Northern America;75;
Galibi Karibi;United States;US;4500;40.688838;-73.918293;Spanish;Christianity;Northern America;75;
Motilón-Barí;United States;US;1100;40.779778;-73.832812;Barí;Christianity;Northern America;75;
Kutchin;United States;US;1000;66.562706;-145.272015;English;Christianity;Northern America;75;
Cayuga;United States;US;60;42.5444;-78.99073;English;Christianity;Northern America;75;
Kuripako;United States;US;225;40.716201;-73.80051;Curripaco;Ethnoreligion;Northern America;75;
Quileute;United States;US;475;47.8974;-124.6178;English;Christianity;Northern America;75;
Kumiai;United States;US;125;32.60532;-116.69473;Spanish;Christianity;Northern America;75;
Arikara;United States;US;90;47.537186;-102.271396;English;Christianity;Northern America;75;
Potawatomi;Canada;CA;6300;42.54635;-82.54906;English;Christianity;Northern America;75;
Upper Tanana;Canada;CA;50;62.385;-140.876;English;Christianity;Northern America;75;
Isthmus Nahuatl;United States;US;7900;31.76269;-89.208677;Spanish;Christianity;Northern America;75;
Tlacolula Valley Zapotec;United States;US;10500;34.026907;-118.500134;Spanish;Christianity;Northern America;75;
Purepecha;United States;US;13000;33.6002;-116.131;Purepecha;Christianity;Northern America;10;
Southern Rincon Zapotec;United States;US;500;34.044043;-118.308593;Spanish;Christianity;Northern America;75;
Arawak;United States;US;3600;25.715627;-80.353925;English;Christianity;Northern America;75;
Guerrero Nahuatl;United States;US;28500;34.205403;-119.168137;Spanish;Christianity;Northern America;75;
Yucatec;United States;US;201000;34.041394;-118.2837;Maya, Yucatec;Ethnoreligion;Northern America;75;
Croats;Australia;AS;57000;-37.8646;145.0333;Croatian;Christianity;Australia and New Zealand;10;
Han Chinese;Saudi Arabia;SA;113000;24.698059;46.776147;Chinese, Mandarin;Unaffiliated;Western Asia;75;
Japanese;Spain;SP;2400;40.490755;-3.695231;Japanese;Ethnoreligion;Southern Europe;10;
Anglo-New Zealanders;Australia;AS;616000;-33.754667;151.00654;English;Christianity;Australia and New Zealand;10;
Poles;Spain;SP;53000;40.429969;-3.639208;Polish;Christianity;Southern Europe;10;
Anglo-Australians;New Zealand;NZ;29500;-36.803079;174.752465;English;Unaffiliated;Australia and New Zealand;10;
Greeks;Albania;AL;93500;40.07726;20.18669;Greek;Christianity;Southern Europe;0;
Belitung;Indonesia;ID;116000;-2.799352;107.834005;Malay;Islam;South-Eastern Asia;10;
Croats;Germany;GM;416000;52.459439;13.436196;Croatian;Christianity;Western Europe;10;
Icelanders;Canada;CA;3000;49.9237;-97.1279;Icelandic;Unaffiliated;Northern America;75;
Swedes;Canada;CA;10000;49.248;-122.968;Swedish;Unaffiliated;Northern America;75;
Hmong Daw;Laos;LA;290000;19.04824;103.03147;Hmong Daw;Ethnoreligion;South-Eastern Asia;10;
Efe;Congo, Democratic Republic of the;CG;57000;2.5724;29.2669;Efe;Ethnoreligion;Middle Africa;10;
Sindhi;Malaysia;MY;36000;3.062047;101.71196;Sindhi;Hinduism;South-Eastern Asia;0;
Indo-Pakistani;Australia;AS;374000;-33.912654;150.913926;Hindi;Hinduism;Australia and New Zealand;10;
Indo-Pakistani;Brunei;BX;5900;4.912556;114.928238;Hindi;Hinduism;South-Eastern Asia;0;
Karan Kayashtra;India;IN;104000;21.159702;86.543417;Bengali;Hinduism;Southern Asia;10;
Gujaratis;Fiji;FJ;26000;-17.802197;177.4162;Gujarati;Hinduism;Melanesia;10;
Gurkha;Brunei;BX;1700;4.8889;114.9009;Nepali;Hinduism;South-Eastern Asia;0;
Tai Nyo;Laos;LA;21000;18.320081;103.99567;Nyaw;Ethnoreligion;South-Eastern Asia;0;
Bosniaks;Slovenia;SI;34000;46.0555;14.5083;Bosnian;Islam;Southern Europe;0;
Khmer;Laos;LA;5800;14.2134;105.9143;Khmer;Buddhism;South-Eastern Asia;0;
Kemak;Timor-Leste;TT;82000;-8.94331;125.19933;Kemak;Christianity;South-Eastern Asia;0;
Slovaks;Montenegro;MJ;5900;42.4412;19.2628;Slovak;Christianity;Southern Europe;0;
Kyrgyz;Kazakhstan;KZ;14500;43.228;76.9531;Kyrgyz;Islam;Central Asia;10;
Jola-Karon;Gambia;GA;102000;13.27102;-16.63876;Karon;Islam;Western Africa;0;
Sereer;Gambia;GA;65000;13.55492;-16.41175;Serer-Sine;Islam;Western Africa;10;
Red Thai;Laos;LA;46500;20.00625;104.54458;Tai Daeng;Ethnoreligion;South-Eastern Asia;0;
Croats;Slovenia;SI;77500;46.0555;14.5083;Croatian;Christianity;Southern Europe;0;
Manya;Guinea;GV;104000;8.79312;-9.25741;Manya;Islam;Western Africa;10;
Croats;Montenegro;MJ;6900;42.4647;18.6435;Croatian;Christianity;Southern Europe;0;
Azande;South Sudan;OD;800000;4.570347;28.394382;Zande;Christianity;Northern Africa;10;
Bothar;Papua New Guinea;PP;250;-8.41526;141.03371;Blafe;Christianity;Melanesia;75;
Sinhalese;Malaysia;MY;36000;3.13205;101.670353;Sinhala;Buddhism;South-Eastern Asia;75;
Romani;Canada;CA;3900;49.214868;-122.927887;English;Christianity;Northern America;75;
Congolese;United States;US;37500;41.741;-87.605;Lingala;Christianity;Northern America;75;
Malagasy;United States;US;300;40.709063;-73.958744;Malagasy, Merina;Christianity;Northern America;75;
Moroccan Arabs;United States;US;120000;40.695832;-73.954567;Arabic, Moroccan;Islam;Northern America;10;
Surinamers;United States;US;22000;25.894002;-80.186802;Sranan Tongo;Christianity;Northern America;75;
Efik;United States;US;6100;32.6093;-96.9535;Efik;Christianity;Northern America;75;
Krio;United States;US;7800;40.822682;-73.907585;Krio;Ethnoreligion;Northern America;75;
Baganda;United States;US;8600;34.013605;-118.189481;Ganda;Christianity;Northern America;0;
Lusatian;United States;US;300;41.760409;-87.661195;English;Christianity;Northern America;75;
Luba-Lulua;United States;US;6000;35.24602;-80.810971;Luba-Kasai;Christianity;Northern America;75;
Swahili;United States;US;81500;33.996036;-118.256278;Swahili;Islam;Northern America;75;
Afrikaners;United States;US;21500;34.006062;-118.320837;Afrikaans;Christianity;Northern America;75;
Rundi;Canada;CA;3800;45.540605;-73.567816;Rundi;Christianity;Northern America;75;
Turks;United States;US;146000;40.654221;-73.956897;Turkish;Islam;Northern America;10;
Sudanese Arabs;United States;US;52000;40.771464;-73.819654;Arabic, Sudanese;Islam;Northern America;0;
Bari;United States;US;4000;32.906195;-96.774752;Bari;Christianity;Northern America;75;
Iraqi Arabs;United States;US;154000;42.513355;-83.187224;Arabic, Mesopotamian;Islam;Northern America;10;
Caboverdian Mestico;Canada;CA;200;43.655188;-79.396949;Kabuverdianu;Christianity;Northern America;75;
Bosniaks;United States;US;168000;38.610231;-90.27622;Bosnian;Islam;Northern America;10;
Rwandans;Canada;CA;4000;45.3959;-75.7135;Kinyarwanda;Christianity;Northern America;75;
Seychellese Creole;Canada;CA;1000;45.543264;-73.570876;Seychelles French Creole;Christianity;Northern America;75;
Fula Jalon;United States;US;8500;40.850155;-73.908829;Pular;Islam;Northern America;10;
French;Djibouti;DJ;18500;11.555997;43.150293;French;Christianity;Eastern Africa;0;
Arabs;Malaysia;MY;18000;3.15968;101.735264;Arabic, Standard;Islam;South-Eastern Asia;0;
Moroccan Arabs;Germany;GM;135000;52.463174;13.429028;Arabic, Moroccan;Islam;Western Europe;0;
Jews;Australia;AS;119000;-33.816418;150.99997;English;Judaism;Australia and New Zealand;10;
Mauritians;Canada;CA;11500;45.440154;-75.605368;Morisyen;Christianity;Northern America;75;
Tigrai;United States;US;60500;38.18911;-85.6589;Tigrigna;Christianity;Northern America;0;
French;French Guiana;FG;26500;4.912574;-52.280693;French;Christianity;South America;10;
Koho;United States;US;3100;35.14989;-80.6785;Koho;Christianity;Northern America;75;
Dutch;Aruba;AA;4300;12.529;-70.041;Dutch;Christianity;Caribbean;0;
Egyptian Arabs;Australia;AS;84000;-31.9554;115.85859;Arabic, Egyptian;Islam;Australia and New Zealand;75;
Italians;New Caledonia;NC;8800;-22.275046;166.442945;Italian;Christianity;Melanesia;0;
Spaniards;New Caledonia;NC;2900;-22.259334;166.450219;Spanish;Christianity;Melanesia;0;
Lebanese Arabs;French Guiana;FG;1500;4.896295;-52.286077;Arabic, Levantine;Islam;South America;0;
Jews;New Zealand;NZ;7400;-36.847385;174.765735;English;Judaism;Australia and New Zealand;0;
Isaan;United States;US;1300;30.14715;-97.58975;Thai, Northeastern;Buddhism;Northern America;0;
Macedonians;United States;US;26000;42.506085;-83.008416;Macedonian;Christianity;Northern America;0;
Maltese;United States;US;49000;42.416918;-83.157964;Maltese;Christianity;Northern America;0;
Palestinian Arabs;United States;US;134000;34.105229;-118.313294;Arabic, Levantine;Islam;Northern America;10;
Croats;United States;US;188000;40.671429;-73.918652;Croatian;Christianity;Northern America;10;
Syrian Arabs;United States;US;193000;40.673907;-73.984758;Arabic, Levantine;Islam;Northern America;75;
Bulgarians;United States;US;76500;42.032685;-87.935476;Bulgarian;Christianity;Northern America;0;
Anglo-Australians;United States;US;84000;38.58166;-121.49444;English;Christianity;Northern America;75;
Jordanian Arabs;United States;US;84500;34.097495;-118.30806;Arabic, Levantine;Islam;Northern America;10;
Estonians;United States;US;7200;34.039319;-118.348564;Estonian, Standard;Christianity;Northern America;10;
Wiyot;United States;US;950;40.8718;-124.0793;English;Christianity;Northern America;75;
Tunica;United States;US;225;31.111797;-92.057887;English;Christianity;Northern America;75;
Malecite Passamaquoddy;United States;US;850;44.9438;-67.1794;English;Christianity;Northern America;75;
Cowlitz;United States;US;275;45.877112;-122.699236;English;Christianity;Northern America;75;
Mohegan-Montauk-Narragansett;United States;US;2200;41.846497;-72.17127;English;Christianity;Northern America;75;
Twana;United States;US;550;47.333179;-123.157889;English;Christianity;Northern America;75;
Lower Chehalis Quinault;United States;US;2300;47.4214;-124.16024;English;Christianity;Northern America;75;
Nanticoke;United States;US;600;38.655;-75.5857;English;Christianity;Northern America;75;
Snohomish;United States;US;1200;47.9476;-122.1062;English;Christianity;Northern America;75;
Nooksack;United States;US;1900;48.823758;-122.214156;English;Christianity;Northern America;75;
Haida;United States;US;150;55.41205;-132.84527;English;Christianity;Northern America;75;
Tonkawa;United States;US;125;36.679049;-97.303731;English;Christianity;Northern America;75;
Kashaya;United States;US;100;38.503754;-122.99603;English;Christianity;Northern America;75;
Tuscarora;United States;US;1600;43.17646;-78.94876;English;Christianity;Northern America;75;
Chumash;United States;US;150;35.04668;-120.523121;English;Christianity;Northern America;75;
Serrano;United States;US;350;33.920977;-116.771229;English;Ethnoreligion;Northern America;75;
Klamath-Modoc;United States;US;2500;42.58608;-121.70403;English;Christianity;Northern America;75;
Yurok;United States;US;6300;41.3422;-123.8661;English;Christianity;Northern America;75;
Wyandot;Canada;CA;2000;46.8615;-71.3571;English;Christianity;Northern America;75;
Munsee Delaware;Canada;CA;600;42.7952;-81.4789;English;Christianity;Northern America;75;
Kango-Dibatchwa;Congo, Democratic Republic of the;CG;7400;1.6587;27.0032;Kango (DRC, Tshopo district);Ethnoreligion;Middle Africa;10;
Kalou;Papua New Guinea;PP;2700;-3.937457;142.204084;Kalou;Ethnoreligion;Melanesia;75;
Loxicha Zapotec;United States;US;8000;32.688555;-117.04218;Spanish;Christianity;Northern America;75;
Tlazoyaltepec Mixtec;United States;US;2700;45.138395;-122.843477;Spanish;Christianity;Northern America;75;
Huasteca Nahuatl;United States;US;87000;33.985187;-84.238417;Spanish;Christianity;Northern America;75;
Guntai;Papua New Guinea;PP;700;-8.80806;141.25339;Wartha Thuntai;Ethnoreligion;Melanesia;75;
Northern Puebla Nahuatl;United States;US;18000;36.032322;-78.826939;Spanish;Christianity;Northern America;75;
Niueans;Tonga;TN;35;-21.161957;-175.287751;Niue;Christianity;Polynesia;75;
Han Chinese;Tuvalu;TV;50;-8.524207;179.198555;Chinese, Mandarin;Christianity;Polynesia;75;
Jarawan-Gar;Nigeria;NI;36500;9.987822;10.211196;Guruntum-Mbaaru;Islam;Western Africa;75;
Senegalese;Spain;SP;51000;41.416439;2.21114;French;Islam;Southern Europe;10;
Samoans;Tokelau;TL;150;-8.535;-172.519;Samoan;Christianity;Polynesia;75;
Balkan Romani;Slovenia;SI;10000;46.081467;14.478807;Romani, Balkan;Ethnoreligion;Southern Europe;10;
Garuwahi;Papua New Guinea;PP;45;-10.221;150.479;English;Christianity;Melanesia;75;
Samoans;Tuvalu;TV;50;-8.522737;179.200858;Samoan;Christianity;Polynesia;75;
Han Chinese;New Caledonia;NC;300;-22.281;166.4413;Chinese, Mandarin;Christianity;Melanesia;75;
Wappo;United States;US;70;38.951341;-122.720077;English;Christianity;Northern America;75;
Northwestern Tlaxiaco Mixtec;United States;US;4700;32.7878;-79.9425;Spanish;Christianity;Northern America;75;
Pentlatch;Canada;CA;60;49.470389;-124.796278;English;Ethnoreligion;Northern America;75;
Aguacatec;United States;US;1300;36.11792;-79.43084;Awakateko;Christianity;Northern America;75;
Afro-Grenadians;United States;US;12000;40.82914;-73.914;Grenadian English Creole;Christianity;Northern America;75;
Quechua;United States;US;1500;38.879006;-77.105256;Quechua, South Bolivian;Ethnoreligion;Northern America;75;
Piapoco;United States;US;150;40.70014;-73.802889;Piapoco;Ethnoreligion;Northern America;75;
Antiguans;United States;US;8400;25.77899;-80.24113;English;Christianity;Northern America;75;
Antillean Creole;Canada;CA;2400;43.65793;-79.399057;Papiamentu;Christianity;Northern America;75;
Valley Otomi;United States;US;51500;27.965684;-82.79767;Spanish;Christianity;Northern America;75;
Central Chatino;United States;US;2600;36.032322;-78.826939;Spanish;Christianity;Northern America;75;
Chiltepec Chinantec;United States;US;550;34.854265;-82.193115;Spanish;Christianity;Northern America;75;
Central Nahuatl;United States;US;63000;40.840982;-73.944799;Spanish;Christianity;Northern America;75;
Ixtlan Zapotec;United States;US;1800;34.291305;-118.433835;Spanish;Christianity;Northern America;75;
Ayoquesco Zapotec;United States;US;175;45.171563;-122.83764;Spanish;Christianity;Northern America;75;
Tuscarora;Canada;CA;1600;43.0712;-79.9545;English;Christianity;Northern America;75;
Han Chinese;Kazakhstan;KZ;6500;51.184174;71.390787;Chinese, Mandarin;Unaffiliated;Central Asia;75;
Han Chinese;Kyrgyzstan;KG;4800;42.874992;74.590503;Chinese, Mandarin;Unaffiliated;Central Asia;75;
Jarai;United States;US;4500;35.2074;-80.7308;Jarai;Ethnoreligion;Northern America;75;
Ga;United States;US;100;32.7383;-97.2587;Ga;Ethnoreligion;Northern America;75;
Madi;United States;US;1100;29.66153;-95.42503;Ma’di;Christianity;Northern America;75;
Embu-Mbeere;United States;US;100;32.898;-96.6363;Kiembu;Christianity;Northern America;75;
Kikuyu;United States;US;550;39.32175;-94.92515;Gikuyu;Christianity;Northern America;75;
Kaliko;United States;US;150;32.820782;-96.876434;Keliko;Ethnoreligion;Northern America;75;
Senthang Chin;United States;US;200;32.8779;-96.7165;Chin, Senthang;Ethnoreligion;Northern America;75;
Edo;United States;US;100;32.7807;-96.603;Edo;Christianity;Northern America;75;
Ewe;United States;US;3400;32.6925;-97.1224;Éwé;Ethnoreligion;Northern America;75;
Bahnar;United States;US;300;35.1678;-80.7665;Bahnar;Ethnoreligion;Northern America;75;
Luxembourgers;United States;US;550;41.8829;-87.7472;Luxembourgish;Christianity;Northern America;75;
Rhade;United States;US;250;35.1678;-80.8102;Rade;Christianity;Northern America;75;
Ejagham;United States;US;100;32.6268;-96.9479;Ejagham;Christianity;Northern America;75;
Tiddim Chin;United States;US;30;33.9887;-81.028;Chin, Tedim;Christianity;Northern America;75;
Haka Chin;United States;US;150;39.1173;-94.629;Chin, Hakha;Christianity;Northern America;75;
Falam Chin;United States;US;30;33.9901;-81.0296;Chin, Falam;Christianity;Northern America;75;
Catalonians;United States;US;2300;33.974361;-118.271052;Catalan;Christianity;Northern America;75;
Bunong;United States;US;450;35.1858;-80.77735;Mnong, Central;Christianity;Northern America;75;
Mara Chin;United States;US;30;33.9705;-81.0275;Mara;Christianity;Northern America;75;
Rawang;United States;US;750;32.66461;-97.3202;Rawang;Christianity;Northern America;75;
Georgians;United States;US;39500;39.028123;-77.07867;Georgian;Christianity;Northern America;10;
Angolans;Belgium;BE;7300;50.82813;4.354459;English;Christianity;Western Europe;0;
St. Barthians;Saint Barthelemy;TB;11500;17.8962;-62.8519;French;Christianity;Caribbean;0;
Han Chinese;Tajikistan;TI;89500;38.538369;68.779168;Chinese, Mandarin;Unaffiliated;Central Asia;75;
Jews;Uzbekistan;UZ;4200;39.649756;66.974799;Russian;Judaism;Central Asia;0;
Anglo-New Zealanders;Singapore;SN;3200;1.298169;103.811156;English;Unaffiliated;South-Eastern Asia;75;
Han Chinese;Algeria;AG;55000;36.7048;3.065;Chinese, Mandarin;Unaffiliated;Northern Africa;75;
Arabs;Maldives;MV;750;4.176394;73.505165;Arabic, Standard;Islam;Southern Asia;0;
Palestinian Arabs;El Salvador;ES;1300;13.707534;-89.237541;Arabic, Levantine;Islam;Central America;75;
Arabs;New Zealand;NZ;9900;-36.914571;174.70232;Arabic, Standard;Islam;Australia and New Zealand;75;
Baganda;Canada;CA;6100;49.2876;-123.129;Ganda;Christianity;Northern America;75;
Shona;Canada;CA;2900;43.651999;-79.39296;Shona;Ethnoreligion;Northern America;75;
Edo;Canada;CA;1300;45.48504;-73.616732;Edo;Christianity;Northern America;75;
Lingala;Canada;CA;3400;45.545302;-73.67018;Lingala;Christianity;Northern America;75;
Nigerians;Canada;CA;17000;45.4153;-75.6908;English;Christianity;Northern America;75;
Liberians;Canada;CA;1600;45.3423;-75.634;English;Christianity;Northern America;75;
Malawian;Canada;CA;600;43.678104;-79.360571;English;Christianity;Northern America;75;
Guinean;Canada;CA;2400;45.523585;-73.575179;French;Christianity;Northern America;75;
Zambian;Canada;CA;2900;43.6662;-79.4062;English;Christianity;Northern America;75;
Igbo;Canada;CA;5700;51.08;-113.998;Igbo;Christianity;Northern America;75;
Burkina Faso;Canada;CA;425;43.703042;-79.394477;Moore;Islam;Northern America;75;
Ghanaians;Canada;CA;16000;49.224467;-123.012145;English;Christianity;Northern America;75;
Basotho;United States;US;300;40.835769;-73.921862;Sotho, Southern;Christianity;Northern America;75;
Romanschs;United States;US;125;40.76498;-73.968262;Romansh;Christianity;Northern America;75;
Luo;United States;US;7500;33.0819;-96.6776;Dholuo;Christianity;Northern America;75;
Rwandans;United States;US;2400;40.835992;-73.857022;Kinyarwanda;Christianity;Northern America;75;
Swazi;United States;US;550;40.869677;-73.896283;Swati;Christianity;Northern America;75;
Fang;United States;US;350;25.778762;-80.234932;Fang (Equatorial Guinea);Christianity;Northern America;75;
Zambian;United States;US;36500;32.953605;-96.822225;English;Christianity;Northern America;75;
Liechtensteiners;United States;US;80;40.769144;-73.901637;German, Swiss;Christianity;Northern America;75;
Turkmen;United States;US;200;40.756652;-73.814192;Turkmen;Islam;Northern America;0;
Druze;United States;US;50000;34.141881;-118.21386;Arabic, Levantine;Other;Northern America;0;
Javanese;United States;US;250;33.956769;-118.254559;Javanese;Islam;Northern America;0;
Afar;United States;US;325;40.872651;-73.84572;Afar;Islam;Northern America;0;
Brunei-Kadayan;United States;US;750;38.952079;-76.946837;Brunei;Islam;Northern America;0;
Indonesians;Canada;CA;16500;43.531207;-79.674613;Indonesian;Islam;Northern America;0;
Malian;Canada;CA;1000;45.527375;-73.574446;Bamanankan;Islam;Northern America;0;
Balinese;United States;US;175;41.628646;-93.684094;Bali (Indonesia);Hinduism;Northern America;0;
Oromo;Canada;CA;3700;43.6682;-79.4075;Oromo, Eastern;Islam;Northern America;10;
Mozambicans;Canada;CA;1300;43.650993;-79.412896;Portuguese;Ethnoreligion;Northern America;0;
Afar;Canada;CA;2600;45.568426;-73.597855;Afar;Islam;Northern America;0;
Vlax Romani;Algeria;AG;4800;36.6716;3.0961;Romani, Vlax;Islam;Northern Africa;0;
Georgians;Tajikistan;TI;2000;38.542709;68.768303;Georgian;Unaffiliated;Central Asia;0;
Meadow Mari;Tajikistan;TI;750;38.560294;68.787691;Mari, Meadow;Christianity;Central Asia;0;
Liberians;Italy;IT;1400;41.922973;12.488125;English;Islam;Southern Europe;0;
Dongolese Nubians;United States;US;5400;32.80553;-96.761533;Arabic, Sudanese;Islam;Northern America;0;
Mon;United States;US;100;32.67329;-97.38112;Mon;Buddhism;Northern America;0;
Mordvinians;Tajikistan;TI;5300;38.561618;68.730492;Erzya;Christianity;Central Asia;0;
Liberians;Belgium;BE;1000;50.863969;4.312186;English;Christianity;Western Europe;0;
Nigerians;Italy;IT;9800;45.460881;9.216932;English;Islam;Southern Europe;10;
Fula Toro;United States;US;2800;40.843428;-73.859505;Pulaar;Islam;Northern America;10;
Egyptian Arabs;Spain;SP;4500;40.404506;-3.719182;Arabic, Egyptian;Islam;Southern Europe;0;
Romanians;Azerbaijan;AJ;2000;40.391603;49.865255;Romanian;Christianity;Western Asia;0;
Lamet;United States;US;35;33.834173;-118.148456;Rmeet;Ethnoreligion;Northern America;0;
Hadrami Arabs;United States;US;325;42.3297;-83.3024;Arabic, Hadrami;Islam;Northern America;0;
Fur;United States;US;275;43.6645;-70.3083;Fur;Islam;Northern America;0;
Iraqis;Italy;IT;4300;41.895363;12.440827;Arabic, Mesopotamian;Islam;Southern Europe;0;
Bulgarians;Tajikistan;TI;950;38.579231;68.795807;Bulgarian;Christianity;Central Asia;0;
Georgians;Turkmenistan;TX;1800;37.924741;58.408782;Georgian;Unaffiliated;Central Asia;0;
Estonians;Kazakhstan;KZ;2400;43.236452;76.882305;Estonian, Standard;Christianity;Central Asia;0;
Bulgarians;Uzbekistan;UZ;1800;41.354258;69.337107;Bulgarian;Christianity;Central Asia;0;
Palestinian Arabs;Guatemala;GT;1900;14.617755;-90.592244;Arabic, Levantine;Islam;Central America;10;
Romanians;Turkmenistan;TX;90;37.971025;58.349546;Romanian;Christianity;Central Asia;0;
Lithuanians;Uzbekistan;UZ;3000;41.337873;69.269692;Lithuanian;Christianity;Central Asia;0;
Swahili;Canada;CA;9300;43.663432;-79.374487;Swahili;Islam;Northern America;0;
Estonians;Uzbekistan;UZ;1600;41.314933;69.218664;Estonian, Standard;Christianity;Central Asia;0;
Ghanaians;Germany;GM;38500;48.15613;11.557625;English;Christianity;Western Europe;0;
Arabs;India;IN;24000;12.911715;75.075587;Arabic, Standard;Islam;Southern Asia;0;
Yao;United States;US;20000;37.805221;-122.231186;Kim Mun;Ethnoreligion;Northern America;0;
Uzbeks;Pakistan;PK;976000;34.201969;72.047763;Uzbek, Southern;Islam;Southern Asia;10;
Fulakunda;Sudan;SU;307000;11.272554;24.486533;Pulaar;Islam;Northern Africa;10;
Levantine Arabs;Türkiye;TU;1435000;36.26301;36.31387;Arabic, Levantine;Islam;Western Asia;10;
Jordanian Arabs;Saudi Arabia;SA;237000;21.462559;39.19737;Arabic, Levantine;Islam;Western Asia;0;
Malays;Canada;CA;11500;43.7911;-79.2835;Malay;Islam;Northern America;0;
Shabelle;Ethiopia;ET;26000;5.9532;43.5517;Somali;Islam;Eastern Africa;10;
Nara;Ethiopia;ET;92500;14.321394;38.169886;Nara;Islam;Eastern Africa;0;
Lebanese Arabs;Qatar;QA;295000;25.261722;51.512386;Arabic, Levantine;Islam;Western Asia;0;
Palestinian Arabs;Lebanon;LE;677000;33.8703;35.5094;Arabic, Levantine;Islam;Western Asia;10;
Palestinian Arabs;United Arab Emirates;AE;65000;25.396775;55.444519;Arabic, Levantine;Islam;Western Asia;0;
Palestinian Arabs;Libya;LY;35500;32.105199;20.109749;Arabic, Levantine;Islam;Northern Africa;0;
Lebanese Arabs;Saudi Arabia;SA;152000;21.49171;39.262869;Arabic, Levantine;Islam;Western Asia;0;
Palestinian Arabs;Qatar;QA;381000;25.321536;51.486313;Arabic, Levantine;Islam;Western Asia;0;
Palestinian Arabs;Eritrea;ER;21500;15.333751;38.932292;Arabic, Levantine;Islam;Eastern Africa;0;
Syrian Arabs;United Arab Emirates;AE;297000;25.221861;55.309841;Arabic, Levantine;Islam;Western Asia;0;
Syrian Arabs;Kuwait;KU;161000;29.289;48.071;Arabic, Levantine;Islam;Western Asia;10;
Palestinian Arabs;Iraq;IZ;22500;33.2996;44.437;Arabic, Levantine;Islam;Western Asia;0;
Yemeni Arabs;Ethiopia;ET;39000;9.0256;38.7362;Arabic, Ta’izzi-Adeni;Islam;Eastern Africa;0;
Sidi Bedouins;Algeria;AG;143000;33.597745;0.969798;Hassaniyya;Islam;Northern Africa;0;
Iraqi Arabs;United Arab Emirates;AE;58500;25.255854;55.287296;Arabic, Mesopotamian;Islam;Western Asia;0;
Syrian Arabs;Qatar;QA;267000;25.328853;51.513763;Arabic, Standard;Islam;Western Asia;0;
Yemeni Arabs;Eritrea;ER;71000;15.3139;38.9331;Arabic, Ta’izzi-Adeni;Islam;Eastern Africa;0;
Omani Arabs;Djibouti;DJ;78000;11.578284;43.146695;Arabic, Sanaani;Islam;Eastern Africa;0;
Yemeni Arabs;Sudan;SU;34000;15.558501;32.568351;Arabic, Ta’izzi-Adeni;Islam;Northern Africa;0;
Laguat Bedouin;Algeria;AG;86000;33.821;2.869;Hassaniyya;Islam;Northern Africa;0;
Syrian Arabs;Sudan;SU;129000;15.4722;32.5004;Arabic, Standard;Islam;Northern Africa;0;
Soliman Bedouins;Chad;CD;39000;14.5181;22.0829;Hassaniyya;Islam;Middle Africa;0;
Jordanian Arabs;Canada;CA;15500;43.693767;-79.392261;Arabic, Levantine;Islam;Northern America;10;
Saudi Arabs;Canada;CA;20000;45.4351;-75.698547;Arabic, Najdi;Islam;Northern America;10;
Algerian Arabs;United States;US;25000;39.035496;-77.201859;Arabic, Algerian;Islam;Northern America;0;
Algerian Arabs;Italy;IT;27000;38.114192;13.347806;Arabic, Algerian;Islam;Southern Europe;0;
Sudanese Arabs;Oman;MU;23000;23.603431;58.464471;Arabic, Sudanese;Islam;Western Asia;0;
Egyptian Arabs;Oman;MU;96000;23.615594;58.538448;Arabic, Egyptian;Islam;Western Asia;0;
Iraqis;Belgium;BE;22000;50.853378;4.353942;Arabic, Mesopotamian;Islam;Western Europe;0;
Sudanese Arabs;Canada;CA;22000;51.03;-113.965;Arabic, Sudanese;Islam;Northern America;0;
Iraqi Arabs;Sweden;SW;180000;59.329444;18.068611;Arabic, Mesopotamian;Islam;Northern Europe;0;
Gulf Arabs;Canada;CA;60000;43.684403;-79.353124;Arabic, Gulf;Islam;Northern America;10;
Jordanian Arabs;Oman;MU;24000;23.624;58.5237;Arabic, Levantine;Islam;Western Asia;0;
Moroccan Arabs;Canada;CA;111000;45.487;-73.631;Arabic, Moroccan;Islam;Northern America;10;
Tunisian Arabs;United States;US;143000;42.3302;-83.173243;Arabic, Levantine;Islam;Northern America;0;
Algerian Arabs;Spain;SP;66500;37.616826;-0.987646;Arabic, Algerian;Islam;Southern Europe;0;
Tunisian Arabs;Germany;GM;45000;52.541226;13.364204;Arabic, Tunisian;Islam;Western Europe;0;
Syrian Arabs;Sweden;SW;209000;59.329444;18.068611;Arabic, Levantine;Islam;Northern Europe;0;
Syrian Jews;United States;US;90000;40.599562;-73.967454;Arabic, Levantine;Judaism;Northern America;0;
Greeks;Kazakhstan;KZ;17000;43.319431;76.928487;Greek;Christianity;Central Asia;0;
Lithuanians;Kazakhstan;KZ;9300;43.269883;76.917012;Lithuanian;Christianity;Central Asia;0;
Moldovans;Uzbekistan;UZ;5500;41.313529;69.254243;Romanian;Christianity;Central Asia;0;
French;Chad;CD;19500;12.120946;15.079282;French;Christianity;Middle Africa;0;
Greeks;Türkiye;TU;4300;41.029;28.945;Greek;Christianity;Western Asia;0;
Bulgarians;Kazakhstan;KZ;9100;43.239559;76.892088;Bulgarian;Christianity;Central Asia;0;
Ukrainians;Azerbaijan;AJ;20500;40.409027;49.845858;Ukrainian;Christianity;Western Asia;0;
Ossetians;Uzbekistan;UZ;11000;41.337873;69.287014;Ossetic;Islam;Central Asia;0;
Jews;Czech Republic;EZ;3900;50.047067;14.444755;Yiddish, Eastern;Judaism;Eastern Europe;0;
Persians;Italy;IT;11500;41.884893;12.521177;Persian, Iranian;Islam;Southern Europe;10;
Ossetians;Kazakhstan;KZ;2800;43.238363;76.856057;Ossetic;Islam;Central Asia;0;
Ossetians;Türkiye;TU;44500;39.911379;41.272117;Ossetic;Islam;Western Asia;0;
Ossetians;Turkmenistan;TX;2600;37.922522;58.358742;Ossetic;Islam;Central Asia;0;
Ossetians;Azerbaijan;AJ;3300;40.6952;46.3565;Ossetic;Islam;Western Asia;0;
Mandaeans;United States;US;1100;29.5129;-98.4051;Persian, Iranian;Ethnoreligion;Northern America;0;
Jews;Venezuela;VE;7000;10.5016;-66.8345;Spanish;Judaism;South America;0;
Jews;Colombia;CO;2200;4.631951;-74.127248;Spanish;Judaism;South America;0;
Jews;Mexico;MX;41500;19.4333;-99.1333;Spanish;Judaism;Central America;0;
Jews;Uruguay;UY;17500;-34.875871;-56.150719;Spanish;Judaism;South America;10;
Uduk;United States;US;325;32.85027;-96.692389;Uduk;Islam;Northern America;0;
Maninka;United States;US;5600;40.839868;-73.886364;Maninkakan, Western;Islam;Northern America;10;
Soninke;United States;US;5200;40.846477;-73.895688;Soninke;Islam;Northern America;10;
Kazakh;United States;US;2100;47.379681;-122.205928;Kazakh;Islam;Northern America;10;
Turkish Cypriots;United States;US;3200;40.760221;-73.913534;Turkish;Islam;Northern America;0;
Malays;United States;US;10500;33.623096;-117.680533;Malay;Islam;Northern America;0;
Jula;United States;US;5600;40.858047;-73.896398;Jula;Islam;Northern America;10;
Wolof;United States;US;27000;40.658171;-73.91295;Wolof;Islam;Northern America;10;
Mandinka;United States;US;2800;40.820898;-73.898068;Mandinka;Islam;Northern America;10;
Somalis;United States;US;161000;44.968;-93.2492;Somali;Islam;Northern America;10;
Boloven;United States;US;37500;36.720207;-119.730361;Laven;Ethnoreligion;Northern America;0;
Tai Lu;United States;US;5200;34.071119;-118.32053;Lü;Ethnoreligion;Northern America;0;
Moru;United States;US;2100;32.715413;-96.813646;Moru;Ethnoreligion;Northern America;0;
Jur Modo;United States;US;1800;32.761603;-96.852104;Jur Modo;Ethnoreligion;Northern America;0;
White Tai;United States;US;14000;33.865558;-117.90933;Tai Dón;Ethnoreligion;Northern America;0;
Mande;United States;US;32500;40.852666;-73.892045;Mende (Sierra Leone);Ethnoreligion;Northern America;0;
Nuer;United States;US;15000;32.829933;-96.947612;Nuer;Ethnoreligion;Northern America;10;
Meadow Mari;Uzbekistan;UZ;5500;41.345831;69.181679;Mari, Meadow;Christianity;Central Asia;0;
Mordvinians;Kazakhstan;KZ;21500;51.226739;51.389299;Erzya;Christianity;Central Asia;0;
Khmer;Germany;GM;13000;52.599;13.454;Khmer;Buddhism;Western Europe;0;
Amhara;Germany;GM;22500;50.131453;8.670422;Amharic;Christianity;Western Europe;0;
Chuvash;Uzbekistan;UZ;18500;41.299016;69.240667;Chuvash;Christianity;Central Asia;0;
Mordvinians;Uzbekistan;UZ;15000;41.333227;69.207196;Erzya;Christianity;Central Asia;0;
Khmer;United Kingdom;UK;1300;51.567;0.08;Khmer;Buddhism;Northern Europe;0;
Chuvash;Kazakhstan;KZ;16000;51.232904;51.394673;Chuvash;Christianity;Central Asia;0;
Tukulor;Mauritania;MR;380000;16.154652;-13.502226;Pulaar;Islam;Western Africa;10;
Georgians;Türkiye;TU;179000;41.255152;41.778986;Georgian;Islam;Western Asia;0;
Georgians;Iran;IR;63500;32.6438;51.6598;Georgian;Islam;Southern Asia;0;
Mararit;Sudan;SU;45500;13.771771;22.265587;Mararit;Islam;Northern Africa;0;
Somalis;Sweden;SW;80500;59.329444;18.068611;Somali;Islam;Northern Europe;0;
Tmagourt;Tunisia;TS;6200;34.466;9.266;Nafusi;Islam;Northern Africa;0;
Wolof;Italy;IT;80500;41.861279;12.486443;Wolof;Islam;Southern Europe;0;
Kimr;Sudan;SU;219000;13.526384;22.965195;Assangori;Islam;Northern Africa;0;
Malagasy;Canada;CA;2400;45.537876;-73.64668;Malagasy, Merina;Islam;Northern America;0;
Fertit;Sudan;SU;16500;10.376897;23.713961;Kara (Central African Republic);Islam;Northern Africa;10;
Tigrai;Sudan;SU;64500;14.288238;36.462908;Tigrigna;Christianity;Northern Africa;0;
Georgians;Uzbekistan;UZ;8800;42.443764;59.634915;Georgian;Unaffiliated;Central Asia;0;
Lao;Canada;CA;17000;43.7298;-79.4708;Lao;Buddhism;Northern America;10;
Eritreans;Sweden;SW;56500;59.329444;18.068611;Tigrigna;Christianity;Northern Europe;0;
Georgians;Kazakhstan;KZ;7100;43.2509;76.8383;Georgian;Unaffiliated;Central Asia;0;
Bokoruge;Sudan;SU;7600;12.740398;22.127374;Daju, Dar Sila;Ethnoreligion;Northern Africa;0;
Ajuran;Kenya;KE;233000;2.8136;40.9317;Oromo, Borana-Arsi-Guji;Islam;Eastern Africa;10;
Brunei;Canada;CA;5400;43.590118;-79.590928;Brunei;Islam;Northern America;0;
Surbakhal;Chad;CD;19000;13.13312;21.62433;Surbakhal;Islam;Middle Africa;0;
Turkmen;Kyrgyzstan;KG;2100;40.937108;72.978779;Turkmen;Islam;Central Asia;0;
Kubachi;Russian Federation;RS;7000;42.2138;47.4216;Kubachi;Islam;Eastern Europe;10;
Dargins;Uzbekistan;UZ;3800;42.339888;59.561936;Dargwa;Islam;Central Asia;0;
Karachay;Kyrgyzstan;KG;1700;42.886578;74.603444;Karachay-Balkar;Islam;Central Asia;0;
Tajiks;Kazakhstan;KZ;34000;42.316686;69.604227;Tajik;Islam;Central Asia;0;
Tajiks;Kyrgyzstan;KG;62500;42.8707;74.5317;Tajik;Islam;Central Asia;0;
Dargins;Kyrgyzstan;KG;2400;42.904218;74.55697;Dargwa;Islam;Central Asia;0;
Dargins;Turkmenistan;TX;3000;40.021393;52.979135;Dargwa;Islam;Central Asia;0;
Kaitag;Russian Federation;RS;30000;42.1217;47.8304;Kaitag;Islam;Eastern Europe;0;
Tajiks;Turkmenistan;TX;5800;38.003491;58.302605;Tajik;Islam;Central Asia;0;
Lak;Turkmenistan;TX;4500;40.0177;52.9749;Lak;Islam;Central Asia;0;
Lezghi;Kyrgyzstan;KG;2600;42.88541;74.659567;Lezgi;Islam;Central Asia;0;
Bashkir;Turkmenistan;TX;8600;37.958867;58.354311;Bashkort;Islam;Central Asia;0;
Kazakh;Kyrgyzstan;KG;62500;42.751919;71.618577;Kazakh;Islam;Central Asia;0;
Kazakh;Turkmenistan;TX;163000;42.321427;59.166897;Kazakh;Islam;Central Asia;0;
Karakalpaks;Kazakhstan;KZ;1900;45.849053;62.150744;Karakalpak;Islam;Central Asia;10;
Uyghurs;Uzbekistan;UZ;65500;40.462052;71.729324;Uyghur;Islam;Central Asia;10;
Lezghi;Turkmenistan;TX;19000;37.914216;58.388924;Lezgi;Islam;Central Asia;0;
Bashkir;Kazakhstan;KZ;30500;50.296406;57.16375;Bashkort;Islam;Central Asia;0;
Lezghi;Kazakhstan;KZ;6100;43.641752;51.169039;Lezgi;Islam;Central Asia;0;
Bashkir;Uzbekistan;UZ;63500;41.386642;69.220358;Bashkort;Islam;Central Asia;0;
Karakalpaks;Turkmenistan;TX;5600;42.253973;59.729581;Karakalpak;Islam;Central Asia;0;
Sinte Romani;Kazakhstan;KZ;6700;43.2112;76.8737;Romani, Sinte;Islam;Central Asia;0;
Melayu Ketapang;Indonesia;ID;315000;-1.833333;110.25;Malay;Islam;South-Eastern Asia;10;
Saudi Arabs;Jordan;JO;35500;31.9537;35.9433;Arabic, Hijazi;Islam;Western Asia;0;
Omani Arabs;Kuwait;KU;21000;29.3809;47.9871;Arabic, Omani;Islam;Western Asia;0;
Urdu;Türkiye;TU;26500;41.064;29.0351;Urdu;Islam;Western Asia;0;
Gujur Rajasthani;Afghanistan;AF;20000;35.24842;71.48793;Gujari;Islam;Southern Asia;0;
Jat Muslim;India;IN;645000;23.714614;69.843011;Sindhi;Islam;Southern Asia;0;
Jordanian Arabs;Kuwait;KU;407000;29.28246;47.98267;Arabic, Standard;Islam;Western Asia;0;
Bonai;Indonesia;ID;16500;1.274519;100.863546;Malay;Islam;South-Eastern Asia;10;
Yemeni Arabs;Kuwait;KU;8500;29.3071;47.9815;Arabic, Ta’izzi-Adeni;Islam;Western Asia;0;
Lebanese Arabs;Kuwait;KU;140000;29.3278;47.9114;Arabic, Levantine;Islam;Western Asia;0;
Palestinian Arabs;Saudi Arabia;SA;458000;24.47941;39.607041;Arabic, Levantine;Islam;Western Asia;0;
Kedayan;Malaysia;MY;91000;4.01381;113.97275;Brunei;Islam;South-Eastern Asia;0;
Iraqi Arabs;Yemen;YM;10500;15.385;44.176;Arabic, Mesopotamian;Islam;Western Asia;0;
Gujaratis;Bahrain;BA;34500;26.211163;50.554337;Gujarati;Hinduism;Western Asia;10;
Druze;Jordan;JO;24500;32.332163;36.501059;Arabic, Levantine;Other;Western Asia;0;
Kraol;Cambodia;CB;4200;12.8107;106.53864;Kraol;Ethnoreligion;South-Eastern Asia;10;
Tai Nua;Laos;LA;15000;19.37757;103.42006;Tai Nüa;Ethnoreligion;South-Eastern Asia;0;
Tai Kaleun;Laos;LA;12500;18.579676;104.986492;Thai, Northeastern;Ethnoreligion;South-Eastern Asia;0;
Poles;Iceland;IC;20500;64.1367;-21.8612;Polish;Christianity;Northern Europe;0;
Georgians;Azerbaijan;AJ;15500;41.36546;46.82747;Georgian;Unaffiliated;Western Asia;0;
Azerbaijani;Kyrgyzstan;KG;21000;42.92345;74.60306;Azerbaijani, North;Islam;Central Asia;0;
Akeu;Laos;LA;3100;22.438383;101.74632;Biyo;Ethnoreligion;South-Eastern Asia;0;
Barua;India;IN;950;23.940628;91.986786;Bengali;Buddhism;Southern Asia;0;
Wassulu;Cote d’Ivoire;IV;19000;9.501217;-7.561283;Wojenaka;Islam;Western Africa;10;
Bulgarians;Türkiye;TU;8000;41.67706;26.60341;Bulgarian;Christianity;Western Asia;0;
Northern Thai;Laos;LA;44000;20.01593;100.68798;Thai, Northern;Ethnoreligion;South-Eastern Asia;0;
Indo-Pakistani;South Korea;KS;7100;37.552258;126.958856;Hindi;Hinduism;Eastern Asia;0;
Caboverdian Mestico;Spain;SP;3100;40.397344;-3.687831;Kabuverdianu;Christianity;Southern Europe;0;
Mlabri;Laos;LA;60;18.63957;101.28868;Mlabri;Ethnoreligion;South-Eastern Asia;0;
Sudra Das;India;IN;910000;24.689793;92.678998;Bengali;Hinduism;Southern Asia;0;
Saha;India;IN;4400;23.893703;91.395378;Bengali;Hinduism;Southern Asia;0;
Urdu;Afghanistan;AF;20500;34.5589;69.1833;Urdu;Islam;Southern Asia;0;
Western Punjabi;United Kingdom;UK;272000;51.683326;-0.198932;Punjabi, Western;Islam;Northern Europe;10;
Mahisyadas;India;IN;190000;23.831457;91.286778;Bengali;Hinduism;Southern Asia;0;
Mauritians;France;FR;1000;48.906128;2.338173;Morisyen;Hinduism;Western Europe;0;
Hindi;South Korea;KS;2700;37.566667;126.978056;Hindi;Hinduism;Eastern Asia;0;
Tripuri Kumhar;India;IN;20500;22.074993;88.068248;Bengali;Hinduism;Southern Asia;0;
Indo-French;India;IN;6700;11.930182;79.797144;French;Hinduism;Southern Asia;0;
Shabdakar;India;IN;700;23.894144;91.413786;Bengali;Hinduism;Southern Asia;0;
Banik Bania;India;IN;127000;23.831457;91.286778;Bengali;Hinduism;Southern Asia;0;
Central Pashtun;Afghanistan;AF;2900000;34.542471;69.157651;Pashto, Central;Islam;Southern Asia;10;
Nakkala;India;IN;18000;13.269706;80.277214;Vaghri;Hinduism;Southern Asia;0;
Haluadas;India;IN;7400;23.80089;91.46741;Bengali;Hinduism;Southern Asia;0;
Pulaar;France;FR;1100;43.302552;5.406638;Pulaar;Islam;Western Europe;0;
Mandinka;France;FR;100;43.298176;5.396182;Mandinka;Islam;Western Europe;0;
Giay;Laos;LA;8600;21.217631;101.909741;Bouyei;Ethnoreligion;South-Eastern Asia;0;
Jola-Fogny;France;FR;100;48.938945;2.29712;Jola-Fonyi;Islam;Western Europe;0;
Fula Toro;Mali;ML;336000;14.447276;-11.4397;Pulaar;Islam;Western Africa;10;
Turkana;South Sudan;OD;4900;4.5169;34.1194;Turkana;Ethnoreligion;Northern Africa;10;
Karakalpaks;Kyrgyzstan;KG;2000;40.933156;72.978814;Karakalpak;Islam;Central Asia;0;
Kyrgyz;Afghanistan;AF;1300;37.06464;74.24692;Kyrgyz;Islam;Southern Asia;10;
Indo-Vietnamese;India;IN;475;11.912456;79.815389;Lao;Ethnoreligion;Southern Asia;0;
Nigerians;France;FR;30000;48.887077;2.307262;English;Christianity;Western Europe;0;
Bashkir;Kyrgyzstan;KG;1100;42.890475;74.591625;Bashkort;Islam;Central Asia;0;
Sierra Leoneans;France;FR;1500;43.297302;5.405218;English;Islam;Western Europe;0;
Kurol;India;IN;5100;25.147564;88.091248;Bengali;Hinduism;Southern Asia;0;
Sabar;India;IN;6200;23.899667;91.404966;Bengali;Hinduism;Southern Asia;0;
Tai Sam;Laos;LA;1300;19.738647;103.252511;Shan;Ethnoreligion;South-Eastern Asia;0;
Huaning Yi;China;CH;53500;24.195739;102.928947;Sani;Ethnoreligion;Eastern Asia;10;
Jiasou;China;CH;50500;23.712641;105.069655;Sani;Ethnoreligion;Eastern Asia;0;
Naju;China;CH;2500;27.678056;101.46272;Narua;Ethnoreligion;Eastern Asia;0;
Liang E;China;CH;6700;26.731083;100.761886;Lang’e;Ethnoreligion;Eastern Asia;0;
Miguba;China;CH;100;29.296212;95.312089;Adi;Ethnoreligion;Eastern Asia;0;
Southeastern Luoluopo;China;CH;59500;23.071524;104.178554;Nisi;Ethnoreligion;Eastern Asia;10;
Mengwu;China;CH;30500;23.629695;105.254399;Sani;Ethnoreligion;Eastern Asia;0;
Asahei;China;CH;14000;23.721624;103.584713;Sani;Ethnoreligion;Eastern Asia;10;
Labapo;China;CH;11000;23.637;103.389909;Sani;Ethnoreligion;Eastern Asia;0;
Hmong Daw;Myanmar;BM;10000;19.730524;98.538955;Hmong Daw;Ethnoreligion;South-Eastern Asia;10;
Croats;North Macedonia;MK;2400;42.004544;21.465509;Croatian;Christianity;Southern Europe;10;
Japanese;Dominican Republic;DR;2300;18.487;-69.965;Japanese;Ethnoreligion;Caribbean;0;
Kwaluudhi;Namibia;WA;71000;-17.594813;15.415795;Oshiwambo;Ethnoreligion;Southern Africa;10;
Kham Tibetans;Bhutan;BT;1200;27.546331;89.677008;Tibetan, Khams;Buddhism;Southern Asia;0;
Ngandjera;Namibia;WA;109000;-17.570982;15.904035;Oshiwambo;Ethnoreligion;Southern Africa;10;
Eunda;Namibia;WA;20000;-17.647442;15.79088;Oshiwambo;Ethnoreligion;Southern Africa;10;
Nkolonkadhi;Namibia;WA;20000;-17.637131;15.28919;Oshiwambo;Ethnoreligion;Southern Africa;10;
Italians;Monaco;MN;4300;43.7378;7.4222;Italian;Christianity;Western Europe;0;
French;Andorra;AN;4600;42.5361;1.58277;French;Unaffiliated;Southern Europe;0;
Japanese;Micronesia;FM;950;6.95491;158.212341;Japanese;Ethnoreligion;Micronesia;0;
Japanese;Canada;CA;82000;49.23917;-122.9625;Japanese;Ethnoreligion;Northern America;10;
Hui;Malaysia;MY;18000;3.145626;101.66234;Chinese, Mandarin;Islam;South-Eastern Asia;0;
Lithuanians;Sweden;SW;15500;59.3095;18.0889;Lithuanian;Christianity;Northern Europe;0;
Hui;Singapore;SN;18000;1.328245;103.678926;Chinese, Mandarin;Islam;South-Eastern Asia;0;
Macedonians;Germany;GM;85000;52.384595;9.733591;Macedonian;Christianity;Western Europe;0;
Portuguese;Andorra;AN;11500;42.504617;1.512446;Portuguese;Christianity;Southern Europe;0;
Poles;Belgium;BE;100000;51.216;4.4;Polish;Christianity;Western Europe;0;
Wallisians;New Caledonia;NC;26500;-22.2879;166.4524;Wallisian;Christianity;Melanesia;0;
Gulf Arabs;Saudi Arabia;SA;578000;18.232;42.4841;Arabic, Gulf;Islam;Western Asia;10;
Beja;Eritrea;ER;222000;16.683057;38.483911;Bedawiyet;Islam;Eastern Africa;0;
Persians;Afghanistan;AF;117000;34.258211;62.446083;Persian, Iranian;Islam;Southern Asia;10;
Saudi Arabs;Kuwait;KU;382000;29.343;47.659;Arabic, Najdi;Islam;Western Asia;0;
Indian Muslims;Malaysia;MY;314000;3.027;101.7748;Tamil;Islam;South-Eastern Asia;0;
Tunisian Arabs;Italy;IT;124000;41.899693;12.534523;Arabic, Tunisian;Islam;Southern Europe;10;
Tagdal;Niger;NG;72000;16.19078;6.83992;Tagdal;Islam;Western Africa;0;
Khandwal;India;IN;12500;22.2579;86.1849;Bengali;Hinduism;Southern Asia;0;
Muslim Lakhera;India;IN;2200;22.820862;73.747786;Urdu;Islam;Southern Asia;0;
Chadian (French);Chad;CD;8400;12.115851;15.072835;French;Islam;Middle Africa;0;
Nicar;India;IN;4400;31.4668;76.27199;Pahari-Potwari;Hinduism;Southern Asia;0;
Kankali;India;IN;750;27.58;81.6;Urdu;Islam;Southern Asia;0;
Vyapari;India;IN;1000;23.123638;72.052742;Urdu;Islam;Southern Asia;0;
Pakistani;Spain;SP;91500;41.412401;2.134987;Urdu;Islam;Southern Europe;10;
Punjabis;Belgium;BE;24000;50.845939;4.317862;Punjabi, Western;Islam;Western Europe;0;
Urdu;France;FR;110000;48.876584;2.355126;Urdu;Islam;Western Europe;10;
Dhaki;India;IN;7400;31.1484;77.7282;Pahari-Potwari;Hinduism;Southern Asia;0;
Hindi;France;FR;95000;48.943659;2.239397;Hindi;Hinduism;Western Europe;10;
Mujavir;India;IN;7100;28.125;78.90826;Urdu;Islam;Southern Asia;0;
Venezuelans;Chile;CI;463000;-33.416667;-70.666667;Spanish;Christianity;South America;75;
Dominicans;French Guiana;FG;750;4.933129;-52.308212;Spanish;Christianity;South America;75;
Antillean Creole;Germany;GM;17500;48.129784;11.532606;Papiamentu;Christianity;Western Europe;75;
Quillasinga;Colombia;CO;7300;1.147598;-77.00217;Spanish;Christianity;South America;0;
Latin Americans;Australia;AS;14500;-37.814251;144.963169;Spanish;Christianity;Australia and New Zealand;10;
Surinamers;Germany;GM;50;48.13822;11.56176;Dutch;Christianity;Western Europe;75;
Indo-Caribbean;Germany;GM;51000;48.186117;11.573467;Dutch;Hinduism;Western Europe;75;
Venezuelans;Colombia;CO;2580000;7.133333;-73;Spanish;Christianity;South America;75;
Brasiguayo;Paraguay;PA;459000;-25.268728;-57.492266;Portuguese;Christianity;South America;75;
Colombians;Venezuela;VE;189000;10.470912;-66.705417;Spanish;Christianity;South America;75;
Brazilians;Switzerland;SZ;21500;47.566;7.6;Portuguese;Christianity;Western Europe;75;
West Indian Blacks;Sint Maarten;NN;18500;18.04715;-63.07851;Virgin Islands English Creole;Christianity;Caribbean;75;
Guatemalans;Guatemala;GT;10150000;14.625986;-90.538508;Spanish;Christianity;Central America;75;
Jamaicans;Cuba;CU;4900;23.126311;-82.406349;Jamaican English Creole;Christianity;Caribbean;75;
Aluku;French Guiana;FG;3700;4.270562;-54.380529;Aukan;Christianity;South America;75;
Haitians;Jamaica;JM;59500;17.9968;-76.792382;Haitian Creole;Christianity;Caribbean;75;
Garifuna;Guadeloupe;GP;4200;16.250282;-61.519852;Virgin Islands English Creole;Christianity;Caribbean;75;
Nepalis;United Kingdom;UK;75500;51.486924;0.062003;Nepali;Hinduism;Northern Europe;10;
Nepalis;Portugal;PO;550;38.72638;-9.134906;Nepali;Hinduism;Southern Europe;10;
Nepalis;Spain;SP;3500;41.379154;2.169184;Nepali;Hinduism;Southern Europe;10;
Greeks;Czech Republic;EZ;3600;49.790793;18.328023;Greek;Christianity;Eastern Europe;75;
Santal (Bengali);India;IN;3350000;22.356925;86.815537;Bengali;Hinduism;Southern Asia;75;
Punjabis;France;FR;5100;48.854267;2.30678;Punjabi, Western;Hinduism;Western Europe;10;
Bhat (Pahari);India;IN;2300;30.725833;77.286488;Pahari-Potwari;Hinduism;Southern Asia;75;
Romanians;Czech Republic;EZ;12500;50.07322;14.401962;Romanian;Christianity;Eastern Europe;75;
Thavi;India;IN;15500;31.0725;76.7038;Pahari-Potwari;Hinduism;Southern Asia;0;
Badhi;India;IN;27000;31.197286;77.632131;Pahari-Potwari;Ethnoreligion;Southern Asia;75;
Nepalis;Germany;GM;6700;50.104856;8.642634;Nepali;Hinduism;Western Europe;10;
Machineri;Bolivia;BL;275;-10.956608;-69.48053;Portuguese;Ethnoreligion;South America;75;
Attar Saibulu;India;IN;3800;19.128958;74.294739;Urdu;Islam;Southern Asia;0;
Pitaguari;Brazil;BR;2900;-4;-38.5;Portuguese;Ethnoreligion;South America;0;
Arana;Brazil;BR;400;-16.8509;-42.0668;Portuguese;Christianity;South America;0;
Kaixana;Brazil;BR;500;-2.916667;-67.416667;Portuguese;Ethnoreligion;South America;0;
Betoye;Colombia;CO;800;6.454076;-71.757626;Spanish;Ethnoreligion;South America;0;
Paraujano;Venezuela;VE;18000;10.8292;-71.8629;Spanish;Christianity;South America;0;
Kunza;Chile;CI;36000;-23.684924;-68.064335;Spanish;Christianity;South America;75;
Coyaima;Colombia;CO;57500;3.799778;-75.195886;Spanish;Ethnoreligion;South America;0;
Dujo;Colombia;CO;45;2.8648;-75.2391;Spanish;Ethnoreligion;South America;75;
Guanaca;Colombia;CO;600;2.559133;-76.062206;Spanish;Ethnoreligion;South America;0;
Reyesano;Bolivia;BL;5600;-14.8706;-66.77;Spanish;Christianity;South America;0;
Itene;Bolivia;BL;70;-11.897652;-65.080575;Spanish;Christianity;South America;75;
Omaguaca;Argentina;AR;7400;-23.2064;-65.3487;Spanish;Christianity;South America;75;
Comechingones;Argentina;AR;37500;-33.1135;-64.3445;Spanish;Christianity;South America;75;
Ranquel;Argentina;AR;16000;-36.6234;-64.2875;Spanish;Christianity;South America;75;
Diaguita;Argentina;AR;72500;-26.070383;-65.970151;Spanish;Ethnoreligion;South America;75;
Canamomo;Colombia;CO;26500;5.475882;-75.598698;Spanish;Ethnoreligion;South America;0;
Atacama;Argentina;AR;15000;-23.398617;-66.385047;Spanish;Christianity;South America;75;
Lule;Argentina;AR;4000;-26.7888;-65.4713;Spanish;Christianity;South America;75;
Totoró;Colombia;CO;5200;2.512838;-76.404248;Spanish;Christianity;South America;0;
Sanaviron;Argentina;AR;3100;-29.103;-62.9917;Spanish;Christianity;South America;75;
Afro-Bolivians;Bolivia;BL;128000;-16.2708;-67.6364;Spanish;Ethnoreligion;South America;75;
Afro-Argentines;Argentina;AR;153000;-34.636105;-58.482237;Spanish;Christianity;South America;75;
Itza;Guatemala;GT;3200;16.997;-89.903;Spanish;Christianity;Central America;75;
Afro-Peruvians;Peru;PE;57000;-12.215422;-76.938502;Spanish;Christianity;South America;75;
Mexicans;Mexico;MX;125000000;19.41073;-99.126273;Spanish;Christianity;Central America;75;
Latin Americans;Aruba;AA;14000;12.519244;-70.022527;Spanish;Christianity;Caribbean;75;
Hondurans;Honduras;HO;9865000;14.086228;-87.198063;Spanish;Christianity;Central America;75;
Puerto Ricans;Puerto Rico;RQ;3105000;18.22841;-66.42889;Spanish;Christianity;Caribbean;75;
Nicaraguans;Nicaragua;NU;6735000;12.134749;-86.223563;Spanish;Christianity;Central America;75;
Panamanian Mulatto;Panama;PM;433000;8.988864;-79.533142;Spanish;Christianity;Central America;75;
Charrua;Argentina;AR;16000;-31.3848;-58.0252;Spanish;Christianity;South America;75;
Ava Guarani;Argentina;AR;19500;-23.1336;-64.3175;Spanish;Christianity;South America;75;
Lenca;Honduras;HO;195000;14.31537;-88.166729;Spanish;Christianity;Central America;75;
Kanjobal;Mexico;MX;10500;16.117778;-92.051667;Spanish;Christianity;Central America;75;
Tohono O'odham;Mexico;MX;475;31.861389;-112.854444;Spanish;Christianity;Central America;75;
Popti;Mexico;MX;700;15.606667;-92.065278;Spanish;Christianity;Central America;75;
Kankuamo;Colombia;CO;15500;10.4591;-73.2605;Spanish;Christianity;South America;10;
Tektiteko;Mexico;MX;1200;15.387778;-92.186111;Spanish;Christianity;Central America;75;
Part-Indian;Panama;PM;143000;9.0659;-79.3878;Spanish;Christianity;Central America;75;
Kickapoo;Mexico;MX;850;28.039167;-101.785556;Spanish;Christianity;Central America;75;
Chorti;Honduras;HO;7700;14.83711;-89.12916;Spanish;Ethnoreligion;Central America;10;
Pastos;Colombia;CO;164000;0.9619;-77.7298;Spanish;Ethnoreligion;South America;10;
Cubans;Cuba;CU;11300000;23.085223;-82.357888;Spanish;Christianity;Caribbean;75;
Jamaicans;Bahamas;BF;5400;25.045721;-77.35421;Jamaican English Creole;Christianity;Caribbean;75;
Afro-Guyanese;French Guiana;FG;23500;4.9266;-52.3006;Guyanese English Creole;Christianity;South America;75;
Haitians;Guadeloupe;GP;14000;16.258588;-61.564792;Haitian Creole;Christianity;Caribbean;75;
Haitians;Cuba;CU;38500;23.082;-82.428;Haitian Creole;Christianity;Caribbean;75;
Brazilians;Spain;SP;33500;40.468386;-3.780041;Portuguese;Christianity;Southern Europe;10;
Jamaicans;Costa Rica;CS;70000;9.9229;-83.07574;Jamaican English Creole;Ethnoreligion;Central America;75;
Antiguans;Sint Maarten;NN;13000;18.044049;-63.022489;Leeward Caribbean English Creole;Christianity;Caribbean;75;
Brazilians;Belgium;BE;17000;50.86063;4.371105;Portuguese;Christianity;Western Europe;75;
Haitians;Martinique;MB;2800;14.605543;-61.055036;Haitian Creole;Christianity;Caribbean;75;
Brazilians;Italy;IT;46500;45.445273;9.172534;Portuguese;Christianity;Southern Europe;75;
Antillean Creole;Sint Maarten;NN;7100;18.036903;-63.081904;Papiamentu;Christianity;Caribbean;75;
Afro-Guyanese;Suriname;NS;140000;5.8341;-55.2076;Guyanese English Creole;Christianity;South America;75;
Brazilians;United Kingdom;UK;274000;51.562274;-0.265406;Portuguese;Christianity;Northern Europe;75;
Haitians;Bahamas;BF;28000;25.078056;-77.338611;Haitian Creole;Christianity;Caribbean;75;
Jamaicans;Panama;PM;209000;9.33649;-79.889258;Jamaican English Creole;Ethnoreligion;Central America;75;
Quilombolas;Brazil;BR;1345000;-4.866347;-43.356132;Portuguese;Ethnoreligion;South America;10;
Paiaku;Brazil;BR;300;-3.960566;-38.281142;Portuguese;Ethnoreligion;South America;0;
Kulina Pano;Brazil;BR;125;-4.467107;-71.40113;Portuguese;Christianity;South America;0;
Kaxixó;Brazil;BR;325;-19.3371;-45.0713;Portuguese;Ethnoreligion;South America;0;
Slovaks;Canada;CA;23000;43.647193;-79.38904;Slovak;Christianity;Northern America;0;
Portuguese;Canada;CA;307000;43.824437;-79.372412;Portuguese;Christianity;Northern America;75;
Italians;Canada;CA;860000;45.633003;-73.804108;Italian;Christianity;Northern America;75;
Poles;Canada;CA;317000;43.6483;-79.4498;Polish;Christianity;Northern America;10;
Czechs;Canada;CA;39500;43.646977;-79.406357;Czech;Christianity;Northern America;0;
Norwegians;Canada;CA;8800;43.8691;-79.0435;Norwegian;Unaffiliated;Northern America;75;
Romanians;Canada;CA;106000;45.5306;-73.6728;Romanian;Christianity;Northern America;10;
Russians;Canada;CA;199000;49.27119;-123.08988;Russian;Christianity;Northern America;10;
Greeks;Canada;CA;200000;43.665206;-79.543021;Greek;Christianity;Northern America;10;
Ukrainians;Canada;CA;253000;49.25395;-122.99537;Ukrainian;Christianity;Northern America;75;
Pinjara, Behna (Urdu);India;IN;3635000;27.621866;81.639021;Urdu;Islam;Southern Asia;10;
Sayyid;India;IN;8175000;26.565546;80.59858;Urdu;Islam;Southern Asia;10;
Pathan (Urdu);India;IN;4730000;26.124583;80.211504;Urdu;Islam;Southern Asia;10;
Hindi;Myanmar;BM;273000;16.8122;96.1662;Hindi;Hinduism;South-Eastern Asia;10;
Urdu;Belgium;BE;9800;50.861579;4.388464;Urdu;Islam;Western Europe;0;
Qazi;India;IN;48500;26.8387;81.0446;Urdu;Islam;Southern Asia;10;
Indians;Spain;SP;37000;36.742287;-4.41409;Hindi;Hinduism;Southern Europe;10;
Manihar;India;IN;616000;27.313491;81.548368;Urdu;Islam;Southern Asia;10;
Darji (Urdu);India;IN;1070000;27.237116;81.415359;Urdu;Islam;Southern Asia;10;
Romanians;United Kingdom;UK;381000;51.579711;-0.017593;Romanian;Christianity;Northern Europe;10;
Macedonians;Albania;AL;121000;41.3285;19.834;Macedonian;Christianity;Southern Europe;10;
Ukrainians;Czech Republic;EZ;141000;50.087861;14.421144;Russian;Christianity;Eastern Europe;10;
Parsee;United Kingdom;UK;4100;51.468388;-0.158542;Gujarati;Other;Northern Europe;10;
Sri Lanken;Italy;IT;114000;41.921602;12.479112;Sinhala;Buddhism;Southern Europe;0;
Lithuanians;United Kingdom;UK;156000;51.507;-0.1275;Lithuanian;Christianity;Northern Europe;10;
Bihari;Bangladesh;BG;2070000;25.779325;88.894667;Bhojpuri;Islam;Southern Asia;10;
Russians;Czech Republic;EZ;41500;50.089084;14.513541;Russian;Christianity;Eastern Europe;10;
Sokoro;Sudan;SU;2700;12.951336;22.872261;Sokoro;Islam;Northern Africa;0;
Eurafricans;Sudan;SU;15000;15.5172;32.5173;English;Christianity;Northern Africa;0;
Boor;Chad;CD;425;10.098;17.585;Boor;Islam;Middle Africa;0;
Uraparaquara;Brazil;BR;100;-11.666667;-63.666667;Uru-Eu-Wau-Wau;Ethnoreligion;South America;0;
Comorian Mwali;Comoros;CN;41000;-12.282012;43.736983;Comorian, Mwali;Islam;Eastern Africa;0;
South African Muslims;South Africa;SF;387000;-29.954334;30.919892;English;Islam;Southern Africa;0;
Bosniaks;Canada;CA;44000;43.620528;-79.549489;Bosnian;Islam;Northern America;0;
Akurio;Brazil;BR;40;-1.75;-55.833333;Trió;Ethnoreligion;South America;0;
Bernde;Chad;CD;5100;12.0772;17.6667;Morom;Islam;Middle Africa;0;
Kango-Likango;Congo, Democratic Republic of the;CG;11500;3.504934;24.479151;Kango (DRC, , Bas-Uélé district);Ethnoreligion;Middle Africa;0;
Tamil;Germany;GM;67000;51.4798;7.1576;Tamil;Hinduism;Western Europe;10;
Tabi;Ethiopia;ET;5200;10.945766;35.187145;Gaam;Christianity;Eastern Africa;0;
Jamaicans;Germany;GM;1300;48.13893;11.550464;English;Christianity;Western Europe;75;
Wolof;Guinea-Bissau;PU;11000;11.8831;-15.5977;Wolof;Islam;Western Africa;0;
Georgians;Canada;CA;2700;43.762624;-79.393035;Georgian;Christianity;Northern America;0;
Donyiro;South Sudan;OD;17500;5.3724;34.9117;Nyangatom;Ethnoreligion;Northern Africa;0;
Maltese;Canada;CA;7800;43.6655;-79.4741;Maltese;Christianity;Northern America;0;
Samoya;Mali;ML;4300;13.812734;-2.962842;Kalamsé;Ethnoreligion;Western Africa;0;
Tamil;France;FR;126000;48.896639;2.3873;Tamil;Hinduism;Western Europe;10;
Mopan Maya;Guatemala;GT;7800;16.198;-89.44;Maya, Mopán;Ethnoreligion;Central America;75;
Kaiwa;Paraguay;PA;28000;-25.5649;-54.610529;Kaiwá;Ethnoreligion;South America;75;
Latvians;Canada;CA;16000;43.7247;-79.3178;Latvian, Standard;Unaffiliated;Northern America;75;
Hungarians;Canada;CA;42000;43.6805;-79.4315;Hungarian;Unaffiliated;Northern America;75;
Wounaan;Panama;PM;8800;7.57117;-78.00241;Woun Meu;Ethnoreligion;Central America;75;
Tamil;United Kingdom;UK;54500;51.421424;0.121174;Tamil;Hinduism;Northern Europe;75;
Tucano;Colombia;CO;7000;1.205;-71.8378;Tucano;Ethnoreligion;South America;0;
Ibuoro;Nigeria;NI;12500;5.4712;7.9154;Ibuoro;Ethnoreligion;Western Africa;0;
Anglo-Canadians;Canada;CA;15760000;43.766389;-79.420399;English;Unaffiliated;Northern America;75;
Rundi;Tanzania;TZ;658000;-2.872929;30.960495;Rundi;Christianity;Eastern Africa;0;
Bay Islands Creole;Honduras;HO;20000;16.328845;-86.537355;English;Christianity;Central America;75;
Antilles (English);Sint Maarten;NN;5400;18.040621;-63.049557;English;Christianity;Caribbean;75;
Estonians;Canada;CA;10000;43.654718;-79.424984;Estonian, Standard;Christianity;Northern America;75;
Eurasians;Myanmar;BM;56500;16.825315;96.167902;English;Christianity;South-Eastern Asia;75;
Gorani;Albania;AL;3700;41.9796;20.6042;Bosnian;Islam;Southern Europe;0;
Chenchu;India;IN;73000;18.4337;79.1833;Chenchu;Hinduism;Southern Asia;75;
Garifuna;Guatemala;GT;21000;15.84394;-88.85;Garifuna;Christianity;Central America;75;
Chiripa;Brazil;BR;9300;-23.5946;-54.7605;Guaraní, Ava;Ethnoreligion;South America;10;
Bribri;Panama;PM;3200;9.528905;-82.871284;Bribri;Ethnoreligion;Central America;75;
Bijim;Nigeria;NI;11500;9.2566;9.2877;Bijim;Christianity;Western Africa;0;
Bolon;Mali;ML;7100;13.466;-4.076;Bolon;Islam;Western Africa;0;
Garifuna;Nicaragua;NU;3500;12.1512;-86.2391;Garifuna;Ethnoreligion;Central America;75;
Guaymi;Costa Rica;CS;4800;8.96634;-82.90021;Ngäbere;Ethnoreligion;Central America;75;
Paya-Pech;Honduras;HO;6200;15.171;-85.462;Pech;Ethnoreligion;Central America;75;
Uncontacted of Bararati;Brazil;BR;25;-7.962204;-58.354304;Undetermined;Ethnoreligion;South America;0;
Uncontacted of Parauari;Brazil;BR;25;-3.445209;-57.646513;Undetermined;Ethnoreligion;South America;0;
Lohar (Pahari);India;IN;732000;32.078894;76.286761;Pahari-Potwari;Hinduism;Southern Asia;10;
Uncontacted of Cumina;Brazil;BR;25;-1.230388;-56.029105;Undetermined;Ethnoreligion;South America;0;
Koro Zuba;Nigeria;NI;13000;9.011;7.261;Koro Zuba;Ethnoreligion;Western Africa;0;
Uncontacted of Teles Pires;Brazil;BR;25;-8.754115;-57.547317;Undetermined;Ethnoreligion;South America;0;
Uncontacted of Rio Tapirape;Brazil;BR;25;-10.786424;-51.677953;Undetermined;Ethnoreligion;South America;0;
Uncontacted of Madeirinha;Brazil;BR;25;-9.486839;-61.296203;Undetermined;Ethnoreligion;South America;0;
Uncontacted of Mapuera;Brazil;BR;25;-1.111981;-57.586558;Undetermined;Ethnoreligion;South America;0;
Uncontacted of Rio Liberdade;Brazil;BR;25;-10.089675;-52.93349;Undetermined;Ethnoreligion;South America;0;
Uncontacted of Serra do Taquaral;Brazil;BR;50;-13.313028;-61.760484;Undetermined;Ethnoreligion;South America;0;
Koro Nulu;Nigeria;NI;4700;9.3001;7.2376;Koro Nulu;Islam;Western Africa;0;
Mayangna;Honduras;HO;2500;15.048841;-84.876476;Mayangna;Ethnoreligion;Central America;75;
Chamacocos;Brazil;BR;40;-21.583333;-57.833333;Chamacoco;Ethnoreligion;South America;0;
Nicaraguan Creole;Nicaragua;NU;25500;12.010545;-83.771554;Nicaragua English Creole;Ethnoreligion;Central America;75;
Matangi;India;IN;950;19.080908;79.560344;Telugu;Hinduism;Southern Asia;0;
Manne;India;IN;70500;18.976171;79.159762;Telugu;Hinduism;Southern Asia;10;
Enlhet;Paraguay;PA;7200;-22.351541;-60.02849;Enlhet;Christianity;South America;75;
Mango;Chad;CD;209000;8.6725;16.844;Mango;Ethnoreligion;Middle Africa;0;
Ellamalawar;India;IN;6300;19.128102;77.649325;Telugu;Hinduism;Southern Asia;75;
Mayangna;Nicaragua;NU;9700;14.154;-84.719;Mayangna;Ethnoreligion;Central America;75;
Leco;Bolivia;BL;4000;-14.720254;-68.42003;Quechua, North Bolivian;Ethnoreligion;South America;75;
Dal;India;IN;37500;20.715514;83.488359;Kui (India);Ethnoreligion;Southern Asia;10;
Jogi (Bushhari);India;IN;27000;32.261349;76.050526;Sirmauri;Hinduism;Southern Asia;10;
Bangti;India;IN;300;19.9;83.17;Odia;Hinduism;Southern Asia;0;
Migaama;Chad;CD;77500;12.288143;18.820423;Migaama;Islam;Middle Africa;0;
Rangpuri;Bangladesh;BG;10470000;25.65925;88.914521;Rangpuri;Islam;Southern Asia;10;
Mala Masti;India;IN;550;18.6964;78.213181;Telugu;Hinduism;Southern Asia;0;
Sebei;Sudan;SU;25000;10.732438;29.70457;Arabic, Sudanese;Islam;Northern Africa;0;
Wandya;Malawi;MI;27000;-9.7538;33.3284;Nyiha, Malawi;Ethnoreligion;Eastern Africa;0;
Masku;India;IN;700;32.099803;76.269101;Kangri;Hinduism;Southern Asia;0;
Barbadian;United Kingdom;UK;24000;51.511661;-0.401612;English;Christianity;Northern Europe;75;
Bandial;Senegal;SG;19000;12.5258;-16.4245;Bandial;Islam;Western Africa;0;
Mitha Ayyalavar;India;IN;4000;16.79275;78.389064;Telugu;Hinduism;Southern Asia;0;
Guaymi;Panama;PM;254000;8.68387;-81.88204;Ngäbere;Ethnoreligion;Central America;75;
Tau't Batu;Philippines;RP;500;8.838521;117.571368;Palawano, Southwest;Ethnoreligion;South-Eastern Asia;75;
Kandha Gauda;India;IN;46000;18.972437;84.151439;Kui (India);Hinduism;Southern Asia;10;
Virgin Islanders;Virgin Islands;VQ;80500;18.35;-64.933;Virgin Islands English Creole;Christianity;Caribbean;75;
Kuna;Panama;PM;92000;9.15686;-78.3075;Kuna, San Blas;Ethnoreligion;Central America;75;
Teribe;Panama;PM;4000;9.20828;-82.661;Teribe;Ethnoreligion;Central America;75;
Raju;India;IN;660000;22.0087;86.4187;Odia;Hinduism;Southern Asia;10;
Buso;Chad;CD;250;10.52997;16.744554;Arabic, Chadian;Islam;Middle Africa;0;
Northern Embera;Panama;PM;27000;7.63322;-78.09685;Emberá, Northern;Ethnoreligion;Central America;75;
Buglere;Panama;PM;20500;8.57695;-81.25648;Buglere;Ethnoreligion;Central America;75;
Lange Burun;Sudan;SU;57000;10.3036;34.2063;Burun;Islam;Northern Africa;0;
Kurmi (Jharkhandi);India;IN;325000;24.001141;85.167008;Panchpargania;Hinduism;Southern Asia;10;
Tuyaa;Nigeria;NI;7000;9.575082;9.477827;Tiyaa;Islam;Western Africa;0;
Bribri;Costa Rica;CS;17000;9.39794;-83.05395;Bribri;Ethnoreligion;Central America;75;
Sankaran;Guinea;GV;123000;10.3538;-10.1195;Maninka, Sankaran;Islam;Western Africa;0;
Carpathian Romani;Slovakia;LO;90000;48.987655;21.236614;Romani, Carpathian;Christianity;Eastern Europe;10;
Araona;Bolivia;BL;125;-12.41;-67.931;Araona;Ethnoreligion;South America;75;
Garifuna;Honduras;HO;201000;15.77296;-86.32738;Garifuna;Ethnoreligion;Central America;75;
Doms;Türkiye;TU;38000;41.0136;28.952;Domari;Islam;Western Asia;0;
Mon;Myanmar;BM;878000;15.81271;97.89369;Mon;Buddhism;South-Eastern Asia;10;
Mafa;Nigeria;NI;9800;11.01688;13.767;Mafa;Ethnoreligion;Western Africa;75;
Gbanziri;Central African Republic;CT;28000;4.85841;20.21089;Gbanziri;Ethnoreligion;Middle Africa;75;
Mon;Thailand;TH;120000;15.17517;98.35124;Mon;Ethnoreligion;South-Eastern Asia;10;
Mende;Liberia;LI;47500;8.05233;-10.47232;Mende (Sierra Leone);Islam;Western Africa;10;
Mesem;Papua New Guinea;PP;10500;-6.56072;147.13705;Mesem;Christianity;Melanesia;75;
Black Bobo;Cote d’Ivoire;IV;21500;10.12944;-5.079429;Konabéré;Ethnoreligion;Western Africa;75;
Dhimba;Namibia;WA;8300;-18.10611;13.34602;Dhimba;Christianity;Southern Africa;0;
Malays;Myanmar;BM;27000;16.783236;96.200562;Malay;Islam;South-Eastern Asia;0;
Latvians;United Kingdom;UK;95000;51.331776;-0.114667;Latvian, Standard;Unaffiliated;Northern Europe;10;
Portuguese;United Kingdom;UK;177000;51.75921;-0.43809;Portuguese;Christianity;Northern Europe;10;
Danes;United Kingdom;UK;29000;51.516288;-0.052513;Danish;Unaffiliated;Northern Europe;0;
Finns;United Kingdom;UK;14000;51.485002;-0.102295;Finnish;Unaffiliated;Northern Europe;0;
Russians;United Kingdom;UK;64000;51.374406;-0.428192;Russian;Christianity;Northern Europe;75;
Ukrainians;United Kingdom;UK;33000;51.342236;-0.085457;Ukrainian;Christianity;Northern Europe;75;
Greeks;United Kingdom;UK;69000;51.395278;-0.086451;Greek;Christianity;Northern Europe;10;
Italians;United Kingdom;UK;243000;51.313471;-0.1527;Italian;Christianity;Northern Europe;10;
French;United Kingdom;UK;164000;51.494498;-0.187504;French;Christianity;Northern Europe;0;
Spaniards;United Kingdom;UK;159000;51.514222;-0.337868;Spanish;Christianity;Northern Europe;0;
Swedes;United Kingdom;UK;33500;51.48836;-0.173649;Swedish;Unaffiliated;Northern Europe;0;
Estonians;United Kingdom;UK;13000;51.616919;0.034563;Estonian, Standard;Christianity;Northern Europe;0;
Hungarians;United Kingdom;UK;105000;51.530307;-0.224035;Hungarian;Christianity;Northern Europe;10;
Romanians;Hungary;HU;96500;47.454789;19.150571;Romanian;Christianity;Eastern Europe;75;
Vlax Romani;Albania;AL;7800;41.367889;19.780244;Romani, Vlax;Unaffiliated;Southern Europe;10;
Hungarians;Slovakia;LO;521000;47.83992;18.03033;Hungarian;Christianity;Eastern Europe;10;
Poles;Czech Republic;EZ;20500;49.59658;18.70962;Polish;Christianity;Eastern Europe;0;
Russians;Bulgaria;BU;14000;42.69785;23.364022;Russian;Christianity;Eastern Europe;10;
Carpathian Romani;Czech Republic;EZ;350000;50.069066;14.390003;Romani, Carpathian;Unaffiliated;Eastern Europe;10;
Carpathian Romani;Hungary;HU;500000;48.105;20.784;Romani, Carpathian;Unaffiliated;Eastern Europe;10;
Ukrainians;Slovakia;LO;11000;48.8462;22.29256;Ukrainian;Unaffiliated;Eastern Europe;10;
Slovaks;Czech Republic;EZ;125000;49.821;18.252;Slovak;Christianity;Eastern Europe;10;
Czechs;Slovakia;LO;44500;48.156776;17.092449;Czech;Unaffiliated;Eastern Europe;10;
Cubans;Jamaica;JM;8900;17.98737;-76.89247;Spanish;Christianity;Caribbean;75;
Colombians;Colombia;CO;48060000;4.593902;-74.11959;Spanish;Christianity;South America;75;
Mandahuaca;Venezuela;VE;4500;1.80371;-66.5022;Spanish;Ethnoreligion;South America;0;
Uruguayans;Uruguay;UY;3275000;-34.854848;-56.169717;Spanish;Christianity;South America;75;
Dominicans;Haiti;HA;48000;18.521599;-72.281822;Spanish;Christianity;Caribbean;75;
Belizean;Belize;BH;198000;18.12733;-88.35514;Spanish;Christianity;Central America;75;
Dominicans;Dominican Republic;DR;10860000;18.92952;-70.16174;Spanish;Christianity;Caribbean;75;
Bolivians;Bolivia;BL;8575000;-17.808821;-63.19145;Spanish;Christianity;South America;75;
Cubans;Mozambique;MZ;3600;-25.942888;32.587552;Spanish;Christianity;Eastern Africa;75;
Venezuelans;Venezuela;VE;25100000;10.495222;-66.918852;Spanish;Christianity;South America;75;
Huilliche;Chile;CI;242000;-40.06939;-72.76697;Spanish;Ethnoreligion;South America;10;
Kauescar;Chile;CI;3400;-49.70303;-75.3756;Spanish;Ethnoreligion;South America;75;
Canichana;Bolivia;BL;2000;-14.09545;-64.91855;Spanish;Ethnoreligion;South America;75;
Baure;Bolivia;BL;1200;-13.2611;-64.0535;Spanish;Ethnoreligion;South America;75;
Yabarana;Venezuela;VE;375;5.345774;-66.178439;Spanish;Christianity;South America;0;
Tacana;Bolivia;BL;4600;-14.0289;-67.9613;Spanish;Christianity;South America;75;
Cayubaba;Bolivia;BL;1200;-13.227845;-65.420013;Spanish;Ethnoreligion;South America;0;
Arawak;Venezuela;VE;425;5.91884;-61.4408;Spanish;Ethnoreligion;South America;75;
Barbadian;Barbados;BB;269000;13.10701;-59.610675;English;Christianity;Caribbean;75;
Tobagoan;Trinidad and Tobago;TD;35000;11.172693;-60.790973;Tobagonian English Creole;Christianity;Caribbean;75;
Antillean Creole;Aruba;AA;82000;12.5101;-70.0189;Dutch;Christianity;Caribbean;75;
Surinamese Creole;Suriname;NS;162000;5.82604;-55.1703;Dutch;Christianity;South America;75;
West Indian Blacks;Dominica;DO;4500;15.298481;-61.385246;Virgin Islands English Creole;Christianity;Caribbean;75;
Haitians;Dominican Republic;DR;277000;18.429477;-70.059722;Haitian Creole;Christianity;Caribbean;75;
Bermudians;Bermuda;BD;66000;32.27618;-64.78504;English;Christianity;Northern America;75;
Afro-Trinidadians;Trinidad and Tobago;TD;724000;10.667479;-61.508156;English;Christianity;Caribbean;75;
French West Indians;Trinidad and Tobago;TD;10000;10.4208;-61.41713;Lesser Antillean French Creole;Christianity;Caribbean;75;
West Indian Blacks;Saint Lucia;ST;9200;13.971;-61.004;Virgin Islands English Creole;Christianity;Caribbean;75;
Montserratans;Montserrat;MH;4400;16.794476;-62.196003;Leeward Caribbean English Creole;Christianity;Caribbean;75;
Haitians;French Guiana;FG;26500;4.930083;-52.320379;Haitian Creole;Christianity;South America;75;
Surinamers;French Guiana;FG;20000;5.496199;-54.026138;Sranan Tongo;Ethnoreligion;South America;75;
Lesser Antillean Creole;France;FR;266000;48.773691;2.276839;Lesser Antillean French Creole;Christianity;Western Europe;75;
Haitians;Dominica;DO;2600;15.303788;-61.38723;Haitian Creole;Christianity;Caribbean;75;
Wayana;French Guiana;FG;2000;3.2757;-54.05439;Wayana;Ethnoreligion;South America;10;
Chane;Argentina;AR;1800;-22.54736;-63.98651;Guaraní, Eastern Bolivian;Ethnoreligion;South America;75;
Wichi Nocten;Argentina;AR;150;-22.29282;-63.90353;Weenhayek;Ethnoreligion;South America;75;
Emerillon;French Guiana;FG;750;3.20499;-52.36661;Tekó;Ethnoreligion;South America;75;
Brazilians;Jamaica;JM;5900;18.009319;-76.803112;Portuguese;Christianity;Caribbean;75;
Waiwai;Guyana;GY;250;1.78914;-58.62222;Waiwai;Christianity;South America;75;
Brazilians;Guyana;GY;10500;6.7891;-58.1601;Portuguese;Christianity;South America;75;
Kekchi;Belize;BH;22000;16.49236;-88.80011;Q?eqchi?;Christianity;Central America;75;
Wayuu;Venezuela;VE;216000;8.92454;-71.37996;Wayuu;Ethnoreligion;South America;10;
Palikur;French Guiana;FG;2000;3.97879;-51.83939;Palikúr;Christianity;South America;75;
Yucatec;Belize;BH;5700;17.88988;-88.79444;Maya, Yucatec;Christianity;Central America;75;
Ayoreo;Bolivia;BL;1600;-17.99747;-60.85783;Ayoreo;Ethnoreligion;South America;75;
Warao;Guyana;GY;5300;7.90626;-59.30875;Warao;Ethnoreligion;South America;75;
Arawak;Suriname;NS;3300;5.538061;-55.039181;Dutch;Ethnoreligion;South America;0;
Yanomami-Ninam;Venezuela;VE;150;4.22757;-62.7729;Ninam;Ethnoreligion;South America;10;
Cuiba;Venezuela;VE;650;6.23973;-69.44278;Cuiba;Ethnoreligion;South America;0;
Kaiwa;Argentina;AR;750;-26.53334;-54.40136;Kaiwá;Ethnoreligion;South America;75;
Brazilians;Austria;AU;850;48.197864;16.371334;Portuguese;Christianity;Western Europe;75;
Grenadians;Grenada;GJ;123000;12.050562;-61.746081;Grenadian English Creole;Christianity;Caribbean;75;
Caymanian;Cayman Islands;CJ;59500;19.295804;-81.374969;English;Christianity;Caribbean;75;
Afro-Kittitians;Saint Kitts and Nevis;SC;45500;17.2961;-62.7246;Virgin Islands English Creole;Christianity;Caribbean;75;
Saramaccan;French Guiana;FG;6300;4.5283;-52.37213;Saramaccan;Ethnoreligion;South America;75;
Mulatto;Anguilla;AV;16500;18.222323;-63.060977;Leeward Caribbean English Creole;Christianity;Caribbean;75;
Jamaicans;United Kingdom;UK;340000;51.524121;-0.116389;Jamaican English Creole;Christianity;Northern Europe;75;
Jamaicans;Venezuela;VE;2700;10.669335;-71.663664;Jamaican English Creole;Christianity;South America;75;
Wokarangma;Brazil;BR;30;-4.634517;-54.529478;Portuguese;Ethnoreligion;South America;0;
Yabaana;Brazil;BR;90;-0.5;-66.166667;Portuguese;Ethnoreligion;South America;0;
Xakriaba;Brazil;BR;9200;-14.833333;-44.166667;Portuguese;Christianity;South America;10;
Karipuna of Rondônia;Brazil;BR;30;-10.033333;-64.466667;Portuguese;Ethnoreligion;South America;0;
Tremembe;Brazil;BR;3000;-3.0948;-40.0247;Portuguese;Ethnoreligion;South America;75;
Tupinamba;Brazil;BR;4700;-14.9844;-39.0588;Portuguese;Ethnoreligion;South America;0;
Tupinikin;Brazil;BR;2600;-19.937383;-40.181531;Portuguese;Christianity;South America;0;
Paranawat;Brazil;BR;100;-11.977616;-61.370993;Portuguese;Ethnoreligion;South America;0;
Yuruti;Brazil;BR;40;0.5875;-69.2042;Portuguese;Ethnoreligion;South America;75;
Kinikinao;Brazil;BR;250;-20.833333;-56.5;Portuguese;Ethnoreligion;South America;10;
Mandahuaca;Brazil;BR;25;-1.133333;-69.133333;Portuguese;Ethnoreligion;South America;0;
Tapeba;Brazil;BR;6200;-3.749;-38.6482;Portuguese;Ethnoreligion;South America;10;
Apama;Brazil;BR;200;0.97588;-53.32686;Portuguese;Ethnoreligion;South America;0;
Ofayé;Brazil;BR;60;-22.304476;-53.820108;Portuguese;Ethnoreligion;South America;0;
Yakarawakta;Brazil;BR;30;-9.25;-59;Portuguese;Ethnoreligion;South America;0;
Pataxo-Hahahai;Brazil;BR;14000;-15.5;-39.75;Portuguese;Ethnoreligion;South America;0;
Kambeba;Brazil;BR;850;-3.2;-64.8217;Portuguese;Ethnoreligion;South America;75;
Mato Grosso Arara;Brazil;BR;300;-9.7708;-59.4391;Portuguese;Ethnoreligion;South America;10;
Umutina;Brazil;BR;425;-15.0876;-57.112;Portuguese;Ethnoreligion;South America;10;
Amanaye;Brazil;BR;125;-3.2873;-48.4046;Portuguese;Ethnoreligion;South America;0;
Kokama;Brazil;BR;9600;-3.333333;-64.833333;Portuguese;Ethnoreligion;South America;75;
Apiaka;Brazil;BR;850;-10.943;-57.286;Portuguese;Ethnoreligion;South America;0;
Angosturas;Colombia;CO;125;6.6211;-72.087;Spanish;Ethnoreligion;South America;0;
Makuna;Brazil;BR;175;-0.140021;-69.953511;Macuna;Ethnoreligion;South America;0;
Maquiritari;Brazil;BR;500;3.79082;-64.145;Maquiritari;Ethnoreligion;South America;75;
Ocaina;Colombia;CO;275;-1.49999;-72.74999;Spanish;Ethnoreligion;South America;0;
Wichi;Paraguay;PA;3000;-22.31231;-62.537553;Pilcomayo Wichí;Ethnoreligion;South America;0;
Tapuia;Brazil;BR;150;-14.916667;-50.083333;Curripaco;Ethnoreligion;South America;0;
Yanoma;Brazil;BR;400;3.94259;-64.466384;Sanumá;Christianity;South America;75;
Sharanahua;Brazil;BR;500;-8.528176;-72.341808;Sharanahua;Ethnoreligion;South America;0;
Carapana;Brazil;BR;60;0.07972;-69.692206;Carapana;Ethnoreligion;South America;0;
Ese Ejja;Peru;PE;600;-12.5048;-68.7606;Ese Ejja;Ethnoreligion;South America;75;
Jamaicans;Colombia;CO;27000;12.5807;-81.705;Jamaican English Creole;Christianity;South America;75;
Sanuma;Brazil;BR;700;4.00046;-64.43501;Sanumá;Ethnoreligion;South America;75;
Manjuy Chorote;Paraguay;PA;1400;-22.37313;-62.33941;Chorote, Iyo’wujwa;Ethnoreligion;South America;75;
Secoya;Peru;PE;900;-0.9371;-74.5116;Paicoca;Ethnoreligion;South America;75;
Murui;Peru;PE;1000;-2.4675;-72.9319;Spanish;Ethnoreligion;South America;75;
Yanomamö;Brazil;BR;2200;1.8041;-63.7822;Yanomamö;Ethnoreligion;South America;10;
Wayana;Brazil;BR;300;0.938088;-54.50489;Wayana;Christianity;South America;75;
Trio;Brazil;BR;1500;1.979938;-55.825752;Trió;Ethnoreligion;South America;75;
Argentines;Brazil;BR;29000;-25.50492;-54.581232;Spanish;Christianity;South America;75;
Slovaks;Sweden;SW;10000;55.605338;13.045736;Slovak;Christianity;Northern Europe;0;
Calo Romani;Sweden;SW;1800;59.380539;17.843038;Romani, Kalo Finnish;Christianity;Northern Europe;10;
Irish Travellers;Ireland;EI;6100;53.461;-6.231;Shelta;Christianity;Northern Europe;10;
Sammarinese;San Marino;SM;3000;43.9435;12.46109;Italian;Christianity;Southern Europe;0;
Italians;Malta;MT;11000;35.903241;14.458121;Italian;Christianity;Southern Europe;0;
French;Luxembourg;LU;92000;49.499945;5.978463;French;Christianity;Western Europe;0;
Spaniards;Italy;IT;27500;45.520032;9.172138;Spanish;Christianity;Southern Europe;0;
Croats;Sweden;SW;9400;59.295414;18.006104;Croatian;Christianity;Northern Europe;0;
Spaniards;Netherlands;NL;19000;52.359557;4.8721;Spanish;Christianity;Western Europe;0;
Poles;Sweden;SW;80500;59.285657;17.963643;Polish;Christianity;Northern Europe;0;
French;Monaco;MN;30000;43.736547;7.419878;French;Christianity;Western Europe;10;
Spaniards;Portugal;PO;16000;41.173959;-8.637324;Spanish;Christianity;Southern Europe;0;
Czechs;Sweden;SW;6500;55.594888;12.995711;Czech;Christianity;Northern Europe;0;
Italians;San Marino;SM;31000;43.9383;12.45871;Italian;Christianity;Southern Europe;0;
Vlax Romani;Sweden;SW;50000;59.245569;17.989965;Romani, Vlax;Christianity;Northern Europe;0;
Danes;Sweden;SW;63000;59.282099;18.092675;Danish;Unaffiliated;Northern Europe;0;
Dutch;Luxembourg;LU;4200;49.606121;6.112686;Dutch;Christianity;Western Europe;0;
Slovenes;Italy;IT;52000;45.81169;13.58108;Slovene;Christianity;Southern Europe;0;
Danes;Norway;NO;20500;59.914217;10.769807;Danish;Unaffiliated;Northern Europe;0;
Northern Saami;Sweden;SW;6000;68.4142;22.3514;Saami, North;Unaffiliated;Northern Europe;0;
Russians;Sweden;SW;25000;59.271605;18.113383;Russian;Christianity;Northern Europe;0;
Dianbao;China;CH;12000;23.512566;105.500012;Zhuang, Yang;Ethnoreligion;Eastern Asia;0;
Xi;China;CH;1600;26.567284;107.935756;Miao, Luopohe;Ethnoreligion;Eastern Asia;0;
Ladakhi;China;CH;3700;34.8728;78.845;Ladakhi;Buddhism;Eastern Asia;10;
Geman Deng;China;CH;16500;28.47324;97.04437;Miju-Mishmi;Ethnoreligion;Eastern Asia;0;
Medog Monba;China;CH;11000;29.463;95.7406;Tshangla;Buddhism;Eastern Asia;0;
Japanese;China;CH;172000;45.785993;126.694701;Japanese;Ethnoreligion;Eastern Asia;0;
Luobohe Miao;China;CH;135000;26.756626;107.18645;Miao, Luopohe;Ethnoreligion;Eastern Asia;10;
Long;China;CH;2200;24.19389;102.930518;Sani;Ethnoreligion;Eastern Asia;10;
Puroik;China;CH;450;28.42033;93.105056;Puroik;Ethnoreligion;Eastern Asia;0;
Cacgia Roglai;Vietnam;VM;3800;11.64895;109.13813;Roglai, Cacgia;Ethnoreligion;South-Eastern Asia;10;
Tavula;Solomon Islands;BP;3700;-6.6541;156.5449;Vaghua;Christianity;Melanesia;0;
Ngai;Vietnam;VM;5400;20.961688;107.095343;Chinese, Yue;Ethnoreligion;South-Eastern Asia;0;
Phu Thai;Vietnam;VM;144000;18.508;105.3947;Phu Thai;Ethnoreligion;South-Eastern Asia;10;
Japanese;Portugal;PO;700;38.73883;-9.130252;Japanese;Ethnoreligion;Southern Europe;0;
Wallisians;Fiji;FJ;950;-18.135;178.4298;Wallisian;Christianity;Melanesia;0;
Han Chinese (Hakka);Mauritius;MP;22500;-20.219;57.523;Chinese, Hakka;Ethnoreligion;Eastern Africa;10;
Red Tai;Vietnam;VM;175000;20.90556;104.7046;Tai Daeng;Ethnoreligion;South-Eastern Asia;0;
Japanese;France;FR;24500;48.918372;2.340677;Japanese;Ethnoreligion;Western Europe;0;
Bouyei;Vietnam;VM;2000;22.69734;103.304364;Bouyei;Ethnoreligion;South-Eastern Asia;10;
Akha;Vietnam;VM;1700;21.71935;102.67591;Akha;Ethnoreligion;South-Eastern Asia;10;
Sila;Vietnam;VM;700;22.23682;102.45128;Sila;Ethnoreligion;South-Eastern Asia;0;
Bugan;China;CH;4300;23.61242;104.96286;Bugan;Ethnoreligion;Eastern Asia;0;
Namuyi;China;CH;11500;28.59085;101.8976;Namuyi;Buddhism;Eastern Asia;0;
Wutun;China;CH;3800;35.573;102.054;Wutunhua;Buddhism;Eastern Asia;0;
Ai-Cham;China;CH;4300;25.454;107.8195;Ai-Cham;Ethnoreligion;Eastern Asia;0;
Mjuniang;China;CH;132000;26.22358;109.54741;Cao Miao;Ethnoreligion;Eastern Asia;10;
Maltese;Australia;AS;41500;-27.53809;153.04822;Maltese;Christianity;Australia and New Zealand;0;
Slovenes;Germany;GM;20000;48.13157;11.578842;Slovene;Christianity;Western Europe;0;
Macedonians;Bulgaria;BU;1300;41.77566;23.09079;Macedonian;Christianity;Eastern Europe;10;
Lithuanians;Latvia;LG;25000;56.971406;24.188404;Lithuanian;Christianity;Northern Europe;0;
Spaniards;Austria;AU;7400;48.173625;16.377891;Spanish;Christianity;Western Europe;0;
French;Portugal;PO;17500;41.178677;-8.680706;French;Christianity;Southern Europe;0;
Poles;Latvia;LG;46000;55.886931;26.551273;Polish;Christianity;Northern Europe;0;
Poles;Austria;AU;58500;48.268005;16.39458;Polish;Christianity;Western Europe;0;
Greeks;Austria;AU;5100;48.166999;16.3154;Greek;Christianity;Western Europe;0;
Macedonians;Australia;AS;48500;-37.814251;144.963169;Macedonian;Christianity;Australia and New Zealand;10;
Italians;Austria;AU;26000;48.188127;16.290218;Italian;Christianity;Western Europe;0;
Lithuanians;Germany;GM;58000;52.578469;13.33172;Lithuanian;Christianity;Western Europe;0;
Czechs;Austria;AU;8100;48.74158;14.94341;Czech;Unaffiliated;Western Europe;0;
Balkan Romani;Latvia;LG;2200;56.915276;24.199236;Romani, Baltic;Unaffiliated;Northern Europe;0;
Bosniaks;Montenegro;MJ;48500;42.841;20.168;Bosnian;Islam;Southern Europe;0;
Bosniaks;North Macedonia;MK;40000;41.939;21.694;Bosnian;Islam;Southern Europe;10;
Latvians;Germany;GM;39500;52.433781;13.334042;Latvian, Standard;Unaffiliated;Western Europe;0;
Tai Long;Thailand;TH;100000;18.83307;97.859;Shan;Buddhism;South-Eastern Asia;10;
Malays;Australia;AS;21500;-37.814251;144.963169;Malay;Islam;Australia and New Zealand;10;
Darang Deng;China;CH;12500;28.3798;97.0293;Digaro-Mishmi;Ethnoreligion;Eastern Asia;0;
Yacan;Malaysia;MY;16500;4.279;117.8787;Yakan;Islam;South-Eastern Asia;0;
Phunoi;Thailand;TH;14000;19.93444;99.75634;Phunoi;Ethnoreligion;South-Eastern Asia;0;
Northern Pumi;China;CH;53000;28.66262;101.30511;Pumi, Northern;Buddhism;Eastern Asia;10;
Manipuri;Myanmar;BM;28000;24.19638;94.37551;Meitei;Hinduism;South-Eastern Asia;10;
Ladakhi;Pakistan;PK;12000;34.738731;76.223017;Ladakhi;Buddhism;Southern Asia;0;
Tho;Vietnam;VM;74500;19.3563;105.36278;Tho;Ethnoreligion;South-Eastern Asia;10;
Tai Lu;Vietnam;VM;5600;22.30256;103.56813;Lü;Ethnoreligion;South-Eastern Asia;10;
Buginese;Singapore;SN;12000;1.296426;103.886846;Bugis;Islam;South-Eastern Asia;10;
Mru Chin;Myanmar;BM;49000;21.139388;92.328594;Mru;Buddhism;South-Eastern Asia;10;
Han Chinese (Cantonese);Zimbabwe;ZI;1600;-17.787702;31.10369;Chinese, Yue;Ethnoreligion;Eastern Africa;75;
Swedes;Austria;AU;1900;48.183662;16.360518;Swedish;Christianity;Western Europe;75;
Han Chinese (Hakka);French Polynesia;FP;13500;-17.5294;-149.5451;Chinese, Hakka;Ethnoreligion;Polynesia;75;
Japanese;New Zealand;NZ;21500;-36.847385;174.765735;Japanese;Ethnoreligion;Australia and New Zealand;75;
Nembao;Solomon Islands;BP;1100;-11.287;166.502;Amba (Solomon Islands);Christianity;Melanesia;75;
Talise;Solomon Islands;BP;24000;-9.803969;160.260318;Talise;Christianity;Melanesia;75;
Koro;Vanuatu;NH;275;-14.29428;167.46691;Koro (Vanuatu);Christianity;Melanesia;75;
Kusaghe;Solomon Islands;BP;4600;-8.0727;157.3494;Kusaghe;Christianity;Melanesia;75;
Gulaalaa;Solomon Islands;BP;3000;-8.74742;161.02303;Gula’alaa;Christianity;Melanesia;75;
Mono;Solomon Islands;BP;6400;-7.0946;155.7367;Mono (Solomon Islands);Christianity;Melanesia;75;
Solomoni Creole;Fiji;FJ;7300;-18.119901;178.437194;Pijin;Christianity;Melanesia;75;
Bareke-Vangunu;Solomon Islands;BP;1700;-8.6856;157.889;Vangunu;Christianity;Melanesia;75;
Ureparapara;Vanuatu;NH;375;-13.542;167.351;Löyöp;Christianity;Melanesia;75;
Tanimbili;Solomon Islands;BP;375;-11.282;166.563;Amba (Solomon Islands);Christianity;Melanesia;75;
Ugele;Solomon Islands;BP;2300;-8.4481;157.3953;Ughele;Christianity;Melanesia;75;
Mae;Vanuatu;NH;1800;-15.99143;167.28753;Mae;Christianity;Melanesia;75;
Russel Islanders;Solomon Islands;BP;3400;-9.0136;159.1037;Lavukaleve;Christianity;Melanesia;75;
Samoans;Vanuatu;NH;350;-17.722435;168.303881;Samoan;Christianity;Melanesia;75;
Birao;Solomon Islands;BP;11000;-9.862;160.8124;Birao;Christianity;Melanesia;75;
Asumbua;Solomon Islands;BP;150;-11.304;166.506;Amba (Solomon Islands);Christianity;Melanesia;75;
Dorio;Solomon Islands;BP;4600;-9.11536;160.89663;Dori’o;Christianity;Melanesia;75;
Anuta;Solomon Islands;BP;500;-11.610111;169.849863;English;Christianity;Melanesia;75;
Butmas-Tur;Vanuatu;NH;1400;-15.33532;167.03365;Butmas-Tur;Christianity;Melanesia;75;
Vartavo;Vanuatu;NH;1600;-16.41653;167.73124;Banam Bay;Christianity;Melanesia;75;
Baniata;Solomon Islands;BP;3600;-8.6291;157.2709;Touo;Christianity;Melanesia;75;
Wetamut;Vanuatu;NH;350;-14.319;167.57;Dorig;Christianity;Melanesia;75;
Tahitians;Vanuatu;NH;700;-17.738018;168.313202;Tahitian;Christianity;Melanesia;75;
Fijians;Vanuatu;NH;950;-17.749;168.317;Fijian;Christianity;Melanesia;75;
Gilbertese;Vanuatu;NH;1000;-17.727;168.302;Kiribati;Christianity;Melanesia;75;
Samoans;Fiji;FJ;1300;-18.1459;178.4512;Samoan;Christianity;Melanesia;75;
Han Chinese;Fiji;FJ;6300;-18.119359;178.440786;Chinese, Mandarin;Christianity;Melanesia;75;
Portuguese;Germany;GM;143000;53.567913;9.953649;Portuguese;Christianity;Western Europe;10;
Portuguese;Switzerland;SZ;268000;47.402565;8.456653;Portuguese;Christianity;Western Europe;10;
Spaniards;France;FR;248000;48.782219;2.35509;Spanish;Christianity;Western Europe;10;
French;Austria;AU;16000;48.215551;16.369946;French;Christianity;Western Europe;0;
Poles;Germany;GM;915000;51.511364;7.471085;Polish;Christianity;Western Europe;0;
Croats;Austria;AU;71500;47.113;16.25441;Croatian;Christianity;Western Europe;0;
Sinte Romani;France;FR;31500;48.87162;2.494915;Romani, Sinte;Christianity;Western Europe;10;
Portuguese;Belgium;BE;56500;50.641917;5.570605;Portuguese;Christianity;Western Europe;10;
Portuguese;Luxembourg;LU;102000;49.496047;5.982102;Portuguese;Christianity;Western Europe;10;
Slovenes;Austria;AU;25500;46.58749;13.99507;Slovene;Christianity;Western Europe;10;
Spaniards;Switzerland;SZ;85000;47.412298;8.50856;Spanish;Christianity;Western Europe;10;
Italians;Luxembourg;LU;23500;49.512966;5.995491;Italian;Christianity;Western Europe;10;
Vlax Romani;France;FR;12000;47.902732;1.918611;Romani, Vlax;Christianity;Western Europe;10;
Italians;Belgium;BE;287000;50.819961;4.403815;Italian;Christianity;Western Europe;10;
Swiss;Switzerland;SZ;2015000;46.19303;6.81777;French;Christianity;Western Europe;75;
Hungarians;Austria;AU;64500;48.209;16.468;Hungarian;Christianity;Western Europe;75;
Italians;France;FR;1235000;44.76248;6.71187;Italian;Christianity;Western Europe;75;
Catalonians;France;FR;126000;42.49561;2.44546;Catalan;Christianity;Western Europe;75;
Walloons;Belgium;BE;3755000;50.8124;4.3649;French;Christianity;Western Europe;75;
Vlax Romani;Belgium;BE;13000;50.834849;4.312074;Romani, Vlax;Christianity;Western Europe;75;
Liechtensteiners;Liechtenstein;LS;36000;47.221501;9.538338;German, Swiss;Christianity;Western Europe;75;
Portuguese;France;FR;984000;44.819896;-0.615502;Portuguese;Christianity;Western Europe;75;
Gibraltarians;Gibraltar;GI;25500;36.132749;-5.35312;English;Christianity;Southern Europe;0;
Italians;Australia;AS;209000;-33.870624;151.136259;Italian;Christianity;Australia and New Zealand;0;
Hungarians;Australia;AS;19000;-33.889814;150.915751;Hungarian;Christianity;Australia and New Zealand;10;
Portuguese;Spain;SP;93500;40.424947;-3.679178;Portuguese;Christianity;Southern Europe;10;
Sinte Romani;Italy;IT;15000;46.099613;11.110777;Romani, Sinte;Christianity;Southern Europe;10;
Hungarians;Romania;RO;1265000;46.72;25.602;Hungarian;Christianity;Eastern Europe;10;
Spaniards;Ireland;EI;15500;53.33366;-6.315264;Spanish;Christianity;Northern Europe;75;
Swiss German;Sweden;SW;3000;59.280282;18.028704;German, Swiss;Christianity;Northern Europe;75;
Poles;United Kingdom;UK;754000;51.452167;-0.35612;Polish;Christianity;Northern Europe;10;
Russians;Estonia;EN;330000;59.375704;28.168608;Russian;Christianity;Northern Europe;10;
Russians;Belgium;BE;64000;50.822406;4.354067;Russian;Christianity;Western Europe;10;
Russians;Georgia;GG;27500;41.671244;44.912344;Russian;Christianity;Western Asia;10;
Russians;Italy;IT;39500;43.776521;11.255434;Russian;Christianity;Southern Europe;10;
Russians;Netherlands;NL;5300;51.922788;4.480362;Russian;Christianity;Western Europe;10;
Ukrainians;Georgia;GG;38500;41.680055;44.852722;Ukrainian;Christianity;Western Asia;10;
Russians;Australia;AS;28500;-37.814251;144.963169;Russian;Christianity;Australia and New Zealand;75;
Ukrainians;Germany;GM;145000;52.470203;13.376576;Ukrainian;Christianity;Western Europe;75;
Russians;Austria;AU;31500;47.813954;13.0165;Russian;Christianity;Western Europe;10;
Russians;Moldova;MD;133000;46.819229;29.485224;Russian;Christianity;Eastern Europe;75;
Russians;Finland;FI;80500;60.271338;24.872207;Russian;Christianity;Northern Europe;10;
Ukrainians;Romania;RO;63500;47.833;24.202;Ukrainian;Christianity;Eastern Europe;0;
Russians;Lithuania;LH;155000;54.703252;25.288571;Russian;Christianity;Northern Europe;75;
Russians;Latvia;LG;511000;56.957866;24.129605;Russian;Christianity;Northern Europe;10;
Ukrainians;Latvia;LG;48500;56.952379;24.145098;Ukrainian;Christianity;Northern Europe;75;
Balkan Romani;Ukraine;UP;300000;50.388023;30.532476;Romani, Balkan;Christianity;Eastern Europe;10;
Afrikaners;Namibia;WA;120000;-22.5752;17.0681;Afrikaans;Christianity;Southern Africa;75;
Poles;Australia;AS;53000;-33.921345;151.230345;Polish;Christianity;Australia and New Zealand;10;
Estonians;Sweden;SW;13500;55.587786;12.959851;Estonian, Standard;Christianity;Northern Europe;0;
Kusaiean;Nauru;NR;125;-0.529712;166.92232;Kosraean;Christianity;Micronesia;75;
Gha-Mu;China;CH;170000;26.755544;105.283061;Miao, Small Flowery;Christianity;Eastern Asia;75;
Southern Mnong;Vietnam;VM;33500;11.9851;107.5674;Mnong, Southern;Christianity;South-Eastern Asia;75;
Tuvuluan;Nauru;NR;800;-0.526347;166.945872;Tuvaluan;Christianity;Micronesia;75;
Marshallese;Nauru;NR;125;-0.512621;166.92948;Marshallese;Christianity;Micronesia;75;
Niueans;Cook Islands;CW;175;-10.379304;-161.000384;Niue;Christianity;Polynesia;75;
Porohanon;Philippines;RP;46500;10.637664;124.312814;Porohanon;Christianity;South-Eastern Asia;10;
Minglang;China;CH;2500;25.845735;102.29484;Sani;Christianity;Eastern Asia;75;
Niueans;New Zealand;NZ;29000;-36.8803;174.7075;Niue;Christianity;Australia and New Zealand;75;
Han Chinese;Kiribati;KR;125;1.367;173.125;Chinese, Mandarin;Christianity;Micronesia;75;
Tuvaluan;Kiribati;KR;1100;1.3633;173.158;Tuvaluan;Christianity;Micronesia;75;
Southern Itneg;Philippines;RP;22500;17.24531;120.71816;Itneg, Maeng;Christianity;South-Eastern Asia;75;
Bawm;Myanmar;BM;700;21.4444;93.0062;Chin, Bawm;Christianity;South-Eastern Asia;75;
Lahu;Myanmar;BM;200000;21.8485;99.6845;Lahu;Christianity;South-Eastern Asia;75;
Koreans;Netherlands;NL;8800;52.345098;4.854037;Korean;Unaffiliated;Western Europe;10;
Koreans;Taiwan;TW;7000;22.662726;120.311627;Korean;Unaffiliated;Eastern Asia;75;
Koreans;Singapore;SN;24000;1.39268;103.92608;Korean;Unaffiliated;South-Eastern Asia;75;
Koreans;Paraguay;PA;8000;-25.337885;-57.587947;Korean;Unaffiliated;South America;75;
Koreans;Brazil;BR;48500;-23.686961;-46.585988;Korean;Unaffiliated;South America;75;
Koreans;North Korea;KN;26040000;38.998002;125.802652;Korean;Unaffiliated;Eastern Asia;10;
Koreans;Madagascar;MA;18000;-18.873812;47.524431;Korean;Unaffiliated;Eastern Africa;75;
Koreans;United Kingdom;UK;41000;51.395885;-0.187173;Korean;Unaffiliated;Northern Europe;75;
Koreans;Germany;GM;45000;50.120464;8.712483;Korean;Unaffiliated;Western Europe;75;
Koreans;Mozambique;MZ;36000;-25.971555;32.57858;Korean;Unaffiliated;Eastern Africa;75;
Koreans;France;FR;29000;48.837597;2.403967;Korean;Unaffiliated;Western Europe;75;
Koreans;Thailand;TH;20500;13.7712;100.6206;Korean;Unaffiliated;South-Eastern Asia;75;
Koreans;China;CH;2460000;42.7646;129.407;Korean;Unaffiliated;Eastern Asia;10;
Latvians;Sweden;SW;9300;55.589039;13.04934;Latvian, Standard;Unaffiliated;Northern Europe;0;
Norwegians;Sweden;SW;15500;57.709752;11.904798;Norwegian;Unaffiliated;Northern Europe;0;
Finns;Norway;NO;6700;59.919695;10.71682;Finnish;Unaffiliated;Northern Europe;0;
Swedes;Finland;FI;295000;60.28505;24.8904;Swedish;Unaffiliated;Northern Europe;75;
Spaniards;Andorra;AN;23500;42.54865;1.60125;Spanish;Unaffiliated;Southern Europe;0;
Hungarians;Sweden;SW;32000;55.578086;13.019631;Hungarian;Unaffiliated;Northern Europe;10;
Finns;Sweden;SW;223000;59.3907;17.8844;Finnish;Unaffiliated;Northern Europe;75;
Dutch;Sweden;SW;12000;55.57641;12.975123;Dutch;Unaffiliated;Northern Europe;0;
Anglo-Australians;Australia;AS;22260000;-33.887707;151.048935;English;Unaffiliated;Australia and New Zealand;75;
Balkan Romani;Moldova;MD;47000;47.028346;28.783872;Romani, Balkan;Unaffiliated;Eastern Europe;10;
Balkan Romani;Greece;GR;11500;38.02;23.717;Romani, Balkan;Unaffiliated;Southern Europe;10;
Dutch;Austria;AU;3300;48.222999;16.341837;Dutch;Unaffiliated;Western Europe;75;
Finns;Russian Federation;RS;39000;59.783227;30.132161;Finnish;Unaffiliated;Eastern Europe;10;
Italians;Switzerland;SZ;334000;46.012666;8.955481;Italian;Unaffiliated;Western Europe;10;
Dutch;Australia;AS;80000;-33.829195;151.208276;Dutch;Unaffiliated;Australia and New Zealand;75;
Carpathian Romani;Poland;PL;12500;50.02153;19.998857;Romani, Carpathian;Unaffiliated;Eastern Europe;75;
Zaomin;China;CH;58500;24.5205;112.3289;Dzao Min;Ethnoreligion;Eastern Asia;10;
Pula;China;CH;15000;23.316002;102.536144;Phola;Ethnoreligion;Eastern Asia;10;
Rajah Kabungsuan Manobo;Philippines;RP;10500;8.0468;126.404;Manobo, Rajah Kabunsuwan;Ethnoreligion;South-Eastern Asia;75;
Ngangela;Namibia;WA;16000;-17.776625;15.691533;Nyemba;Ethnoreligion;Southern Africa;75;
Kwanyama;Namibia;WA;314000;-17.919905;15.987176;Oshiwambo;Ethnoreligion;Southern Africa;10;
Balkan Romani;Italy;IT;2500;45.58951;9.159968;Romani, Balkan;Ethnoreligion;Southern Europe;75;
Cun;China;CH;101000;19.21816;108.74318;Cun;Ethnoreligion;Eastern Asia;10;
Padaung Karen;Thailand;TH;2800;18.8122;98.9924;Kayan (Myanmar);Ethnoreligion;South-Eastern Asia;75;
Khmu;Thailand;TH;35000;19.1288;100.7999;Khmu;Ethnoreligion;South-Eastern Asia;10;
Japanese;Singapore;SN;43000;1.34883;103.77653;Japanese;Ethnoreligion;South-Eastern Asia;10;
Southern Qiandong Miao;China;CH;971000;25.6618;108.53274;Miao, Southern Qiandong;Ethnoreligion;Eastern Asia;10;
Brao;Vietnam;VM;400;14.1629;107.4371;Brao;Ethnoreligion;South-Eastern Asia;75;
Lahu;Thailand;TH;82000;19.88993;99.496113;Lahu;Ethnoreligion;South-Eastern Asia;75;
Sani;China;CH;174000;24.753575;103.269004;Sani;Ethnoreligion;Eastern Asia;10;
Japanese;Taiwan;TW;9600;25.055102;121.447528;Japanese;Ethnoreligion;Eastern Asia;0;
Han Chinese (Huizhou);China;CH;5420000;29.712666;118.312;Chinese, Huizhou;Ethnoreligion;Eastern Asia;75;
Western Bru;Thailand;TH;17000;16.49057;104.75429;Bru, Western;Ethnoreligion;South-Eastern Asia;75;
Azhe;China;CH;97500;24.405;103.441;Azhe;Ethnoreligion;Eastern Asia;10;
Bai Yi;China;CH;8400;26.596301;101.761891;Kua-nsi;Ethnoreligion;Eastern Asia;10;
Maa;Vietnam;VM;41500;11.5071;107.4933;Maa;Ethnoreligion;South-Eastern Asia;75;
Yellow Lahu;Thailand;TH;15500;19.37669;99.58469;Lahu Shi;Ethnoreligion;South-Eastern Asia;75;
Japanese;Brazil;BR;1740000;-25.43433;-49.284795;Portuguese;Ethnoreligion;South America;10;
Japanese;Australia;AS;57000;-33.804028;151.17885;Japanese;Ethnoreligion;Australia and New Zealand;10;
Han Chinese;Solomon Islands;BP;5100;-9.436493;159.937769;Chinese, Mandarin;Ethnoreligion;Melanesia;75;
Mosuo;China;CH;73500;27.676267;100.767869;Narua;Buddhism;Eastern Asia;0;
So;Thailand;TH;105000;16.800001;104.57445;So (Laos);Buddhism;South-Eastern Asia;75;
Indonesians;Singapore;SN;200000;1.305141;103.911496;Indonesian;Islam;South-Eastern Asia;75;
Javanese;Australia;AS;7900;-33.719612;151.12369;Javanese;Islam;Australia and New Zealand;75;
Indonesians;Australia;AS;30000;-33.805283;151.200317;Indonesian;Islam;Australia and New Zealand;75;
Han Chinese (Jinyu);China;CH;60310000;37.129297;111.815459;Chinese, Jinyu;Unaffiliated;Eastern Asia;75;
Javanese;Singapore;SN;12000;1.36386;103.67874;Javanese;Islam;South-Eastern Asia;75;
Han Chinese;South Africa;SF;371000;-26.0513;28.0188;Chinese, Mandarin;Ethnoreligion;Southern Africa;75;
Torgut Oirat;China;CH;184000;43.480523;82.226161;Kalmyk-Oirat;Buddhism;Eastern Asia;10;
Trieng;Vietnam;VM;19000;15.50022;107.51545;Trieng;Ethnoreligion;South-Eastern Asia;75;
Tawr Chin;Myanmar;BM;1000;22.4809;93.8008;Chin, Tawr;Ethnoreligion;South-Eastern Asia;75;
Hsifan;Myanmar;BM;5600;27.3343;97.4082;Tibetan, Central;Buddhism;South-Eastern Asia;75;
Laopang;China;CH;18000;23.896952;99.371745;Laopang;Ethnoreligion;Eastern Asia;75;
Han Chinese;Thailand;TH;5785000;13.718796;100.472565;Chinese, Mandarin;Ethnoreligion;South-Eastern Asia;75;
Navut;Vanuatu;NH;1400;-15.31691;166.79848;Balen;Ethnoreligion;Melanesia;75;
Pa Hng;Vietnam;VM;7600;22.292742;105.104589;Pa-Hng;Ethnoreligion;South-Eastern Asia;0;
Eastern Qiandong Miao;China;CH;700000;26.49663;109.04627;Miao, Eastern Qiandong;Ethnoreligion;Eastern Asia;10;
Bunuo;China;CH;28000;24.060457;108.272216;Bunu, Bu-Nao;Ethnoreligion;Eastern Asia;10;
Mulao;China;CH;336000;24.81515;108.92802;Mulam;Ethnoreligion;Eastern Asia;10;
Yanghuang;China;CH;63000;25.67173;107.30906;T’en;Ethnoreligion;Eastern Asia;0;
Han Chinese (Waxianghua);China;CH;384000;29.126566;110.474536;Waxianghua;Ethnoreligion;Eastern Asia;75;
Lesu;China;CH;24500;23.88871;102.138492;Nisu, Eastern;Ethnoreligion;Eastern Asia;10;
Beidalao;China;CH;31500;25.219412;109.380902;Pa-Hng;Ethnoreligion;Eastern Asia;10;
Sanjiang Baheng;China;CH;67500;25.6855;109.3753;Pa-Hng;Ethnoreligion;Eastern Asia;10;
Biao Mien;China;CH;42000;24.784;113.273;Biao Mon;Ethnoreligion;Eastern Asia;10;
Xiangtang;China;CH;136000;23.50877;100.703244;Lalo, Central;Ethnoreligion;Eastern Asia;10;
Xinping Lalu;China;CH;64500;23.896186;101.679898;Lalo, Central;Ethnoreligion;Eastern Asia;0;
Nunu;China;CH;79500;24.296173;106.619646;Bunu, Bu-Nao;Ethnoreligion;Eastern Asia;10;
Bunu;China;CH;530000;24.37861;107.791792;Bunu, Bu-Nao;Ethnoreligion;Eastern Asia;10;
Baonuo;China;CH;41000;25.281213;107.762076;Bunu, Bu-Nao;Ethnoreligion;Eastern Asia;0;
Samei;China;CH;44000;24.993228;102.812515;Samei;Ethnoreligion;Eastern Asia;10;
Utsat;China;CH;8700;18.31917;109.33558;Tsat;Islam;Eastern Asia;10;
Kiong Nai;China;CH;2800;23.86921;110.00717;Bunu, Jiongnai;Ethnoreligion;Eastern Asia;10;
E;China;CH;38500;24.8814;109.0847;E;Ethnoreligion;Eastern Asia;10;
Bonan;China;CH;13500;35.700499;102.921487;Bonan;Islam;Eastern Asia;10;
Tanglang;China;CH;1700;26.761152;100.2633;Tanglang;Ethnoreligion;Eastern Asia;10;
Gelao;China;CH;2300;28.699546;107.817643;Duoluo;Ethnoreligion;Eastern Asia;0;
Mili;China;CH;39000;24.345644;100.911257;Mili;Ethnoreligion;Eastern Asia;10;
Baima;China;CH;22500;33.175;104.256;Baima;Ethnoreligion;Eastern Asia;10;
Southeastern Awu;China;CH;41000;24.254329;103.45268;Awu;Ethnoreligion;Eastern Asia;10;
Yunnan Mongol;China;CH;8800;24.124326;102.725672;Katso;Ethnoreligion;Eastern Asia;0;
Wunai;China;CH;14000;26.5589;110.4357;Bunu, Wunai;Ethnoreligion;Eastern Asia;0;
Tulao;China;CH;5200;22.895656;104.543171;Rukai;Ethnoreligion;Eastern Asia;0;
Liping Baheng;China;CH;8400;26.102595;109.329671;Pa-Hng;Ethnoreligion;Eastern Asia;0;
Numao;China;CH;2500;25.370641;107.831132;Bunu, Bu-Nao;Ethnoreligion;Eastern Asia;0;
Aluo;China;CH;41500;24.769938;103.899585;Axi;Ethnoreligion;Eastern Asia;10;
Purik;China;CH;850;32.608957;79.557712;Purig;Islam;Eastern Asia;0;
Bunan;China;CH;2500;31.79607;78.90344;Gahri;Buddhism;Eastern Asia;0;
Lawu;China;CH;32500;23.986685;101.273871;Lalo, Central;Ethnoreligion;Eastern Asia;0;
Chesu;China;CH;10500;24.263865;101.821229;Nisu, Eastern;Ethnoreligion;Eastern Asia;0;
Mo;China;CH;30500;25.59464;107.72616;Mak (China);Ethnoreligion;Eastern Asia;0;
Ersu;China;CH;48000;29.235585;102.355916;Ersu;Buddhism;Eastern Asia;0;
Xiangcheng;China;CH;18500;28.936153;99.79661;Qiang, Northern;Buddhism;Eastern Asia;10;
Kemei;China;CH;1600;21.726887;101.701549;Kemiehua;Ethnoreligion;Eastern Asia;10;
Guiqiong;China;CH;16000;30.48028;102.12754;Guiqiong;Buddhism;Eastern Asia;10;
Buyuan Jino;China;CH;1400;21.781276;100.89509;Jinuo, Buyuan;Ethnoreligion;Eastern Asia;10;
Repanbitip;Vanuatu;NH;225;-16.32646;167.61883;Repanbitip;Christianity;Melanesia;75;
Larevat;Vanuatu;NH;1200;-16.18;167.384;Larevat;Christianity;Melanesia;75;
Narango;Vanuatu;NH;450;-15.52585;167.04703;Varsaf;Christianity;Melanesia;75;
Fortsenal;Vanuatu;NH;800;-15.44841;166.93136;Kiae;Ethnoreligion;Melanesia;75;
Dixon Reef;Vanuatu;NH;125;-16.32665;167.51592;Dixon Reef;Christianity;Melanesia;75;
Mpotovoro;Vanuatu;NH;750;-15.8988;167.23242;Mpotovoro;Christianity;Melanesia;75;
Roria;Vanuatu;NH;125;-15.40476;166.84305;Mores;Ethnoreligion;Melanesia;75;
Tasmate;Vanuatu;NH;400;-15.07915;166.6642;Oa;Christianity;Melanesia;75;
Wailapa;Vanuatu;NH;275;-15.5656;166.90179;Moiso;Christianity;Melanesia;75;
Lingarak;Vanuatu;NH;2200;-16.19856;167.4985;Neverver;Christianity;Melanesia;75;
Polonombauk;Vanuatu;NH;600;-15.46534;167.08963;Atin;Christianity;Melanesia;75;
Shark Bay;Vanuatu;NH;800;-15.35492;167.13583;Ngen (Vanuatu);Christianity;Melanesia;75;
Tutuba;Vanuatu;NH;900;-15.49131;167.21849;Vinekula;Christianity;Melanesia;75;
Malua Bay;Vanuatu;NH;900;-15.98133;167.20834;Malua Bay;Christianity;Melanesia;75;
Vunapu;Vanuatu;NH;1000;-14.84766;166.69119;Tapesena;Christianity;Melanesia;75;
Mafea;Vanuatu;NH;450;-15.435;167.248;Mafea;Christianity;Melanesia;75;
Tambotalo;Vanuatu;NH;150;-15.50043;167.13905;Tambotalo;Christianity;Melanesia;75;
Lorediakarkar;Vanuatu;NH;200;-15.19852;167.03645;Lorediakarkar;Ethnoreligion;Melanesia;75;
Emae;Vanuatu;NH;700;-17.05196;168.39906;Emae;Christianity;Melanesia;75;
Buma;Solomon Islands;BP;800;-11.6707;166.8962;Teanu;Christianity;Melanesia;75;
Kokota;Solomon Islands;BP;1000;-7.92;159.1641;Kokota;Christianity;Melanesia;75;
Oroha;Solomon Islands;BP;70;-9.6975;161.5592;Oroha;Christianity;Melanesia;75;
Nanggu;Solomon Islands;BP;400;-10.7441;165.88665;Engdewu;Christianity;Melanesia;75;
Seke;Vanuatu;NH;1100;-15.8839;168.19662;Ske;Christianity;Melanesia;75;
Hoava;Solomon Islands;BP;900;-8.0959;157.6001;Hoava;Christianity;Melanesia;75;
Surigaonon;Philippines;RP;1135000;9.14563;125.89586;Surigaonon;Christianity;South-Eastern Asia;75;
Tubuaian;French Polynesia;FP;13500;-23.38431;-149.46195;Austral;Christianity;Polynesia;75;
Pudtol Atta;Philippines;RP;1100;18.21116;121.37861;Atta, Pudtol;Ethnoreligion;South-Eastern Asia;75;
Bela;China;CH;4800;24.5457;98.3616;Pela;Ethnoreligion;Eastern Asia;75;
Mbalanhu;Namibia;WA;350;-19.5625;16.4205;Mbalanhu;Ethnoreligion;Southern Africa;75;
Ryukyuan;Bolivia;BL;2600;-16.520392;-68.212094;Okinawan, Central;Ethnoreligion;South America;0;
Yidu Lhoba;China;CH;12000;28.9723;96.6381;Idu-Mishmi;Ethnoreligion;Eastern Asia;0;
Pukapukan;French Polynesia;FP;1800;-17.5457;-149.5725;Pukapuka;Christianity;Polynesia;75;
Nasarian;Vanuatu;NH;50;-16.34974;167.41436;Letemboi;Ethnoreligion;Melanesia;75;
Hrangkhol;Myanmar;BM;9000;23.82421;93.54098;Hrangkhol;Ethnoreligion;South-Eastern Asia;75;
Minyak;China;CH;35000;29.654006;101.529753;Minyag, Western;Buddhism;Eastern Asia;0;
Axi;China;CH;129000;24.409976;103.426738;Axi;Ethnoreligion;Eastern Asia;10;
Laha;Vietnam;VM;8200;21.55149;103.86379;Laha (Viet Nam);Ethnoreligion;South-Eastern Asia;0;
Zhaba;China;CH;34500;30.74155;100.98277;Zhaba;Buddhism;Eastern Asia;10;
Butonese;Malaysia;MY;20500;5.9038;116.055;Wolio;Islam;South-Eastern Asia;0;
Tseku;Bhutan;BT;8000;27.004;88.987;Tseku;Buddhism;Southern Asia;0;
Ergong Jiarong;China;CH;91000;31.10258;101.72;Horpa;Buddhism;Eastern Asia;10;
Tusu;China;CH;52500;25.381767;100.885351;Lalo, Central;Ethnoreligion;Eastern Asia;0;
Queyu;China;CH;14000;30.31133;100.8126;Queyu;Buddhism;Eastern Asia;10;
Shixing;China;CH;4100;28.288;100.657;Shuhi;Buddhism;Eastern Asia;0;
Mishaba Laluo;China;CH;719000;25.04667;100.234459;Lalo, Central;Ethnoreligion;Eastern Asia;0;
Hung;Vietnam;VM;1200;18.85402;104.78736;Hung;Ethnoreligion;South-Eastern Asia;75;
Jone Tibetans;China;CH;166000;34.415318;103.048784;Choni;Buddhism;Eastern Asia;10;
Austrians;Italy;IT;272000;46.659819;11.15516;Bavarian;Christianity;Southern Europe;0;
Zauzou;China;CH;3800;26.388953;98.87875;Zauzou;Ethnoreligion;Eastern Asia;75;
Amblong;Vanuatu;NH;400;-15.51691;166.94988;Amblong;Christianity;Melanesia;75;
Piamatsina;Vanuatu;NH;425;-14.99588;166.73828;Tapiafaru;Ethnoreligion;Melanesia;75;
Maii;Vanuatu;NH;300;-16.73876;168.2106;Maii;Christianity;Melanesia;75;
Lule Saami;Norway;NO;1900;68.0875;15.82567;Saami, Lule;Unaffiliated;Northern Europe;10;
Bukabukan;Cook Islands;CW;1000;-10.913234;-165.838633;Pukapuka;Christianity;Polynesia;75;
Irish Travellers;United Kingdom;UK;6800;54.590697;-5.902407;Shelta;Christianity;Northern Europe;10;
Maonan;China;CH;78500;25.01686;108.0244;Maonan;Ethnoreligion;Eastern Asia;75;
Blablanga;Solomon Islands;BP;3400;-8.1007;159.5205;Blablanga;Christianity;Melanesia;75;
Carpathian Romani;Romania;RO;658000;46.779;24.71;Romani, Carpathian;Christianity;Eastern Europe;10;
Bghai Karen;Thailand;TH;2100;19.52433;97.8905;Karen, Bwe;Ethnoreligion;South-Eastern Asia;75;
Bukabukan;New Zealand;NZ;300;-43.5118;172.6841;Pukapuka;Christianity;Australia and New Zealand;75;
Northern Dong;China;CH;1520000;26.99443;109.20384;Dong, Northern;Ethnoreligion;Eastern Asia;0;
Bierebo;Vanuatu;NH;1400;-16.66632;168.15444;Bierebo;Christianity;Melanesia;75;
Karelians;Finland;FI;11000;65.91264;29.92905;Karelian;Unaffiliated;Northern Europe;10;
Han Chinese;Reunion;RE;31500;-20.878049;55.447174;Chinese, Yue;Ethnoreligion;Eastern Africa;75;
Southern Muji;China;CH;32000;23.028421;103.280248;Muji, Southern;Ethnoreligion;Eastern Asia;75;
Cook Islands Maori;New Zealand;NZ;75000;-43.5642;172.6323;Cook Islands Maori;Christianity;Australia and New Zealand;75;
Balkan Romani;North Macedonia;MK;106000;41.763;22.085;Romani, Balkan;Islam;Southern Europe;10;
Piaroa;Colombia;CO;750;4.3802;-67.9114;Piaroa;Ethnoreligion;South America;75;
Awa-Cuaiquer;Ecuador;EC;3000;1.11741;-78.48706;Awa-Cuaiquer;Ethnoreligion;South America;75;
Pantamona;Brazil;BR;125;4.471707;-60.270194;Patamona;Ethnoreligion;South America;75;
Amazonas Arara;Brazil;BR;375;1.387276;-68.155206;Baniwa;Ethnoreligion;South America;0;
Nivacle;Argentina;AR;700;-22.4626;-63.7122;Nivaclé;Ethnoreligion;South America;75;
Pemon;Guyana;GY;550;5.44678;-60.8892;Pemon;Ethnoreligion;South America;0;
Pemon;Brazil;BR;650;4.1595;-61.2646;Pemon;Ethnoreligion;South America;0;
Pilaga;Paraguay;PA;300;-23.9179;-60.5787;Pilagá;Ethnoreligion;South America;75;
Siona;Ecuador;EC;375;-0.0615;-76.5459;Siona;Ethnoreligion;South America;75;
Wanano;Colombia;CO;1600;1.0793;-71.8367;Wanano;Ethnoreligion;South America;75;
Galibi Karibi;Suriname;NS;4100;5.42298;-56.08158;Carib;Ethnoreligion;South America;75;
Galibi Karibi;Guyana;GY;3200;7.43759;-60.4689;Carib;Ethnoreligion;South America;75;
Angaite;Paraguay;PA;6200;-21.4774;-61.3213;Angaité;Ethnoreligion;South America;75;
Pai Tavytera;Paraguay;PA;15000;-23.15945;-56.11758;Pai Tavytera;Ethnoreligion;South America;75;
Wapixana;Brazil;BR;7800;2.756047;-60.52556;Wapishana;Ethnoreligion;South America;75;
Yukpa;Venezuela;VE;9100;9.56676;-72.9721;Yukpa;Ethnoreligion;South America;75;
Mapuche;Argentina;AR;125000;-39.04196;-70.37141;Mapudungun;Ethnoreligion;South America;75;
Yagua;Colombia;CO;1100;-2.3121;-72.0864;Yagua;Ethnoreligion;South America;0;
Akawaio;Brazil;BR;1300;4.9217;-60.3205;Akawaio;Ethnoreligion;South America;75;
Arawak;French Guiana;FG;950;5.487;-54.041;Arawak;Ethnoreligion;South America;75;
Akawaio;Venezuela;VE;900;6.4626;-61.5959;Akawaio;Ethnoreligion;South America;10;
Galibi Karibi;French Guiana;FG;6100;5.4842;-54.0196;Carib;Christianity;South America;75;
Piratapuyo;Colombia;CO;650;0.7455;-69.4871;Piratapuyo;Ethnoreligion;South America;0;
Siriano;Brazil;BR;70;-0.0988;-67.077;Siriano;Ethnoreligion;South America;10;
Desana;Colombia;CO;2300;0.6872;-70.2259;Desano;Ethnoreligion;South America;0;
Galibi Karibi;Brazil;BR;70;3.961;-51.7624;Carib;Christianity;South America;75;
Guajibo;Venezuela;VE;12500;6.39309;-68.24517;Guahibo;Christianity;South America;75;
Central Aymara;Chile;CI;64500;-22.11165;-68.79903;Aymara, Central;Ethnoreligion;South America;75;
Garifuna;Saint Vincent and the Grenadines;VC;2300;13.152;-61.2225;Garifuna;Christianity;Caribbean;75;
Amahuaca;Brazil;BR;275;-9.3604;-70.6064;Amahuaca;Ethnoreligion;South America;75;
Turks and Caicos Creole;Turks and Caicos Islands;TK;48500;21.913281;-71.996191;Turks and Caicos English Creole;Christianity;Caribbean;75;
Antillean Creole;Netherlands;NL;136000;52.374748;4.853857;Papiamentu;Christianity;Western Europe;75;
Kwinti;Suriname;NS;225;5.1323;-56.12663;Kwinti;Ethnoreligion;South America;10;
Bora;Colombia;CO;950;-1.8801;-71.5974;Spanish;Ethnoreligion;South America;75;
Napo Lowland Quichua;Ecuador;EC;18000;-0.6201;-75.8617;Quichua, Napo;Ethnoreligion;South America;75;
Northern Barasano;Brazil;BR;50;0.39069;-69.93834;Waimaha;Ethnoreligion;South America;0;
Sulod;Philippines;RP;34000;11.24728;122.55113;Sulod;Ethnoreligion;South-Eastern Asia;75;
Herero;Namibia;WA;281000;-18.053704;13.837603;Herero;Ethnoreligion;Southern Africa;0;
Slovaks;Slovakia;LO;4605000;48.82175;19.66064;Slovak;Christianity;Eastern Europe;10;
Southwest Palawano;Philippines;RP;16000;8.67624;117.36004;Palawano, Southwest;Ethnoreligion;South-Eastern Asia;75;
Anglo-Romani;United Kingdom;UK;110000;51.673882;-0.037769;English;Christianity;Northern Europe;10;
Romblon;Philippines;RP;378000;12.5659;122.2705;Romblomanon;Christianity;South-Eastern Asia;75;
Chacobo;Bolivia;BL;1200;-12.13298;-66.71641;Chácobo;Ethnoreligion;South America;75;
Siriono;Bolivia;BL;1100;-14.8298;-64.4478;Sirionó;Ethnoreligion;South America;75;
Movima;Bolivia;BL;14500;-13.81152;-65.63482;Movima;Ethnoreligion;South America;75;
Yuqui;Bolivia;BL;250;-16.78752;-64.94382;Yuqui;Ethnoreligion;South America;75;
Guarayu;Bolivia;BL;14000;-15.5975;-62.183;Guarayu;Ethnoreligion;South America;75;
Yuracare;Bolivia;BL;3100;-16.74788;-65.12241;Yuracare;Ethnoreligion;South America;75;
Tsimane;Bolivia;BL;9200;-14.7167;-66.7167;Tsimané;Ethnoreligion;South America;75;
Cavinena;Bolivia;BL;3800;-13.043;-66.139;Cavineña;Ethnoreligion;South America;75;
North Bolivian Quechua;Bolivia;BL;274000;-14.713196;-68.418783;Quechua, North Bolivian;Ethnoreligion;South America;75;
Saramaccan;Suriname;NS;35500;4.56627;-55.67555;Saramaccan;Ethnoreligion;South America;75;
Mapuche;Chile;CI;1380000;-38.43638;-72.18261;Mapudungun;Christianity;South America;75;
Akurio;Suriname;NS;70;3.19607;-55.6294;Trió;Christianity;South America;75;
Arawak;Guyana;GY;15000;6.08393;-57.59921;Guyanese English Creole;Ethnoreligion;South America;75;
Aukan;Suriname;NS;25500;4.0833;-54.71039;Aukan;Ethnoreligion;South America;75;
Central Aymara;Bolivia;BL;1135000;-18.10344;-68.31289;Aymara, Central;Ethnoreligion;South America;75;
Trio;Suriname;NS;1400;3.209129;-55.562559;Trió;Christianity;South America;75;
Wayana;Suriname;NS;650;3.50469;-55.079494;Wayana;Christianity;South America;75;
Mopan Maya;Belize;BH;16500;16.54892;-88.73116;Maya, Mopán;Christianity;Central America;75;
Brazilians;Portugal;PO;181000;38.794448;-9.346027;Portuguese;Christianity;Southern Europe;75;
Haitians;Haiti;HA;11480000;18.32514;-73.04597;Haitian Creole;Christianity;Caribbean;75;
Lesser Antillean Creole;Antigua and Barbuda;AC;95500;17.127977;-61.829604;Leeward Caribbean English Creole;Christianity;Caribbean;75;
Surinamese Creole;Netherlands;NL;257000;52.317032;4.959624;Dutch;Christianity;Western Europe;75;
Belizean Creole;Belize;BH;156000;17.157722;-89.069437;Belize English Creole;Christianity;Central America;75;
Enxet;Paraguay;PA;5600;-23.44629;-58.838404;Enxet;Ethnoreligion;South America;75;
Nivacle;Paraguay;PA;11500;-22.7526;-60.4758;Nivaclé;Ethnoreligion;South America;10;
Nhandeva Guarani;Paraguay;PA;1900;-19.8648;-61.6792;Ñandeva;Ethnoreligion;South America;75;
Warekena;Brazil;BR;900;1.56093;-67.201918;Nhengatu;Ethnoreligion;South America;75;
Chamacocos;Paraguay;PA;850;-20.2348;-58.1741;Chamacoco;Ethnoreligion;South America;75;
Sanapana;Paraguay;PA;1900;-22.1547;-59.3752;Sanapaná;Ethnoreligion;South America;10;
Ayoreo;Paraguay;PA;1900;-19.7593;-59.0657;Ayoreo;Ethnoreligion;South America;75;
Chiripa;Paraguay;PA;14500;-25.412395;-55.381363;Guaraní, Ava;Ethnoreligion;South America;75;
Han Chinese (Wu);China;CH;92530000;31.170901;121.423618;Chinese, Wu;Ethnoreligion;Eastern Asia;75;
Beidongnuo;China;CH;600;25.392538;107.987143;Miao, Northern Qiandong;Ethnoreligion;Eastern Asia;0;
Longxi Qiang;China;CH;7000;31.537379;103.521666;Qiang, Southern;Ethnoreligion;Eastern Asia;10;
Northern Qiandong Miao;China;CH;2425000;26.680469;108.195489;Miao, Northern Qiandong;Ethnoreligion;Eastern Asia;10;
Heihu Qiang;China;CH;34000;31.836356;103.670113;Qiang, Southern;Ethnoreligion;Eastern Asia;10;
Bogol;China;CH;1400;48.468926;124.488213;Daur;Ethnoreligion;Eastern Asia;0;
Qanu;China;CH;14500;26.321;107.8776;Miao, Northern Qiandong;Ethnoreligion;Eastern Asia;0;
Ha Li;China;CH;922000;18.6238;109.357121;Hlai;Ethnoreligion;Eastern Asia;0;
Jiaochang Qiang;China;CH;42500;32.046223;103.687601;Qiang, Southern;Ethnoreligion;Eastern Asia;10;
Bolozi;China;CH;3300;32.838213;103.563459;Qiang, Southern;Ethnoreligion;Eastern Asia;10;
Ayi;China;CH;2400;27.12131;98.86843;Lisu;Christianity;Eastern Asia;75;
Tu;China;CH;381000;36.856156;102.183697;Tu;Buddhism;Eastern Asia;10;
Bai;China;CH;2495000;26.06942;99.630583;Bai, Central;Buddhism;Eastern Asia;10;
Western Xibe;China;CH;35500;43.802363;80.79151;Xibe;Ethnoreligion;Eastern Asia;0;
Mianchi Qiang;China;CH;33500;31.446461;103.552643;Qiang, Southern;Ethnoreligion;Eastern Asia;10;
Han Chinese (Cantonese);China;CH;64770000;23.141041;113.246808;Chinese, Yue;Ethnoreligion;Eastern Asia;75;
Ge;China;CH;164000;26.85419;107.82312;Ge;Ethnoreligion;Eastern Asia;10;
Xibe;China;CH;151000;41.449715;123.708418;Xibe;Unaffiliated;Eastern Asia;75;
Khakas;Russian Federation;RS;73000;53.1367;90.5228;Khakas;Christianity;Eastern Europe;0;
Mountain Mari;Russian Federation;RS;30000;56.21256;46.40474;Mari, Hill;Ethnoreligion;Eastern Europe;0;
Udmurts;Russian Federation;RS;624000;56.12921;52.63548;Udmurt;Christianity;Eastern Europe;10;
Shorian;Russian Federation;RS;13000;52.7719;87.8984;Shor;Ethnoreligion;Eastern Europe;10;
Khanti;Russian Federation;RS;31000;61.0083;69.0308;Khanty;Ethnoreligion;Eastern Europe;10;
Mordvinians;Russian Federation;RS;333000;52.85479;45.3901;Erzya;Christianity;Eastern Europe;10;
Nentsy;Russian Federation;RS;44500;66.17749;71.02339;Nenets;Ethnoreligion;Eastern Europe;10;
Yakuts;Russian Federation;RS;478000;61.69744;133.98031;Yakut;Ethnoreligion;Eastern Europe;10;
Meadow Mari;Russian Federation;RS;548000;55.9709;54.8065;Mari, Meadow;Ethnoreligion;Eastern Europe;0;
Catalonians;Spain;SP;8360000;41.436126;2.178283;Catalan;Unaffiliated;Southern Europe;10;
Mro-Khimi;Myanmar;BM;75000;20.52265;93.3656;Mro-Khimi;Christianity;South-Eastern Asia;75;
Rengao;Vietnam;VM;21000;14.6066;107.85923;Rengao;Ethnoreligion;South-Eastern Asia;0;
Lule Saami;Sweden;SW;14000;66.9568;19.8102;Saami, Lule;Unaffiliated;Northern Europe;10;
Pacoh;Vietnam;VM;20000;16.44399;107.12868;Pacoh;Ethnoreligion;South-Eastern Asia;0;
Vlax Romani;Germany;GM;140000;48.188401;11.568653;Romani, Sinte;Christianity;Western Europe;0;
Anu;Myanmar;BM;4400;21.25;92.863;Chin, Anu-Khongso;Ethnoreligion;South-Eastern Asia;75;
Miriam;Australia;AS;500;-9.59575;143.77282;Meriam Mir;Christianity;Australia and New Zealand;75;
Baki;Vanuatu;NH;600;-16.70956;168.16506;Baki;Christianity;Melanesia;75;
Chru;Vietnam;VM;19500;11.66249;108.52928;Chru;Ethnoreligion;South-Eastern Asia;75;
Tuamotuan;French Polynesia;FP;16000;-21.707;-140.645;Tuamotuan;Christianity;Polynesia;75;
Arosi;Solomon Islands;BP;13000;-10.3297;161.3536;Arosi;Christianity;Melanesia;75;
South Marquesan;French Polynesia;FP;3900;-9.75663;-138.97893;Marquesan, South;Christianity;Polynesia;75;
Ahamb;Vanuatu;NH;1300;-16.48376;167.70701;Axamb;Christianity;Melanesia;75;
Mota;Vanuatu;NH;1600;-13.838;167.699;Mota;Christianity;Melanesia;75;
Mayoyao Ifugao;Philippines;RP;43000;16.99837;121.29005;Ifugao, Mayoyao;Ethnoreligion;South-Eastern Asia;75;
T'Boli;Philippines;RP;154000;6.2138;124.8231;Tboli;Ethnoreligion;South-Eastern Asia;75;
Eastern Cham;Vietnam;VM;88500;11.28528;108.49012;Cham, Eastern;Hinduism;South-Eastern Asia;75;
Southern Sama;Philippines;RP;213000;5.13894;119.92596;Sama, Southern;Islam;South-Eastern Asia;10;
Umiray Dumagat;Philippines;RP;5300;14.87569;121.50814;Agta, Umiray Dumaget;Ethnoreligion;South-Eastern Asia;75;
Obo Manobo;Philippines;RP;72000;7.29141;125.09018;Manobo, Obo;Ethnoreligion;South-Eastern Asia;75;
Pangkumu Bay;Vanuatu;NH;1000;-16.29344;167.65074;Rerep;Christianity;Melanesia;75;
Sambal;Philippines;RP;108000;15.5797;120.0948;Sambal;Christianity;South-Eastern Asia;75;
Lametin;Vanuatu;NH;800;-15.28389;166.90525;Merei;Ethnoreligion;Melanesia;75;
Central Maewo;Vanuatu;NH;2500;-15.0881;168.1288;Maewo, Central;Christianity;Melanesia;75;
Southern Torres Islander;Vanuatu;NH;1000;-13.25195;166.61341;Lo-Toga;Christianity;Melanesia;0;
Fagani;Solomon Islands;BP;1700;-10.3418;161.6296;Fagani;Christianity;Melanesia;75;
Tolomako-Jereviu;Vanuatu;NH;1600;-15.15686;166.7723;Tolomako;Christianity;Melanesia;75;
Mewun;Vanuatu;NH;2000;-16.42914;167.4417;Ninde;Christianity;Melanesia;75;
Lakon;Vanuatu;NH;1200;-14.215;167.469;Lakon;Christianity;Melanesia;75;
Mangarevan;French Polynesia;FP;2600;-23.10953;-134.97034;Mangareva;Christianity;Polynesia;75;
Rapa;French Polynesia;FP;800;-27.63043;-144.33752;Rapa;Christianity;Polynesia;0;
Langalanga;Solomon Islands;BP;13500;-8.8225;160.7285;Wala;Christianity;Melanesia;75;
Pileni;Solomon Islands;BP;2200;-9.878;167.174;Vaeakau-Taumako;Christianity;Melanesia;75;
Kwaio;Solomon Islands;BP;25500;-8.93744;160.96526;Kwaio;Christianity;Melanesia;75;
Lungga;Solomon Islands;BP;5300;-8.1714;156.5823;Lungga;Christianity;Melanesia;75;
Fataleka;Solomon Islands;BP;13000;-8.5532;160.7461;Fataleka;Christianity;Melanesia;75;
Varese;Solomon Islands;BP;9800;-6.8862;156.6371;Varisi;Christianity;Melanesia;0;
Zabana;Solomon Islands;BP;6400;-7.5636;158.4405;Zabana;Christianity;Melanesia;75;
Marovo;Solomon Islands;BP;15500;-8.5533;157.8224;Marovo;Christianity;Melanesia;75;
Ririo;Solomon Islands;BP;700;-6.8697;156.9712;Babatana;Christianity;Melanesia;75;
Kahua;Solomon Islands;BP;5700;-10.5123;162.1035;Kahua;Christianity;Melanesia;75;
Simbo;Solomon Islands;BP;5200;-8.26947;156.54142;Simbo;Christianity;Melanesia;75;
Santa Cruz;Solomon Islands;BP;7400;-10.8207;165.779;Natügu;Christianity;Melanesia;75;
Malango;Solomon Islands;BP;7900;-9.5034;160.0623;Malango;Christianity;Melanesia;75;
Longgu;Solomon Islands;BP;3600;-9.663;160.653;Longgu;Christianity;Melanesia;75;
Ghari;Solomon Islands;BP;23500;-9.38855;159.60339;Ghari;Christianity;Melanesia;75;
Tanima;Solomon Islands;BP;350;-9.6789;161.5269;Pijin;Christianity;Melanesia;75;
Vanikoro;Solomon Islands;BP;275;-11.6796;166.9537;Pijin;Christianity;Melanesia;75;
Tikopia;Solomon Islands;BP;6400;-12.302;168.82;Tikopia;Christianity;Melanesia;75;
Rennellese;Solomon Islands;BP;6100;-11.5549;160.0633;Rennell-Bellona;Christianity;Melanesia;75;
Solomoni Creole;Solomon Islands;BP;46500;-9.431462;159.94372;Pijin;Christianity;Melanesia;75;
West Futunan;Vanuatu;NH;2700;-19.53033;170.21518;Futuna-Aniwa;Christianity;Melanesia;75;
Port Sandwich;Vanuatu;NH;2100;-16.49524;167.77966;Bislama;Christianity;Melanesia;75;
Northern Torres Islander;Vanuatu;NH;225;-13.13907;166.55592;Hiw;Christianity;Melanesia;75;
Lenakel Tannese;Vanuatu;NH;21500;-19.4763;169.26061;Lenakel;Christianity;Melanesia;75;
Onua;Vanuatu;NH;1400;-16.26379;167.59921;Unua;Christianity;Melanesia;75;
Mele-Fila;Vanuatu;NH;6200;-17.68407;168.27482;Mele-Fila;Christianity;Melanesia;75;
Big Nambas;Vanuatu;NH;5900;-16.09027;167.23918;V’ënen Taut;Christianity;Melanesia;75;
Northern Kalinga;Philippines;RP;18000;17.60813;121.38057;Kalinga, Limos;Christianity;South-Eastern Asia;75;
Sarangani Manobo;Philippines;RP;74500;5.84903;125.49902;Manobo, Sarangani;Ethnoreligion;South-Eastern Asia;75;
Southern Kalinga;Philippines;RP;21000;17.3496;121.1729;Kalinga, Southern;Ethnoreligion;South-Eastern Asia;75;
Eastern Mnong;Vietnam;VM;33500;12.39385;108.35351;Mnong, Eastern;Ethnoreligion;South-Eastern Asia;75;
Western Bontok;Philippines;RP;140000;17.10573;120.78649;Kankanay, Northern;Christianity;South-Eastern Asia;75;
Kwambi;Namibia;WA;44000;-17.8871;15.945;Ndonga;Ethnoreligion;Southern Africa;10;
Northern Cagayan Negrito;Philippines;RP;1600;18.47381;121.29955;Atta, Pamplona;Ethnoreligion;South-Eastern Asia;75;
Northern Roglai;Vietnam;VM;65000;12.19672;108.8486;Roglai, Northern;Christianity;South-Eastern Asia;75;
Villaviciosa Agta;Philippines;RP;24000;17.47098;120.63753;Ilocano;Ethnoreligion;South-Eastern Asia;75;
Sowa;Vanuatu;NH;80;-15.82653;168.18653;Apma;Christianity;Melanesia;75;
Western Bukidnon Manobo;Philippines;RP;19000;7.5764;124.9829;Manobo, Western Bukidnon;Ethnoreligion;South-Eastern Asia;75;
Ura;Vanuatu;NH;30;-18.637699;169.078628;Sie;Christianity;Melanesia;75;
Litzlitz-Visele;Vanuatu;NH;850;-16.13309;167.41511;Uripiv-Wala-Rano-Atchin;Christianity;Melanesia;75;
Upper Tanudan Kalinga;Philippines;RP;5700;17.2143;121.20222;Kalinga, Tanudan;Ethnoreligion;South-Eastern Asia;75;
Maragus;Vanuatu;NH;40;-16.06954;167.3303;Uripiv-Wala-Rano-Atchin;Christianity;Melanesia;75;
Atchin;Vanuatu;NH;3600;-16.036807;167.354515;Uripiv-Wala-Rano-Atchin;Christianity;Melanesia;75;
Fiu;Solomon Islands;BP;3900;-8.724356;160.704209;Kwara’ae;Christianity;Melanesia;75;
Laka;China;CH;9600;26.081923;102.239757;Nasu, Wusa;Christianity;Eastern Asia;75;
Gese;China;CH;19000;25.33;101.86;Nasu, Wusa;Ethnoreligion;Eastern Asia;10;
Xiao Hei Neisu;China;CH;12000;24.40512;103.438106;Nasu, Wusa;Ethnoreligion;Eastern Asia;10;
Central Niesu;China;CH;47000;25.612946;99.698068;Nasu, Wusa;Ethnoreligion;Eastern Asia;10;
Da Hei Neisu;China;CH;10500;24.418891;103.44708;Nasu, Wusa;Ethnoreligion;Eastern Asia;10;
Gepo;China;CH;100000;25.709011;103.311815;Nasu, Wusa;Ethnoreligion;Eastern Asia;10;
Gouzou;China;CH;6400;26.955632;104.49547;Nasu, Wusa;Ethnoreligion;Eastern Asia;75;
Wusa Nasu;China;CH;409000;26.914103;104.6391;Nasu, Wusa;Christianity;Eastern Asia;75;
Naruo;China;CH;19000;26.533;101.13;Nuosu;Ethnoreligion;Eastern Asia;10;
Naluo;China;CH;62000;25.996915;102.526018;Nuosu;Ethnoreligion;Eastern Asia;75;
Lagou;China;CH;8300;27.132662;104.543147;Nasu, Wusa;Ethnoreligion;Eastern Asia;75;
Luowu;China;CH;37000;24.878515;102.01239;Nasu, Wusa;Ethnoreligion;Eastern Asia;10;
Wopu;China;CH;4800;24.838807;104.611809;Nasu, Wusa;Ethnoreligion;Eastern Asia;0;
Naisu;China;CH;81500;25.379682;101.886634;Yi, Wuding-Luquan;Ethnoreligion;Eastern Asia;75;
Guopu;China;CH;26500;27.215132;104.225454;Nasu, Wusa;Ethnoreligion;Eastern Asia;75;
Chuanlan;China;CH;415000;26.452996;105.902136;Chinese, Mandarin;Ethnoreligion;Eastern Asia;75;
Limin;China;CH;124000;26.209017;105.682669;Chinese, Mandarin;Ethnoreligion;Eastern Asia;10;
Gesu;China;CH;19500;25.603804;101.883215;Chinese, Mandarin;Ethnoreligion;Eastern Asia;10;
Enipu;China;CH;28000;24.986798;100.469047;Lolopo;Ethnoreligion;Eastern Asia;10;
Popei;China;CH;6800;26.311803;101.212593;Lolopo;Ethnoreligion;Eastern Asia;0;
Malimasa;China;CH;650;27.162148;99.304431;Naxi;Buddhism;Eastern Asia;10;
Tuwo;China;CH;1300;26.062566;98.720911;Lisu;Ethnoreligion;Eastern Asia;75;
Southern Gaisu;China;CH;58000;23.621548;103.237876;Chinese, Mandarin;Ethnoreligion;Eastern Asia;10;
Pusha;China;CH;6400;23.429194;106.288066;Chinese, Mandarin;Ethnoreligion;Eastern Asia;0;
Lupanshui Miao;China;CH;77000;26.564814;104.897175;Chinese, Xiang;Ethnoreligion;Eastern Asia;0;
Palyu;China;CH;15500;24.687715;104.961337;Chinese, Mandarin;Ethnoreligion;Eastern Asia;0;
Lemo;China;CH;2300;25.848962;98.778234;Chinese, Mandarin;Buddhism;Eastern Asia;75;
Meifu Li;China;CH;65500;19.058863;108.939981;Hlai;Ethnoreligion;Eastern Asia;0;
Fuma;China;CH;1100;19.328798;108.754355;Hlai;Unaffiliated;Eastern Asia;75;
Yunnan Shui;China;CH;14500;25.248991;104.700356;Sui;Ethnoreligion;Eastern Asia;0;
Ga Mong;China;CH;60000;26.523707;107.8234;Miao, Chuanqiandian Cluster;Ethnoreligion;Eastern Asia;0;
Changshu Miao;China;CH;26000;25.954742;105.938628;Miao, Chuanqiandian Cluster;Ethnoreligion;Eastern Asia;10;
Buyang;China;CH;3800;23.820505;105.829342;Zhuang, Guibian;Ethnoreligion;Eastern Asia;0;
Eastern Nasu;China;CH;646000;26.298379;102.2473;Nasu, Wusa;Ethnoreligion;Eastern Asia;75;
Ming;China;CH;15500;31.53976;103.686795;Chinese, Mandarin;Unaffiliated;Eastern Asia;0;
Depo;China;CH;9800;26.296433;102.035886;Nasu, Wusa;Christianity;Eastern Asia;75;
Saman;China;CH;2600;47.463899;124.116689;Chinese, Mandarin;Ethnoreligion;Eastern Asia;0;
Mozhihei;China;CH;6000;28.262181;109.946034;Chinese, Mandarin;Ethnoreligion;Eastern Asia;0;
Keji;China;CH;2600;29.653551;91.120959;Tibetan, Central;Islam;Eastern Asia;0;
Qi Li;China;CH;450000;19.009023;109.921284;Hlai;Ethnoreligion;Eastern Asia;10;
Xiaoliangshan Nosu;China;CH;694000;27.242754;100.863065;Nuosu;Ethnoreligion;Eastern Asia;0;
Aoka;China;CH;424000;26.33739;110.2966;Chinese, Xiang;Ethnoreligion;Eastern Asia;0;
Hainan Island Hakka;China;CH;2600;19.430122;109.554552;Chinese, Hakka;Ethnoreligion;Eastern Asia;10;
Ongkor;China;CH;25;43.988118;81.230091;Chinese, Mandarin;Ethnoreligion;Eastern Asia;0;
Nghari Tibetans;China;CH;82500;30.97696;81.211005;Tibetan, Central;Buddhism;Eastern Asia;0;
Bendi Li;China;CH;96500;19.221083;109.438405;Hlai;Ethnoreligion;Eastern Asia;10;
Western Daur;China;CH;5500;46.996356;83.114086;Chinese, Mandarin;Ethnoreligion;Eastern Asia;10;
Enger Yugur;China;CH;5500;37.98815;101.76214;Chinese, Mandarin;Buddhism;Eastern Asia;0;
Han Chinese (Xiang);China;CH;42190000;28.162222;112.980867;Chinese, Xiang;Unaffiliated;Eastern Asia;75;
Han Chinese (Hakka);China;CH;36240000;24.330802;116.115465;Chinese, Hakka;Ethnoreligion;Eastern Asia;10;
Manchu;China;CH;133000;47.8015;124.4758;Chinese, Mandarin;Unaffiliated;Eastern Asia;75;
Han Chinese (Gan);China;CH;41280000;28.675333;115.913979;Chinese, Gan;Unaffiliated;Eastern Asia;75;
Pingdi Yao;China;CH;1825000;25.189024;111.572439;Chinese, Xiang;Ethnoreligion;Eastern Asia;0;
Han Chinese (Min Dong);China;CH;10600000;26.218649;119.538503;Chinese, Min Dong;Unaffiliated;Eastern Asia;75;
Han Chinese (Min Nan);China;CH;35550000;24.994443;118.090293;Chinese, Min Nan;Unaffiliated;Eastern Asia;75;
Han Chinese (Min Bei);China;CH;11300000;26.64649;118.174531;Chinese, Min Bei;Unaffiliated;Eastern Asia;75;
She;China;CH;895000;27.10933;119.639337;Chinese, Hakka;Ethnoreligion;Eastern Asia;10;
Saragh Yugur;China;CH;10500;38.9716;99.5031;Chinese, Mandarin;Buddhism;Eastern Asia;0;
Horned Miao;China;CH;106000;26.242162;105.939806;Miao, Horned;Ethnoreligion;Eastern Asia;10;
Bouyei;China;CH;3210000;25.050209;105.736669;Bouyei;Ethnoreligion;Eastern Asia;10;
Eastern Lipo;China;CH;138000;25.5859;102.1762;Lipo;Christianity;Eastern Asia;75;
Shui;China;CH;650000;25.803697;107.968159;Sui;Ethnoreligion;Eastern Asia;10;
Lama;China;CH;84500;26.603317;98.812772;Bai, Lama;Ethnoreligion;Eastern Asia;10;
Nu;China;CH;37000;26.900337;98.866034;Nusu;Ethnoreligion;Eastern Asia;75;
Southern Dong;China;CH;2480000;25.98043;109.394957;Dong, Southern;Ethnoreligion;Eastern Asia;10;
Zhugqu Tibetans;China;CH;63500;33.513002;104.50536;Tibetan, Khams;Ethnoreligion;Eastern Asia;10;
Eastern Xiangxi Miao;China;CH;136000;28.664;110.137;Miao, Eastern Xiangxi;Ethnoreligion;Eastern Asia;0;
Lingao;China;CH;1015000;19.86337;109.97126;Lingao;Ethnoreligion;Eastern Asia;10;
Hmong Shuad;China;CH;414000;26.474714;105.592217;Sinicized Miao;Ethnoreligion;Eastern Asia;10;
Jeh;Vietnam;VM;51000;15.19845;107.89563;Jeh;Ethnoreligion;South-Eastern Asia;75;
Bunong;Vietnam;VM;36000;12.64745;107.66244;Mnong, Central;Christianity;South-Eastern Asia;75;
Arem;Vietnam;VM;150;17.37985;106.40279;Vietnamese;Ethnoreligion;South-Eastern Asia;0;
Estonians;Estonia;EN;901000;59.4081;24.6785;Estonian, Standard;Unaffiliated;Northern Europe;75;
Ngawn Chin;Myanmar;BM;23000;23.1962;93.8861;Chin, Ngawn;Christianity;South-Eastern Asia;75;
Tai Khamti;Myanmar;BM;200000;27.4964;97.86994;Khamti;Buddhism;South-Eastern Asia;10;
Scottish Travellers;United Kingdom;UK;5500;55.855162;-4.025825;English;Unaffiliated;Northern Europe;10;
San Chay;Vietnam;VM;170000;21.62421;105.74124;Cao Lan;Ethnoreligion;South-Eastern Asia;75;
Swedish Travellers;Sweden;SW;5300;55.581277;13.070184;Swedish;Unaffiliated;Northern Europe;75;
Dutch;Netherlands;NL;14150000;51.77029;5.332;Dutch;Unaffiliated;Western Europe;10;
Portuguese;Portugal;PO;9545000;38.755756;-9.193436;Portuguese;Christianity;Southern Europe;10;
German Russians;Germany;GM;1500000;52.525204;13.381982;German, Standard;Christianity;Western Europe;75;
Bislama Creole;Vanuatu;NH;12500;-17.7102;168.3153;Bislama;Christianity;Melanesia;75;
Swiss German;Switzerland;SZ;5500000;47.05157;8.46419;German, Swiss;Christianity;Western Europe;10;
Russians;France;FR;74500;48.877492;2.428497;French;Christianity;Western Europe;10;
Romanians;France;FR;13000;48.902402;2.281421;French;Christianity;Western Europe;75;
Sikayana;Solomon Islands;BP;1400;-8.41;162.939;Pijin;Christianity;Melanesia;75;
Araki;Vanuatu;NH;275;-15.632;166.946;Tangoa;Christianity;Melanesia;75;
Aulua Bay;Vanuatu;NH;1300;-16.35787;167.69684;Aulua;Christianity;Melanesia;75;
Merelava-Merig;Vanuatu;NH;2100;-14.455;168.06;Mwerlap;Christianity;Melanesia;75;
Maskelyne Islanders;Vanuatu;NH;2000;-16.528474;167.830584;Maskelynes;Christianity;Melanesia;75;
Babatana;Solomon Islands;BP;14000;-7.0636;157.0835;Babatana;Christianity;Melanesia;75;
Ontong Java Islander;Solomon Islands;BP;4500;-5.488;159.696;Ontong Java;Christianity;Melanesia;75;
Bugoto;Solomon Islands;BP;7700;-8.4789;159.8131;Bughotu;Christianity;Melanesia;75;
Bauro;Solomon Islands;BP;6500;-10.5366;162.0138;Bauro;Christianity;Melanesia;75;
Tangoa;Vanuatu;NH;1400;-15.56432;166.95814;Tangoa;Christianity;Melanesia;75;
Aneityumese;Vanuatu;NH;1600;-20.18636;169.82523;Aneityum;Christianity;Melanesia;75;
Baetora;Vanuatu;NH;2300;-15.25738;168.15868;Baetora;Christianity;Melanesia;75;
Southern Roglai;Vietnam;VM;47000;11.30027;108.31809;Roglai, Southern;Ethnoreligion;South-Eastern Asia;10;
Sangil;Philippines;RP;8900;5.40229;125.37833;Sangil;Islam;South-Eastern Asia;75;
Badjao Sama;Philippines;RP;144000;5.321204;120.184273;Sama, Central;Islam;South-Eastern Asia;75;
Tiruray;Philippines;RP;118000;6.77321;124.12673;Teduray;Ethnoreligion;South-Eastern Asia;75;
Pangutaran Sama;Philippines;RP;45000;6.27167;120.53586;Sama, Pangutaran;Islam;South-Eastern Asia;10;
Waray-Waray;Philippines;RP;3875000;11.49115;125.01203;Waray-Waray;Christianity;South-Eastern Asia;10;
Samoans;Samoa;WS;216000;-13.838601;-171.752968;Samoan;Christianity;Polynesia;75;
Remontado Agta;Philippines;RP;3900;14.62541;121.45323;Tagalog;Ethnoreligion;South-Eastern Asia;75;
Jarai;Vietnam;VM;411000;13.9778;108.0069;Jarai;Ethnoreligion;South-Eastern Asia;75;
Kiribertese;Kiribati;KR;134000;1.374049;173.148972;Kiribati;Christianity;Micronesia;75;
Agwagwune;Nigeria;NI;46000;5.8371;8.0046;Agwagwune;Christianity;Western Africa;75;
Cebaara Senufo;Cote d’Ivoire;IV;1905000;9.50768;-6.15264;Sénoufo, Cebaara;Ethnoreligion;Western Africa;10;
Tagwana Senufo;Cote d’Ivoire;IV;265000;8.67053;-5.17372;Sénoufo, Tagwana;Ethnoreligion;Western Africa;75;
Alago;Nigeria;NI;125000;8.34986;8.52085;Alago;Ethnoreligion;Western Africa;75;
Agatu;Nigeria;NI;193000;7.97915;7.71639;Agatu;Christianity;Western Africa;75;
Mankanya;Guinea-Bissau;PU;62500;11.6167;-15.34052;Mankanya;Ethnoreligion;Western Africa;10;
Sokoto Fulani;Niger;NG;1310000;15.09071;8.43261;Fulfulde, Central-Eastern Niger;Islam;Western Africa;10;
Southern Kissi;Liberia;LI;237000;8.40131;-10.18287;Kisi, Southern;Ethnoreligion;Western Africa;75;
Gola;Liberia;LI;201000;6.6138;-10.62816;Gola;Islam;Western Africa;10;
Biafade;Guinea-Bissau;PU;64000;11.46701;-15.13467;Biafada;Islam;Western Africa;10;
Kissi;Guinea;GV;639000;8.87056;-10.20533;Kissi, Northern;Islam;Western Africa;75;
Tenbo;Cote d’Ivoire;IV;14500;9.75112;-3.56614;Téén;Ethnoreligion;Western Africa;10;
Yaure;Cote d’Ivoire;IV;55500;6.95282;-5.57851;Yaouré;Ethnoreligion;Western Africa;75;
Mano;Liberia;LI;435000;6.49275;-8.956;Maan;Ethnoreligion;Western Africa;75;
Manya;Liberia;LI;107000;8.33059;-9.62773;Manya;Islam;Western Africa;10;
Bandi;Liberia;LI;154000;8.228875;-10.120694;Bandi;Islam;Western Africa;75;
Vai;Liberia;LI;220000;6.94978;-11.22506;Vai;Islam;Western Africa;10;
Worodougou Jula;Cote d’Ivoire;IV;138000;8.23453;-6.72244;Worodougou;Islam;Western Africa;10;
Kpelle;Guinea;GV;595000;7.7533;-8.8226;Kpelle, Guinea;Islam;Western Africa;75;
Toma;Guinea;GV;328000;8.5467;-9.481;Toma;Ethnoreligion;Western Africa;75;
Ngan;Cote d’Ivoire;IV;35000;7.78122;-4.23539;Beng;Ethnoreligion;Western Africa;10;
Konyanke;Guinea;GV;276000;8.879084;-8.271151;Konyanka;Islam;Western Africa;10;
Kpelle;Liberia;LI;1085000;6.92048;-9.96128;Kpelle, Liberia;Ethnoreligion;Western Africa;75;
Yalunka;Guinea;GV;140000;10.14516;-11.10246;Yalunka;Islam;Western Africa;10;
Loma;Liberia;LI;350000;7.91585;-9.69906;Loma (Liberia);Ethnoreligion;Western Africa;10;
Manga Kanuri;Niger;NG;809000;13.9766;12.9788;Kanuri, Manga;Islam;Western Africa;10;
Wobe;Cote d’Ivoire;IV;346000;7.40391;-7.24617;Wè Northern;Christianity;Western Africa;10;
Kru;Liberia;LI;450000;5.02173;-8.85937;Klao;Christianity;Western Africa;10;
Americo-Liberians;Liberia;LI;174000;6.3259;-10.6312;Liberian English;Christianity;Western Africa;75;
Upper Guinea Crioulo;Guinea-Bissau;PU;293000;11.8484;-15.6154;Guinea-Bissau Creole;Christianity;Western Africa;10;
Gbii;Liberia;LI;12500;5.87021;-8.9346;Gbii;Ethnoreligion;Western Africa;75;
Zerma;Niger;NG;5040000;13.0453;3.1988;Zarma;Islam;Western Africa;10;
Neyo;Cote d’Ivoire;IV;20500;5.0211;-6.079;Neyo;Christianity;Western Africa;75;
Western Krahn;Liberia;LI;113000;5.72387;-8.38393;Krahn, Western;Ethnoreligion;Western Africa;10;
Caboverdian Mestico;Portugal;PO;80500;38.7507;-9.1511;Portuguese;Christianity;Southern Europe;10;
Ngom;Gabon;GB;16500;1.0093;13.9591;Ngom;Christianity;Middle Africa;10;
Duma;Gabon;GB;19500;-0.91927;13.00456;Duma;Christianity;Middle Africa;10;
Miyangho;Gabon;GB;10500;-1.6348;13.091;Njebi;Christianity;Middle Africa;10;
Sao Tomeans;Portugal;PO;8500;38.650464;-9.231179;Portuguese;Christianity;Southern Europe;75;
Annobonese;Equatorial Guinea;EK;11500;-1.407;5.63;Fa d’Ambu;Christianity;Middle Africa;75;
Agutaynon;Philippines;RP;18000;10.5301;119.2789;Agutaynen;Christianity;South-Eastern Asia;10;
Central Palawano;Philippines;RP;57500;9.151439;118.106434;Palawano, Central;Ethnoreligion;South-Eastern Asia;75;
Cuyonon;Philippines;RP;220000;10.435653;119.367572;Cuyonon;Christianity;South-Eastern Asia;75;
Kagayanen;Philippines;RP;38500;10.547676;119.85066;Kagayanen;Christianity;South-Eastern Asia;75;
Brooke's Point Palawano;Philippines;RP;22500;8.83891;117.87051;Palawano, Brooke’s Point;Ethnoreligion;South-Eastern Asia;75;
Caluyanhon;Philippines;RP;54500;12.04893;121.38425;Caluyanun;Christianity;South-Eastern Asia;75;
Central Tagbanwa;Philippines;RP;4400;10.8268;119.4659;Cuyonon;Ethnoreligion;South-Eastern Asia;10;
Kalamian Tagbanwa;Philippines;RP;13000;12.07158;120.0938;Tagbanwa, Calamian;Ethnoreligion;South-Eastern Asia;75;
Bantoanon;Philippines;RP;91000;12.51942;122.03419;Bantoanon;Christianity;South-Eastern Asia;75;
Indians;Portugal;PO;80000;38.72777;-9.142595;Portuguese;Hinduism;Southern Europe;10;
Basa;Benin;BN;5700;8.437822;2.579145;Tchumbuli;Christianity;Western Africa;0;
Babalia;Chad;CD;12500;12.6305;15.0396;Arabic, Chadian;Islam;Middle Africa;0;
Kubi;Nigeria;NI;3300;10.56473;9.23078;Hausa;Islam;Western Africa;0;
Comorian Nzwani;Comoros;CN;380000;-12.198166;44.271734;Comorian, Ndzwani;Islam;Eastern Africa;0;
Barein;Chad;CD;13000;11.038;18.048;Barein;Islam;Middle Africa;0;
Dogosé Fing;Burkina Faso;UV;16000;10.04888;-4.35805;Dogoso;Islam;Western Africa;0;
Uneme;Nigeria;NI;39500;7.274;6.115;Uneme;Ethnoreligion;Western Africa;0;
Sere;Congo, Democratic Republic of the;CG;12500;3.829;27.293;Zande;Ethnoreligion;Middle Africa;0;
Jama Mapun;Philippines;RP;49500;7.00246;118.4771;Mapun;Islam;South-Eastern Asia;10;
Bidio;Chad;CD;96500;11.92036;18.80649;Bidiyo;Islam;Middle Africa;0;
Antefasy;Madagascar;MA;205000;-21.963163;48.04324;Malagasy, Merina;Ethnoreligion;Eastern Africa;10;
Fwe;Namibia;WA;16000;-17.72372;24.43151;Fwe;Ethnoreligion;Southern Africa;0;
Kasena;Burkina Faso;UV;252000;11.25817;-1.24065;Kasem;Ethnoreligion;Western Africa;0;
Foodo;Benin;BN;53500;9.554;1.37;Foodo;Islam;Western Africa;0;
Wolof;Mauritania;MR;359000;16.512418;-15.804048;Wolof;Islam;Western Africa;0;
Dirya;Nigeria;NI;15000;11.0746;9.5607;Dirya;Islam;Western Africa;0;
Sininkere;Burkina Faso;UV;12500;13.720585;-0.787722;Sininkere;Islam;Western Africa;0;
Soninke;Guinea-Bissau;PU;11000;11.8473;-15.6012;Soninke;Islam;Western Africa;10;
Soninke;Gambia;GA;200000;13.2446;-14.23973;Soninke;Islam;Western Africa;10;
Zerma;Ghana;GH;10500;11.061223;-0.238874;Zarma;Islam;Western Africa;0;
Buduma;Niger;NG;14500;13.695639;13.313142;Buduma;Islam;Western Africa;0;
Daza;Niger;NG;103000;14.33769;12.86206;Dazaga;Islam;Western Africa;10;
Soninke;Mauritania;MR;148000;15.08546;-12.45208;Soninke;Islam;Western Africa;10;
Geruma;Nigeria;NI;17500;10.6914;9.7554;Geruma;Islam;Western Africa;0;
Zerma;Benin;BN;14500;11.729332;3.220209;Zarma;Islam;Western Africa;0;
Jula;Mali;ML;124000;11.7785;-5.3464;Jula;Islam;Western Africa;0;
Bozo;Cote d’Ivoire;IV;24500;9.4757;-5.6428;Bozo, Jenaama;Islam;Western Africa;0;
Dendi;Nigeria;NI;4100;11.67017;3.66694;Dendi (Benin);Islam;Western Africa;0;
Waama;Togo;TO;24000;10.346;0.7401;Waama;Ethnoreligion;Western Africa;0;
Palaka Senufo;Cote d’Ivoire;IV;16500;9.53815;-4.9271;Sénoufo, Palaka;Ethnoreligion;Western Africa;10;
Ewe;Benin;BN;100000;6.3816;2.3481;Éwé;Ethnoreligion;Western Africa;0;
Bambara;Guinea;GV;6000;10.271001;-8.138817;Bamanankan;Islam;Western Africa;0;
Baangi;Nigeria;NI;30000;10.83368;5.826883;Baangi;Ethnoreligion;Western Africa;0;
Soninke;Cote d’Ivoire;IV;236000;5.3639;-3.9377;Soninke;Islam;Western Africa;10;
Upper Guinea Crioulo;Netherlands;NL;14000;52.353096;4.837484;Guinea-Bissau Creole;Islam;Western Europe;0;
Swahili;Uganda;UG;5400;0.325888;32.609716;Swahili;Islam;Eastern Africa;0;
Ajja;South Sudan;OD;325;8.5526;25.6197;Gbaya;Ethnoreligion;Northern Africa;0;
Swahili;Sudan;SU;33000;15.687546;32.477884;Swahili;Islam;Northern Africa;0;
Fulani;Gabon;GB;24500;0.3497;9.4845;Fulfulde, Adamawa;Islam;Middle Africa;0;
Swahili;Rwanda;RW;20500;-1.9594;30.131;Swahili;Islam;Eastern Africa;0;
Berguid;Chad;CD;25500;12.02281;19.81819;Birgit;Islam;Middle Africa;0;
Sara Gambai;Sudan;SU;17000;12.0755;24.8752;Ngambay;Ethnoreligion;Northern Africa;0;
Swahili;Burundi;BY;14500;-3.4206;29.3632;Swahili;Islam;Eastern Africa;0;
Ndasa;Gabon;GB;4900;-1.8657;13.5151;Ndasa;Christianity;Middle Africa;10;
Nyindu;Congo, Democratic Republic of the;CG;15500;-3.03802;28.64345;Nyindu;Christianity;Middle Africa;0;
Bantu Swahili;Somalia;SO;54000;-0.755104;42.089977;Swahili;Islam;Eastern Africa;0;
Urdu;Ireland;EI;9300;53.362479;-6.262318;Urdu;Islam;Northern Europe;0;
Afrikaners;United Kingdom;UK;66500;51.37688;-0.142373;Afrikaans;Christianity;Northern Europe;0;
Gujaratis;France;FR;1100;48.904893;2.344661;Gujarati;Hinduism;Western Europe;0;
Punjabis;Denmark;DA;10000;55.680091;12.570708;Punjabi, Eastern;Sikhism;Northern Europe;0;
Duwai;Nigeria;NI;21500;12.887889;11.221669;Duwai;Islam;Western Africa;0;
Manga Kanuri;Nigeria;NI;436000;13.11632;10.85104;Kanuri, Manga;Islam;Western Africa;0;
Urdu;Germany;GM;95500;50.129402;8.695446;Urdu;Islam;Western Europe;10;
Jula;Burkina Faso;UV;2690000;10.77063;-4.08665;Jula;Islam;Western Africa;0;
Mandinka;Guinea-Bissau;PU;259000;12.53712;-15.10772;Mandinka;Islam;Western Africa;10;
Mandinka;Gambia;GA;1155000;13.28282;-16.06903;Mandinka;Islam;Western Africa;10;
Bengali;France;FR;30500;48.875004;2.3155;Bengali;Hinduism;Western Europe;10;
Ganda;Tanzania;TZ;70500;-1.3202;31.7955;Ganda;Ethnoreligion;Eastern Africa;0;
Seychellese Creole;United Kingdom;UK;2800;51.455899;0.012005;Seychelles French Creole;Hinduism;Northern Europe;0;
Wolof;Gabon;GB;24500;0.40767;9.44896;Wolof;Islam;Middle Africa;10;
Comorians;France;FR;99000;48.913795;2.290534;Comorian, Maore;Islam;Western Europe;10;
Mauritians;United Kingdom;UK;26500;51.57485;0.217685;Morisyen;Christianity;Northern Europe;10;
Ganda;Kenya;KE;46500;-1.316;36.7905;Ganda;Ethnoreligion;Eastern Africa;0;
Dendi;Niger;NG;154000;11.890224;3.444333;Dendi (Benin);Islam;Western Africa;10;
Dafin;Mali;ML;65000;13.42223;-3.75108;Marka;Islam;Western Africa;10;
Deno;Nigeria;NI;14000;10.627;10.244;Deno;Islam;Western Africa;0;
Maninka;Liberia;LI;77500;6.3806;-10.7558;Maninkakan, Eastern;Islam;Western Africa;10;
Vai;Sierra Leone;SL;27000;7.15191;-11.4273;Vai;Islam;Western Africa;0;
Bisa;Togo;TO;16000;11.1104;-0.05362;Bisa;Ethnoreligion;Western Africa;0;
Pa'a;Nigeria;NI;18000;11.01752;9.30091;Pa’anci;Ethnoreligion;Western Africa;0;
Jahanka;Gambia;GA;5500;13.433;-16.671;Jahanka;Islam;Western Africa;0;
Bambara;Mauritania;MR;26500;16.245901;-8.161376;Bamanankan;Islam;Western Africa;0;
Bambara;Gambia;GA;25500;13.5314;-16.1523;Bamanankan;Islam;Western Africa;0;
Mandinka;Benin;BN;14500;6.363681;2.419686;Mandinka;Islam;Western Africa;0;
Mandinka;Ghana;GH;174000;5.5485;-0.2598;Mandinka;Islam;Western Africa;10;
Lobi;Ghana;GH;10000;10.120164;-2.770693;Lobi;Ethnoreligion;Western Africa;10;
Konyagi;Guinea;GV;9600;12.536;-13.1264;Wamey;Ethnoreligion;Western Africa;10;
Badyara;Guinea;GV;13000;12.5878;-13.3711;Badyara;Islam;Western Africa;0;
Jola;Mauritania;MR;5300;18.0482;-15.9881;Jola-Fonyi;Islam;Western Africa;0;
Senara Senufo;Burkina Faso;UV;68000;10.49874;-5.28216;Sénoufo, Senara;Ethnoreligion;Western Africa;0;
Fulbe Futa Toro;Gambia;GA;181000;13.4282;-16.7109;Pulaar;Islam;Western Africa;10;
Mankanya;Gambia;GA;3700;13.39612;-15.797055;Mankanya;Ethnoreligion;Western Africa;0;
Nalu;Guinea-Bissau;PU;11000;11.15729;-15.10883;Nalu;Islam;Western Africa;10;
Basari;Guinea-Bissau;PU;850;12.2723;-14.2168;Oniyan;Ethnoreligion;Western Africa;0;
Nalu;Guinea;GV;15500;10.9222;-14.52877;Nalu;Islam;Western Africa;10;
Wolof;Cote d’Ivoire;IV;20500;7.689699;-5.023974;Wolof;Islam;Western Africa;0;
Tukulor;Guinea;GV;7700;12.528874;-13.604404;Pulaar;Islam;Western Africa;0;
Ibibio;Ghana;GH;53000;5.575601;-0.253366;Ibibio;Christianity;Western Africa;75;
Anyi;Ghana;GH;90500;5.83789;-2.84112;Anyin;Ethnoreligion;Western Africa;75;
Firan;Nigeria;NI;4400;9.65245;8.69095;Firan;Ethnoreligion;Western Africa;75;
Kasena;Ghana;GH;195000;10.90662;-1.54086;Kasem;Ethnoreligion;Western Africa;10;
Igbo;Ghana;GH;72500;5.5965;-0.2575;Igbo;Christianity;Western Africa;75;
Bassar;Ghana;GH;222000;9.20576;0.51095;Ntcham;Ethnoreligion;Western Africa;75;
Akposo;Ghana;GH;11500;7.47;0.443;Ikposo;Christianity;Western Africa;75;
Akpet;Nigeria;NI;21500;5.58316;8.10047;Ukpet-Ehom;Christianity;Western Africa;75;
Landoma;Guinea;GV;36500;10.87529;-14.08947;Landoma;Islam;Western Africa;10;
Nzema;Cote d’Ivoire;IV;136000;5.16301;-3.00274;Nzema;Ethnoreligion;Western Africa;10;
Losso;Ghana;GH;8500;5.6105;-0.1723;Nawdm;Ethnoreligion;Western Africa;75;
Bassari;Guinea;GV;22000;12.32335;-12.91744;Oniyan;Ethnoreligion;Western Africa;10;
Badyara;Guinea-Bissau;PU;7200;12.60417;-13.7553;Badyara;Islam;Western Africa;75;
Mossi;Cote d’Ivoire;IV;3360000;6.878254;-6.448759;Moore;Ethnoreligion;Western Africa;10;
Yoruba;Ghana;GH;522000;6.104873;1.113434;Yoruba;Islam;Western Africa;75;
Bainouk;Guinea-Bissau;PU;13000;12.414;-16.103;Bainouk-Gunyuño;Islam;Western Africa;10;
Fulakunda;Gambia;GA;468000;13.52295;-15.26014;Pulaar;Islam;Western Africa;10;
Fon;Ghana;GH;17500;7.287716;0.631239;Fon;Ethnoreligion;Western Africa;75;
Mossi;Ghana;GH;522000;5.5674;-0.2339;Moore;Ethnoreligion;Western Africa;75;
Agoi;Nigeria;NI;26000;5.87953;8.21629;Robambami;Christianity;Western Africa;75;
Yoruba;Cote d’Ivoire;IV;147000;5.35937;-3.981965;Yoruba;Christianity;Western Africa;75;
Yoruba;Equatorial Guinea;EK;127000;3.747307;8.781446;Yoruba;Christianity;Middle Africa;75;
Bago;Togo;TO;13000;8.52697;1.41214;Bago-Kusuntu;Islam;Western Africa;0;
Mamprusi;Togo;TO;17500;10.660006;0.158195;Mampruli;Ethnoreligion;Western Africa;0;
Ukaan;Nigeria;NI;64000;7.584;6.006;Ukaan;Ethnoreligion;Western Africa;0;
Mossi;Niger;NG;262000;13.525465;2.111432;Moore;Ethnoreligion;Western Africa;0;
Nafana Senufo;Cote d’Ivoire;IV;122000;8.0439;-2.8022;Nafaanra;Islam;Western Africa;0;
Mossi;Togo;TO;46000;11.00444;0.1868;Moore;Ethnoreligion;Western Africa;0;
Mossi;Mali;ML;117000;13.81446;-3.02333;Moore;Ethnoreligion;Western Africa;0;
Borgu Fulbe;Togo;TO;130000;10.16737;0.6016;Fulfulde, Borgu;Islam;Western Africa;0;
Mossi;Benin;BN;57500;10.807;1.1412;Moore;Ethnoreligion;Western Africa;0;
Zambezi Tonga;Zimbabwe;ZI;194000;-17.738392;28.271133;Tonga (Zambia);Ethnoreligion;Eastern Africa;0;
Tsangi;Gabon;GB;17500;-1.73224;12.92039;Tsaangi;Christianity;Middle Africa;10;
Bwisi;Congo, Democratic Republic of the;CG;63500;0.65115;29.86274;Talinga-Bwisi;Christianity;Middle Africa;0;
Herero;Angola;AO;126000;-16.736625;14.979181;Herero;Ethnoreligion;Middle Africa;0;
Mbede;Gabon;GB;91000;-0.6546;13.6798;Mbere;Christianity;Middle Africa;10;
Yao;Tanzania;TZ;1020000;-10.97645;37.16247;Yao;Islam;Eastern Africa;0;
Igbo;Equatorial Guinea;EK;63500;2.278;9.81;Igbo;Christianity;Middle Africa;75;
Fon;Gabon;GB;24500;0.395335;9.464642;Fon;Ethnoreligion;Middle Africa;0;
Central Swahili;Congo, Democratic Republic of the;CG;63000;-3.045057;29.171898;Swahili;Islam;Middle Africa;0;
Ibibio;Equatorial Guinea;EK;8000;3.750913;8.784838;Ibibio;Christianity;Middle Africa;75;
Barke;Nigeria;NI;24500;10.92756;9.81365;Burku;Ethnoreligion;Western Africa;0;
Glaro-Twabo;Liberia;LI;8500;5.46797;-7.5239;Glaro-Twabo;Christianity;Western Africa;75;
Lele;Guinea;GV;47500;9.2833;-10.2331;Lele (Guinea);Ethnoreligion;Western Africa;10;
Kuranko;Guinea;GV;140000;9.59656;-10.06964;Kuranko;Ethnoreligion;Western Africa;0;
Gujaratis;United Kingdom;UK;407000;51.364507;-0.168356;Gujarati;Hinduism;Northern Europe;10;
Yalunka;Mali;ML;18500;12.27616;-11.29102;Yalunka;Islam;Western Africa;10;
Alur;Uganda;UG;1315000;2.43602;31.17437;Alur;Christianity;Eastern Africa;0;
Tamil;Netherlands;NL;7900;52.351992;4.883786;Tamil;Hinduism;Western Europe;10;
Bambara;Niger;NG;58000;13.52175;2.093083;Bamanankan;Islam;Western Africa;10;
Upper Guinea Crioulo;Gambia;GA;27500;13.4438;-16.6982;Guinea-Bissau Creole;Christianity;Western Africa;75;
Lao;Myanmar;BM;26000;16.8321;96.2048;Lao;Buddhism;South-Eastern Asia;75;
Gagauzes;Bulgaria;BU;9400;43.47124;27.79284;Gagauz;Christianity;Eastern Europe;10;
Tsagu;Nigeria;NI;4600;10.96451;9.93687;Choogen;Ethnoreligion;Western Africa;0;
Bisa;Cote d’Ivoire;IV;143000;5.4408;-4.0129;Bisa;Islam;Western Africa;0;
Jula;Ghana;GH;35000;7.951142;-2.695556;Jula;Islam;Western Africa;10;
Western Krahn;Cote d’Ivoire;IV;27000;6.56442;-8.43515;Krahn, Western;Christianity;Western Africa;10;
Barclayville Grebo;Liberia;LI;53500;4.67843;-8.09378;Grebo, Barclayville;Christianity;Western Africa;75;
Mano;Guinea;GV;108000;7.59957;-8.7721;Maan;Ethnoreligion;Western Africa;10;
Central Khmer;Thailand;TH;63000;12.487104;102.662585;Khmer;Buddhism;South-Eastern Asia;10;
Yalunka;Sierra Leone;SL;53000;9.79855;-11.46467;Yalunka;Islam;Western Africa;10;
Mabas;Cameroon;CM;16000;10.80775;13.67994;Vemgo-Mabas;Islam;Middle Africa;10;
Malayali;Qatar;QA;114000;25.244852;51.478645;Malayalam;Christianity;Western Asia;10;
Koro;Cote d’Ivoire;IV;81000;8.11966;-5.73572;Koro (Côte d’Ivoire);Islam;Western Africa;10;
Malayali;Oman;MU;214000;23.5982;58.4868;Malayalam;Islam;Western Asia;10;
Njeng;Cameroon;CM;29500;9.971;13.3878;Nzanyi;Islam;Middle Africa;10;
Malayali;Kuwait;KU;319000;29.306;47.9687;Malayalam;Islam;Western Asia;10;
Maabas;Nigeria;NI;21500;10.85252;13.6466;Vemgo-Mabas;Ethnoreligion;Western Africa;10;
Kera;Cameroon;CM;14500;9.99726;15.10758;Kera;Ethnoreligion;Middle Africa;10;
Glavda;Cameroon;CM;10000;11.07153;13.86485;Glavda;Ethnoreligion;Middle Africa;10;
Kebu;Congo, Democratic Republic of the;CG;270000;2.5286;30.3059;Kebu;Christianity;Middle Africa;10;
Lopit;South Sudan;OD;86500;4.7963;32.7378;Lopit;Ethnoreligion;Northern Africa;10;
Gwandara;Nigeria;NI;53000;9.20464;7.49931;Gwandara;Ethnoreligion;Western Africa;10;
Gudu;Nigeria;NI;11000;9.916;12.533;Gudu;Islam;Western Africa;10;
Masalit;Chad;CD;285000;13.35177;21.89574;Masalit;Islam;Middle Africa;10;
Swedes;Norway;NO;36500;59.923599;10.753155;Swedish;Unaffiliated;Northern Europe;0;
Galicians;Argentina;AR;880000;-34.48491;-58.549117;Galician;Christianity;South America;10;
Vlax Romani;Brazil;BR;354000;-22.91;-43.5708;Romani, Vlax;Christianity;South America;10;
Tamil;Singapore;SN;243000;1.34686;103.85615;Tamil;Hinduism;South-Eastern Asia;10;
Khmu;Vietnam;VM;73000;19.22908;104.37275;Khmu;Ethnoreligion;South-Eastern Asia;10;
Malayali;Bahrain;BA;60500;26.178866;50.545776;Malayalam;Christianity;Western Asia;10;
Malayali;United Arab Emirates;AE;1110000;24.15311;55.787729;Malayalam;Hinduism;Western Asia;10;
Gujaratis;Oman;MU;71000;23.612776;58.540855;Gujarati;Islam;Western Asia;10;
Slovaks;Argentina;AR;9300;-34.625146;-58.452969;Slovak;Christianity;South America;0;
Vlax Romani;Colombia;CO;42000;4.7002;-74.0497;Romani, Vlax;Christianity;South America;75;
Kanam;Nigeria;NI;3800;9.0491;9.4175;Koenoem;Ethnoreligion;Western Africa;75;
Iu Mien;Vietnam;VM;433000;21.264761;104.666064;Iu Mien;Ethnoreligion;South-Eastern Asia;75;
English Creole;Senegal;SG;9500;14.7562;-17.3833;Krio;Christianity;Western Africa;75;
Mien;Thailand;TH;46500;19.49942;100.60827;Iu Mien;Ethnoreligion;South-Eastern Asia;75;
Ambonese;Netherlands;NL;51500;52.070814;4.298807;Malay, Ambonese;Islam;Western Europe;75;
Tamil;Malaysia;MY;2585000;2.713822;101.942859;Tamil;Hinduism;South-Eastern Asia;75;
Lisu;Myanmar;BM;326000;27.2589;97.4973;Lisu;Christianity;South-Eastern Asia;75;
Pyapun;Nigeria;NI;34000;9.09539;9.43733;Piapung;Christianity;Western Africa;75;
Danes;Greenland;GL;7700;64.18631;-51.710507;Danish;Unaffiliated;Northern America;75;
Rawngtu Chin;Myanmar;BM;5000;21.3151;93.2389;Chin, Rawngtu;Ethnoreligion;South-Eastern Asia;75;
Lahu;Vietnam;VM;9700;22.54844;102.761;Lahu;Ethnoreligion;South-Eastern Asia;75;
Jingpo;China;CH;29500;24.7308;97.73922;Jingpho;Christianity;Eastern Asia;75;
Lakota Dida;Cote d’Ivoire;IV;191000;5.86012;-5.40633;Dida, Lakota;Christianity;Western Africa;75;
Ruruma;Nigeria;NI;16500;10.43;8.654;Ruma;Christianity;Western Africa;75;
Caboverdian Mestico;Senegal;SG;53500;14.6974;-17.455;Kabuverdianu;Christianity;Western Africa;75;
Uppu;Myanmar;BM;30500;19.8814;94.0494;Chin, Uppu;Buddhism;South-Eastern Asia;75;
Gusap;Papua New Guinea;PP;2100;-6.01318;145.96858;Wasembo;Christianity;Melanesia;75;
Simbali;Papua New Guinea;PP;750;-4.88618;151.95722;Simbali;Christianity;Melanesia;75;
Malalamai;Papua New Guinea;PP;1500;-5.77495;146.64168;Mala (Rai coast);Christianity;Melanesia;75;
Nimi;Papua New Guinea;PP;3600;-6.34065;146.67873;Sama;Christianity;Melanesia;75;
Minigir;Papua New Guinea;PP;1500;-4.212;151.99;Vinitiri;Christianity;Melanesia;75;
Lesing;Papua New Guinea;PP;4200;-6.201447;150.501479;Amio-Gelimi;Christianity;Melanesia;75;
Sauk;Papua New Guinea;PP;2500;-6.354376;146.66221;Ma Manda;Christianity;Melanesia;75;
Ambul;Papua New Guinea;PP;2600;-6.29002;149.96031;Ambul;Christianity;Melanesia;75;
Gusan;Papua New Guinea;PP;1700;-6.28998;146.67886;Nema;Christianity;Melanesia;75;
Domung;Papua New Guinea;PP;5900;-5.81856;146.68152;Domung;Christianity;Melanesia;75;
Neko;Papua New Guinea;PP;1400;-5.60034;146.30617;Neko;Christianity;Melanesia;75;
Yabong;Papua New Guinea;PP;3200;-5.61718;146.2065;Yabong;Christianity;Melanesia;75;
Bilur;Papua New Guinea;PP;6700;-4.39732;152.3339;Minigir;Christianity;Melanesia;75;
Tati;Papua New Guinea;PP;1100;-7.9946;145.81569;Kaki Ae;Christianity;Melanesia;75;
Opao;Papua New Guinea;PP;4900;-7.85988;145.75121;Opao;Christianity;Melanesia;75;
Diodio;Papua New Guinea;PP;4200;-9.38654;150.16758;Goodenough, West;Christianity;Melanesia;75;
Tao-Suamato;Papua New Guinea;PP;3700;-7.5501;142.99792;Mubami;Christianity;Melanesia;75;
Jimajima;Papua New Guinea;PP;1600;-9.70322;149.60524;Dima;Christianity;Melanesia;75;
Keuru;Papua New Guinea;PP;16000;-7.63603;145.41549;Keoru-Ahia;Christianity;Melanesia;75;
Setaman;Papua New Guinea;PP;700;-5.261829;141.78671;Setaman;Ethnoreligion;Melanesia;75;
Ponam;Papua New Guinea;PP;1600;-1.916;146.889;Ponam;Christianity;Melanesia;75;
Sowanda;Papua New Guinea;PP;3300;-3.36442;141.08642;Sowanda;Christianity;Melanesia;75;
Anem;Papua New Guinea;PP;1400;-5.54836;148.99315;Anem;Christianity;Melanesia;75;
Kugbo;Nigeria;NI;7200;4.72951;6.56333;Kugbo;Christianity;Western Africa;75;
Ogbronuagum;Nigeria;NI;24500;4.765;6.891;Ogbronuagum;Christianity;Western Africa;75;
Nungu;Nigeria;NI;107000;8.95481;8.62164;Nungu;Ethnoreligion;Western Africa;75;
Cori;Nigeria;NI;1900;9.537603;8.03731;Kyoli;Christianity;Western Africa;75;
Kurama;Nigeria;NI;80000;10.2918;8.5095;Kurama;Islam;Western Africa;75;
Binawa;Nigeria;NI;13500;10.28679;8.19726;Bina (Nigeria);Christianity;Western Africa;75;
Ikulu;Nigeria;NI;106000;10.13393;7.86684;Ikulu;Ethnoreligion;Western Africa;75;
Pai;Nigeria;NI;6700;9.62006;9.2266;Pye;Ethnoreligion;Western Africa;75;
Nandu-Tari;Nigeria;NI;27500;9.24767;8.51611;Ahwai;Christianity;Western Africa;75;
Amo;Nigeria;NI;106000;10.32287;8.65405;Amo;Islam;Western Africa;75;
Tapshin;Nigeria;NI;10500;9.47958;9.49007;Kusur-Myet;Ethnoreligion;Western Africa;75;
Efik;Cameroon;CM;20000;4.835;8.6547;Efik;Christianity;Middle Africa;75;
Ejagham;Cameroon;CM;101000;5.7294;9.0115;Ejagham;Christianity;Middle Africa;75;
Kutep;Cameroon;CM;4100;6.99302;10.15215;Kutep;Christianity;Middle Africa;75;
Ododop;Cameroon;CM;15000;5.1444;8.85223;Durop;Christianity;Middle Africa;75;
Bokyi;Cameroon;CM;11000;5.97109;9.07587;Bokyi;Christianity;Middle Africa;75;
Ibibio;Cameroon;CM;60500;4.0419;9.7126;Ibibio;Christianity;Middle Africa;75;
Birifor;Cote d’Ivoire;IV;8800;9.29947;-2.84273;Birifor, Southern;Ethnoreligion;Western Africa;75;
Mingang Doso;Nigeria;NI;6100;9.3949;11.2455;Mingang Doso;Ethnoreligion;Western Africa;75;
Vere;Cameroon;CM;13500;8.75785;12.86833;Verre;Ethnoreligion;Middle Africa;75;
Toussian;Burkina Faso;UV;41000;11.13303;-4.88274;Toussian, Northern;Ethnoreligion;Western Africa;10;
Maxi;Togo;TO;65000;7.4905;1.1609;Gbe, Maxi;Christianity;Western Africa;10;
Igbo;Cameroon;CM;121000;4.0348;9.7577;Igbo;Christianity;Middle Africa;75;
Konkomba;Togo;TO;117000;9.6905;0.6103;Konkomba;Ethnoreligion;Western Africa;10;
Lam-nso;Nigeria;NI;7000;6.571223;11.2479;Lamnso';Ethnoreligion;Western Africa;75;
Gade;Nigeria;NI;141000;8.71139;7.49869;Gade;Islam;Western Africa;75;
Buem;Togo;TO;9400;7.2796;0.7038;Lelemi;Ethnoreligion;Western Africa;75;
Mbimu;Cameroon;CM;12500;3.6829;15.1066;Mpiemo;Ethnoreligion;Middle Africa;10;
Lambya;Tanzania;TZ;113000;-9.3702;32.9791;Lambya;Christianity;Eastern Africa;75;
Mambwe-Lungu;Tanzania;TZ;587000;-8.7624;31.8417;Mambwe-Lungu;Ethnoreligion;Eastern Africa;10;
Aushi;Congo, Democratic Republic of the;CG;515000;-12.17114;28.61415;Aushi;Christianity;Middle Africa;10;
Congolese;Uganda;UG;27000;-0.030264;29.770138;Lingala;Christianity;Eastern Africa;75;
Ndau;Zimbabwe;ZI;584000;-19.96316;32.43263;Ndau;Ethnoreligion;Eastern Africa;10;
Nzebi;Congo;CF;31000;-2.5201;12.69398;Njebi;Christianity;Middle Africa;75;
Aushi;Zambia;ZA;195000;-11.2081;28.8963;Aushi;Ethnoreligion;Eastern Africa;75;
Kaka;Central African Republic;CT;19500;4.1307;15.1286;Kako;Christianity;Middle Africa;10;
Kamba;Tanzania;TZ;146000;-4.7271;39.1333;Kamba;Christianity;Eastern Africa;75;
Lingala;Angola;AO;195000;-8.87;13.2799;Lingala;Ethnoreligion;Middle Africa;10;
Bemba;Congo, Democratic Republic of the;CG;696000;-10.754;28.2728;Bemba;Christianity;Middle Africa;75;
Lingala;Congo;CF;186000;-4.2836;15.2507;Lingala;Christianity;Middle Africa;10;
Nsenga;Mozambique;MZ;80500;-15.055;31.8148;Nsenga;Ethnoreligion;Eastern Africa;10;
Lingala;Central African Republic;CT;19000;4.384;18.507;Lingala;Christianity;Middle Africa;10;
Ndoola;Cameroon;CM;4300;7.51302;12.12561;Ndoola;Ethnoreligion;Middle Africa;10;
Tofin;Benin;BN;181000;6.51774;2.43226;Gbe, Tofin;Ethnoreligion;Western Africa;10;
Anyanga;Togo;TO;26500;8.2122;0.8863;Ginyanga;Ethnoreligion;Western Africa;75;
Ewe;Burkina Faso;UV;47500;11.172388;-0.078999;Éwé;Ethnoreligion;Western Africa;10;
Ewe;Nigeria;NI;690000;6.6789;3.2792;Éwé;Ethnoreligion;Western Africa;75;
Fon;Togo;TO;94000;7.5224;1.133;Fon;Ethnoreligion;Western Africa;75;
Adja;Togo;TO;282000;7.1479;1.5881;Aja (Benin);Ethnoreligion;Western Africa;75;
Gbe, Xwla;Benin;BN;109000;6.35933;2.29495;Gbe, Western Xwla;Ethnoreligion;Western Africa;10;
Ga;Togo;TO;56500;6.1529;1.2057;Ga;Ethnoreligion;Western Africa;75;
Weme;Benin;BN;344000;6.77227;2.47457;Gbe, Weme;Ethnoreligion;Western Africa;10;
Wachi;Benin;BN;309000;6.41049;1.85755;Gbe, Waci;Ethnoreligion;Western Africa;10;
Ewe;Togo;TO;2035000;6.77903;0.99542;Éwé;Christianity;Western Africa;75;
Ewe;Cote d’Ivoire;IV;20500;5.349357;-4.002845;Éwé;Islam;Western Africa;75;
Chakosi;Togo;TO;100000;10.3582;0.4798;Anufo;Islam;Western Africa;10;
Brong;Cote d’Ivoire;IV;268000;7.8985;-2.9767;Abron;Christianity;Western Africa;10;
Ga;Benin;BN;14500;6.501;2.6484;Ga;Christianity;Western Africa;10;
Chakosi;Benin;BN;30000;10.34257;0.86263;Anufo;Islam;Western Africa;10;
Bariba;Nigeria;NI;220000;9.32144;3.30464;Baatonum;Islam;Western Africa;10;
Bariba;Togo;TO;28000;9.5529;1.196;Baatonum;Islam;Western Africa;75;
Berba;Burkina Faso;UV;3800;11.300615;1.122737;Biali;Ethnoreligion;Western Africa;75;
Nanerige Senufo;Burkina Faso;UV;151000;11.75478;-4.92148;Sénoufo, Nanerigé;Ethnoreligion;Western Africa;10;
Pana;Burkina Faso;UV;10500;13.1708;-3.4025;Pana (Burkina Faso);Ethnoreligion;Western Africa;10;
Bariba;Burkina Faso;UV;31000;11.513413;2.062383;Baatonum;Islam;Western Africa;75;
Nankana;Burkina Faso;UV;64500;11.09179;-0.81109;Farefare;Ethnoreligion;Western Africa;75;
Dagomba;Togo;TO;14000;9.545762;0.263827;Dagbani;Islam;Western Africa;10;
Natioro;Burkina Faso;UV;6300;10.696;-5.221;Natioro;Ethnoreligion;Western Africa;10;
Bonuu Red Bobo;Burkina Faso;UV;94000;12.0537;-4.5882;Bomu;Ethnoreligion;Western Africa;10;
Lobi;Cote d’Ivoire;IV;345000;9.56764;-3.20929;Lobi;Ethnoreligion;Western Africa;75;
Doka;Nigeria;NI;21500;10.2389;7.9099;Ejuele;Ethnoreligion;Western Africa;75;
Bumaji;Nigeria;NI;21500;6.4794;9.2463;Bumaji;Christianity;Western Africa;75;
Ambo;Nigeria;NI;3400;7.07638;10.76978;Ambo;Christianity;Western Africa;75;
Bile;Nigeria;NI;66500;9.262534;11.895199;Bille;Ethnoreligion;Western Africa;75;
Naraguta;Nigeria;NI;13000;9.98505;8.81708;Iguta;Ethnoreligion;Western Africa;75;
Idon;Nigeria;NI;7200;10.105;7.905;Ajiya;Ethnoreligion;Western Africa;75;
Kono;Nigeria;NI;11000;10.242;8.426;Kono (Nigeria);Christianity;Western Africa;75;
Ayu;Nigeria;NI;9200;9.15463;8.595009;Ayu;Ethnoreligion;Western Africa;75;
Yoruba;Burkina Faso;UV;83000;12.329497;-1.522393;Yoruba;Islam;Western Africa;75;
Ura;Nigeria;NI;2000;10.50213;6.59138;Fungwa;Ethnoreligion;Western Africa;10;
Northeastern Fulbe;Burkina Faso;UV;1755000;14.2471;-0.52004;Fulfulde, Western Niger;Islam;Western Africa;10;
Fulfulde Masina;Burkina Faso;UV;12500;13.372579;-3.970885;Fulfulde, Maasina;Islam;Western Africa;75;
Yoruba;Togo;TO;141000;6.3706;1.4137;Yoruba;Christianity;Western Africa;75;
Bete;Nigeria;NI;6900;7.02128;9.74302;Jukun Takum;Christianity;Western Africa;75;
Yoruba;Benin;BN;258000;6.5208;2.6038;Yoruba;Ethnoreligion;Western Africa;10;
Northern Kissi;Sierra Leone;SL;71000;8.58605;-10.6073;Kissi, Northern;Ethnoreligion;Western Africa;10;
Yoruba;Sierra Leone;SL;7300;8.470506;-13.27506;Yoruba;Christianity;Western Africa;75;
Buyi;Congo, Democratic Republic of the;CG;20500;-4.9552;28.807;Buyu;Christianity;Middle Africa;75;
Lunda;Congo, Democratic Republic of the;CG;259000;-10.377245;23.455117;Lunda;Christianity;Middle Africa;75;
Boba;Congo, Democratic Republic of the;CG;84500;2.3803;18.6947;Bomboma;Christianity;Middle Africa;10;
Lala-Bisa;Congo, Democratic Republic of the;CG;113000;-12.83923;29.49313;Lala-Bisa;Christianity;Middle Africa;10;
Bamwe;Congo, Democratic Republic of the;CG;74500;2.16773;19.16445;Bamwe;Christianity;Middle Africa;10;
Loanda Mbundu;Congo, Democratic Republic of the;CG;31500;-7.686652;17.338223;Kimbundu;Christianity;Middle Africa;10;
Konjo;Congo, Democratic Republic of the;CG;393000;0.41;29.767;Konzo;Christianity;Middle Africa;10;
Kusu;Congo, Democratic Republic of the;CG;138000;-4.915;25.9973;Kusu;Christianity;Middle Africa;10;
Mabaale;Congo, Democratic Republic of the;CG;105000;3.7677;19.0264;Mabaale;Christianity;Middle Africa;10;
Boma;Congo, Democratic Republic of the;CG;42000;-3.7235;18.5195;Boma;Christianity;Middle Africa;10;
Amba;Congo, Democratic Republic of the;CG;7500;0.7619;29.9514;Amba (Uganda);Christianity;Middle Africa;10;
Lamba;Congo, Democratic Republic of the;CG;45000;-11.6552;27.5212;Lamba;Christianity;Middle Africa;10;
Bomassa;Congo, Democratic Republic of the;CG;21000;4.9707;19.9042;Limassa;Ethnoreligion;Middle Africa;10;
Ndasa;Congo;CF;9300;-2.98927;13.26945;Ndasa;Christianity;Middle Africa;10;
Lwena;Angola;AO;1005000;-12.81196;21.23066;Luvale;Ethnoreligion;Middle Africa;10;
Bomwali;Congo;CF;56500;1.51302;16.08587;Bomwali;Christianity;Middle Africa;75;
Ngando;Congo;CF;4900;2.13569;14.18078;Bangandu;Christianity;Middle Africa;75;
Babole;Congo;CF;11500;1.07773;17.23047;Dibole;Christianity;Middle Africa;10;
Swahili;Zambia;ZA;38500;-15.4016;28.3393;Swahili;Ethnoreligion;Eastern Africa;75;
Nyanja;Mozambique;MZ;1425000;-14.728579;34.371492;Chichewa;Ethnoreligion;Eastern Africa;10;
Mbunda;Zambia;ZA;129000;-15.0087;22.2806;Mbunda;Ethnoreligion;Eastern Africa;75;
Shona;Zambia;ZA;34000;-16.1809;28.7895;Shona;Ethnoreligion;Eastern Africa;75;
Mid-Southern Banda;Central African Republic;CT;186000;5.11741;21.08315;Banda, Mid-Southern;Ethnoreligion;Middle Africa;10;
Zulu;Lesotho;LT;359000;-28.763127;28.254709;Zulu;Christianity;Southern Africa;75;
Shona;South Africa;SF;433000;-26.122626;28.079167;Shona;Christianity;Southern Africa;75;
Herero;Botswana;BC;42000;-19.9850650252;23.4375903817;Herero;Ethnoreligion;Southern Africa;75;
Kuria;Kenya;KE;367000;-1.18098;34.55876;Kuria;Christianity;Eastern Africa;75;
Azande;Central African Republic;CT;118000;5.1477;25.1733;Zande;Christianity;Middle Africa;10;
Shona;Botswana;BC;60500;-20.209251;26.185742;Shona;Ethnoreligion;Southern Africa;10;
Banda-Ndele;Central African Republic;CT;68000;8.05833;21.79831;Banda-Ndélé;Christianity;Middle Africa;10;
Poles;Venezuela;VE;8100;10.498666;-66.869849;Polish;Christianity;South America;0;
Czechs;Argentina;AR;9300;-34.595988;-58.394833;Czech;Christianity;South America;10;
Persians;Bahrain;BA;225000;26.2084;50.594;Persian, Iranian;Islam;Western Asia;10;
Pashtun;United Kingdom;UK;5000;51.444933;0.199125;Pashto, Southern;Islam;Northern Europe;10;
Persians;United Arab Emirates;AE;564000;25.337886;55.428121;Persian, Iranian;Islam;Western Asia;10;
Danes;Faroe Islands;FO;4400;62.01871;-6.770468;Danish;Christianity;Northern Europe;75;
Persians;New Zealand;NZ;7400;-36.77922;174.74567;Persian, Iranian;Islam;Australia and New Zealand;10;
French;Reunion;RE;66000;-21.320084;55.478088;French;Unaffiliated;Eastern Africa;10;
Persians;Austria;AU;15000;48.176897;16.347761;Persian, Iranian;Islam;Western Europe;10;
Portuguese;Venezuela;VE;242000;10.480012;-66.876606;Portuguese;Christianity;South America;75;
Russians;Tajikistan;TI;41500;38.549284;68.803741;Russian;Christianity;Central Asia;10;
Russians;Turkmenistan;TX;110000;37.918836;58.39578;Russian;Christianity;Central Asia;10;
Poles;Argentina;AR;232000;-34.6477;-58.387;Polish;Christianity;South America;10;
Tangchangya;Bangladesh;BG;34000;22.31851;92.50734;Tangchangya;Buddhism;Southern Asia;10;
Persians;United Kingdom;UK;86000;51.462255;-0.297037;Persian, Iranian;Islam;Northern Europe;75;
Romanian Jews;Israel;IS;218000;31.7999;35.1752;Romanian;Judaism;Western Asia;10;
Ukrainians;Argentina;AR;36500;-34.619936;-58.465994;Ukrainian;Unaffiliated;South America;75;
Portuguese;South Africa;SF;1085000;-26.100142;27.998021;Portuguese;Christianity;Southern Africa;10;
Russians;China;CH;19000;43.78809;87.63117;Russian;Christianity;Eastern Asia;0;
Russians;Uzbekistan;UZ;544000;41.322896;69.237525;Russian;Christianity;Central Asia;10;
Dutch;South Africa;SF;310000;-26.18013;28.044672;Dutch;Unaffiliated;Southern Africa;75;
Persians;Denmark;DA;15500;55.691546;12.537643;Persian, Iranian;Islam;Northern Europe;10;
Russians;Kyrgyzstan;KG;366000;42.89109;74.538324;Russian;Christianity;Central Asia;10;
Russians;Argentina;AR;36500;-34.559519;-58.474247;Russian;Christianity;South America;10;
Egyptian Arabs;United Arab Emirates;AE;1150000;25.238206;55.370813;Arabic, Egyptian;Islam;Western Asia;0;
Borana;Kenya;KE;212000;2.330668;37.987966;Oromo, Borana-Arsi-Guji;Islam;Eastern Africa;10;
Arabs;Australia;AS;159000;-33.897339;151.244671;Arabic, Standard;Islam;Australia and New Zealand;0;
Egyptian Arabs;Belgium;BE;5300;50.850599;4.346549;Arabic, Egyptian;Islam;Western Europe;75;
Sakuye;Kenya;KE;35000;3.0276;38.211;Oromo, Borana-Arsi-Guji;Islam;Eastern Africa;10;
Somalis;Kenya;KE;3285000;0.098978;40.320725;Somali;Islam;Eastern Africa;10;
Maltese;Libya;LY;1500;32.885057;13.188728;Maltese;Christianity;Northern Africa;10;
Druze;Lebanon;LE;161000;33.676887;35.595771;Arabic, Levantine;Other;Western Asia;10;
Gulf Arabs;Oman;MU;874000;23.6683;58.1943;Arabic, Gulf;Islam;Western Asia;10;
Gabbra;Kenya;KE;117000;2.329465;37.986011;Oromo, Borana-Arsi-Guji;Islam;Eastern Africa;10;
Somalis;Djibouti;DJ;616000;11.30032;42.93094;Somali;Islam;Eastern Africa;10;
Hasidim;United Kingdom;UK;32000;51.414491;-0.163101;Hebrew;Judaism;Northern Europe;75;
Naath;Ethiopia;ET;248000;8.3023;33.6867;Nuer;Christianity;Eastern Africa;75;
St. Helenians;Saint Helena, Ascension, and Tristan da Cunha;SH;5400;-15.95268;-5.7154;English;Christianity;Western Africa;75;
Malaysian Malays;United Kingdom;UK;56000;51.401627;0.012291;Malay;Islam;Northern Europe;10;
Lao;France;FR;19500;48.961152;2.275214;Lao;Buddhism;Western Europe;10;
Iu Mien;France;FR;2300;43.603151;1.441759;Iu Mien;Ethnoreligion;Western Europe;75;
Welsh;Argentina;AR;32000;-43.2892;-65.4992;English;Unaffiliated;South America;75;
Asho Chin;Bangladesh;BG;4600;22.25248;92.35061;Chin, Asho;Christianity;Southern Asia;75;
Jews;South Africa;SF;71000;-26.192131;28.25786;English;Judaism;Southern Africa;10;
Turks;Austria;AU;227000;48.167797;16.327728;Turkish;Islam;Western Europe;10;
Khmer;France;FR;72000;48.944315;2.348406;Khmer;Buddhism;Western Europe;10;
Manipuri;Bangladesh;BG;43500;24.30752;91.68833;Meitei;Hinduism;Southern Asia;75;
Akolet;Papua New Guinea;PP;3200;-6.22711;150.18199;Akolet;Christianity;Melanesia;75;
Bauwaki;Papua New Guinea;PP;1500;-9.82577;148.8148;Bauwaki;Christianity;Melanesia;75;
Alauagat;Papua New Guinea;PP;950;-3.488246;142.558466;Bragat;Christianity;Melanesia;75;
Biwat;Papua New Guinea;PP;6200;-4.39429;143.87294;Biwat;Christianity;Melanesia;75;
Biksi;Papua New Guinea;PP;550;-3.974;141.035;Yetfa;Christianity;Melanesia;75;
Bariji;Papua New Guinea;PP;1000;-9.231;148.45354;Bariji;Christianity;Melanesia;75;
Baimak;Papua New Guinea;PP;1400;-5.18943;145.60624;Baimak;Christianity;Melanesia;75;
Barim;Papua New Guinea;PP;2000;-5.74133;147.91685;Karnai;Christianity;Melanesia;75;
Idi;Papua New Guinea;PP;3600;-8.75976;142.30075;Idi;Christianity;Melanesia;75;
Agi;Papua New Guinea;PP;1700;-3.49104;142.38677;Agi;Christianity;Melanesia;75;
Arawum;Papua New Guinea;PP;125;-5.52787;145.90317;Taupi;Christianity;Melanesia;75;
Gants;Papua New Guinea;PP;6600;-5.28113;144.77058;Gants;Christianity;Melanesia;75;
Amaimon;Papua New Guinea;PP;3200;-5.18742;145.36845;Amaimon;Christianity;Melanesia;75;
Kelana;Papua New Guinea;PP;1600;-6.0151;147.48522;Gitua;Christianity;Melanesia;75;
Aruek;Papua New Guinea;PP;1500;-3.37841;142.71539;Aruek;Christianity;Melanesia;75;
Bosilewa;Papua New Guinea;PP;1400;-9.44763;150.69337;Boselewa;Christianity;Melanesia;75;
Wagumi;Papua New Guinea;PP;1700;-8.595582;141.295391;Blafe;Ethnoreligion;Melanesia;75;
Bulu;Papua New Guinea;PP;2000;-5.06134;150.10143;Bulu (Papua New Guinea);Christianity;Melanesia;75;
Baluan-Pam;Papua New Guinea;PP;3300;-2.5604;147.28194;Paluai;Christianity;Melanesia;75;
Umeda;Papua New Guinea;PP;600;-3.34565;141.15692;Umeda;Christianity;Melanesia;75;
Andarum;Papua New Guinea;PP;3800;-4.48734;144.76673;Andarum;Christianity;Melanesia;75;
Andra-Hus;Papua New Guinea;PP;2800;-1.939544;147.004521;Andra-Hus;Christianity;Melanesia;75;
Amal;Papua New Guinea;PP;1900;-4.04517;141.9952;Amal;Ethnoreligion;Melanesia;75;
Bun;Papua New Guinea;PP;1000;-4.51885;143.89179;Bun;Ethnoreligion;Melanesia;75;
Anor;Papua New Guinea;PP;2400;-4.98449;144.80097;Anor;Christianity;Melanesia;75;
Angoram;Papua New Guinea;PP;18000;-4.07758;144.02814;Angoram;Christianity;Melanesia;75;
Bata;Nigeria;NI;335000;9.586508;12.4739;Bata;Ethnoreligion;Western Africa;75;
Maninka;Sierra Leone;SL;186000;9.45738;-11.5602;Maninkakan, Eastern;Islam;Western Africa;10;
Gera;Nigeria;NI;465000;10.3173;9.8443;Gera;Islam;Western Africa;10;
Nkoro;Nigeria;NI;10000;4.545;7.465;Nkoroo;Christianity;Western Africa;75;
Tambas;Nigeria;NI;16500;9.36039;9.32836;Rom;Ethnoreligion;Western Africa;75;
Bambara;Cote d’Ivoire;IV;1475000;10.2492;-6.6893;Bamanankan;Islam;Western Africa;75;
Northeast Central Ijaw;Nigeria;NI;11000;5.40296;6.51646;Biseni;Christianity;Western Africa;75;
Zeem;Nigeria;NI;3400;9.95001;9.28934;Zeem;Ethnoreligion;Western Africa;75;
Musei;Cameroon;CM;84500;9.98181;15.3825;Musey;Ethnoreligion;Middle Africa;75;
Zabarmawa;Nigeria;NI;171000;11.8464;3.6558;Zarma;Islam;Western Africa;10;
Guruntum;Nigeria;NI;37500;9.927954;10.172081;Guruntum-Mbaaru;Ethnoreligion;Western Africa;10;
Kru;Sierra Leone;SL;16000;8.4493;-13.2702;Klao;Islam;Western Africa;10;
Gulfe;Chad;CD;96000;12.57015;14.89194;Malgbe;Islam;Middle Africa;75;
Lugbara;Congo, Democratic Republic of the;CG;733000;2.91968;30.64768;Lugbara;Christianity;Middle Africa;75;
Yerwa Kanuri;Chad;CD;285000;11.5188;15.26841;Kanuri, Yerwa;Islam;Middle Africa;10;
Bozaba;Congo, Democratic Republic of the;CG;18500;2.07295;18.67837;Bozaba;Ethnoreligion;Middle Africa;75;
Northwestern Dinka;South Sudan;OD;68500;9.9211;29.9809;Dinka, Northwestern;Ethnoreligion;Northern Africa;10;
Maasai;Tanzania;TZ;892000;-4.8793;36.7946;Maasai;Ethnoreligion;Eastern Africa;10;
Bendi;Congo, Democratic Republic of the;CG;93000;1.93;30.2981;Bendi;Ethnoreligion;Middle Africa;10;
Belanda Dor;South Sudan;OD;19000;6.392;27.7705;Belanda Bor;Ethnoreligion;Northern Africa;75;
Runga;Central African Republic;CT;41000;8.91953;20.78318;Runga;Islam;Middle Africa;10;
Kiribertese;Nauru;NR;2300;-0.550054;166.93533;Kiribati;Christianity;Micronesia;75;
Kiribertese;Fiji;FJ;7000;-18.118;178.4393;Kiribati;Christianity;Melanesia;75;
Tembimbe-Katbol;Vanuatu;NH;1200;-16.27015;167.48414;Avava;Christianity;Melanesia;75;
Duke;Solomon Islands;BP;4400;-8.0199;156.9558;Dughore;Christianity;Melanesia;75;
Indonesians;China;CH;11500;18.777;110.343;Indonesian;Christianity;Eastern Asia;75;
Kuki Chin;Myanmar;BM;41000;24.8668;94.9052;Chin, Thado;Christianity;South-Eastern Asia;75;
Lashi;China;CH;2500;26.06186;98.63605;Lacid;Christianity;Eastern Asia;75;
Tuvaluan;Fiji;FJ;550;-18.1374;178.4442;Tuvaluan;Christianity;Melanesia;75;
Hungarians;Slovenia;SI;6700;46.554;16.463;Hungarian;Christianity;Southern Europe;10;
Kanarese;Singapore;SN;24000;1.360913;103.759865;Kannada;Hinduism;South-Eastern Asia;75;
Hungarians;Croatia;HR;15500;45.498373;18.10851;Hungarian;Christianity;Southern Europe;10;
Northern Yemeni Arabs;Yemen;YM;13640000;16.947781;43.747221;Arabic, Sanaani;Islam;Western Asia;0;
Han Chinese;Philippines;RP;1260000;14.630369;121.0518;Chinese, Min Nan;Ethnoreligion;South-Eastern Asia;75;
Jeh;Laos;LA;11500;15.27173;107.61057;Jeh;Ethnoreligion;South-Eastern Asia;75;
Palestinian Arabs;Jordan;JO;2630000;32.041606;35.720638;Arabic, Levantine;Islam;Western Asia;10;
Lawa;China;CH;67500;23.888341;99.213618;Lawa, Western;Buddhism;Eastern Asia;75;
Eastern Bru;Vietnam;VM;74500;17.0064;106.56118;Bru, Eastern;Ethnoreligion;South-Eastern Asia;75;
Masadiit Itneg;Philippines;RP;11500;17.4501;120.82945;Itneg, Masadiit;Christianity;South-Eastern Asia;75;
Akha;Myanmar;BM;229000;21.674;100.0135;Akha;Ethnoreligion;South-Eastern Asia;75;
Tai Lu;Myanmar;BM;326000;21.3113;100.67986;Lü;Ethnoreligion;South-Eastern Asia;10;
Faroese;Denmark;DA;21500;55.682561;12.530256;Faroese;Christianity;Northern Europe;75;
Afrikaners;Botswana;BC;27000;-23.670847;22.777069;Afrikaans;Christianity;Southern Africa;10;
Balkan Romani;Bulgaria;BU;267000;42.15416;24.785;Romani, Balkan;Unaffiliated;Eastern Europe;75;
Dutch;Denmark;DA;6300;56.15867;10.206767;Dutch;Unaffiliated;Northern Europe;75;
Poles;Lithuania;LH;179000;54.66937;25.290098;Polish;Christianity;Northern Europe;0;
Swedes;Denmark;DA;21500;55.68;12.499;Swedish;Unaffiliated;Northern Europe;10;
Urdu;Bahrain;BA;78000;26.162134;50.517759;Urdu;Islam;Western Asia;10;
Ukrainians;France;FR;23000;48.829772;2.300393;Ukrainian;Christianity;Western Europe;75;
Pakistani;Thailand;TH;5600;13.6454;100.5861;Urdu;Islam;South-Eastern Asia;10;
Marathi;Israel;IS;16500;31.271069;34.791461;Marathi;Judaism;Western Asia;10;
Urdu;Saudi Arabia;SA;2130000;24.470997;46.278067;Urdu;Islam;Western Asia;10;
Punjabis;Oman;MU;131000;23.618;58.494;Punjabi, Eastern;Islam;Western Asia;10;
Sindhi;United Arab Emirates;AE;164000;25.354696;55.386717;Sindhi;Islam;Western Asia;10;
Urdu;Qatar;QA;181000;25.254254;51.563281;Urdu;Islam;Western Asia;10;
Sindhi;Oman;MU;15500;23.608661;58.513734;Sindhi;Islam;Western Asia;10;
Norwegians;Denmark;DA;17000;55.696412;12.534171;Norwegian;Unaffiliated;Northern Europe;0;
Urdu;Oman;MU;133000;23.608134;58.54599;Urdu;Islam;Western Asia;10;
Icelanders;Denmark;DA;8400;56.162657;10.203576;Icelandic;Christianity;Northern Europe;10;
Urdu;Kuwait;KU;4200;29.320291;47.983258;Urdu;Islam;Western Asia;10;
Punjabis;Kuwait;KU;21000;29.349402;47.996843;Punjabi, Eastern;Islam;Western Asia;10;
Buduma;Nigeria;NI;6200;13.29658;13.86214;Buduma;Islam;Western Africa;10;
Bari;Uganda;UG;135000;3.645667;31.028756;Bari;Christianity;Eastern Africa;75;
Luo;Tanzania;TZ;298000;-1.421256;34.01939;Dholuo;Christianity;Eastern Africa;10;
Cochin Jews;Israel;IS;8400;31.2236;34.8827;Malayalam;Judaism;Western Asia;10;
Kensiu;Thailand;TH;300;6.02922;101.16023;Kensiu;Ethnoreligion;South-Eastern Asia;75;
Sénmogo;Burkina Faso;UV;28500;11.12852;-4.58203;Seenku;Islam;Western Africa;10;
Bassa;Sierra Leone;SL;10500;8.4355;-13.1628;Bassa;Ethnoreligion;Western Africa;10;
Gasmata;Papua New Guinea;PP;700;-6.271;150.331;Avau;Christianity;Melanesia;75;
Tailoi;Myanmar;BM;5100;21.53081;100.91936;Tai Loi;Buddhism;South-Eastern Asia;75;
Shawiya;Belgium;BE;42500;50.847122;4.337554;Tachawit;Islam;Western Europe;0;
Turkish Cypriots;United Kingdom;UK;300000;51.54462;-0.086771;Turkish;Islam;Northern Europe;10;
Turks;Australia;AS;59500;-37.680792;144.921009;Turkish;Islam;Australia and New Zealand;10;
Tunisian Arabs;Belgium;BE;16500;50.853538;4.350075;Arabic, Tunisian;Islam;Western Europe;0;
Arabs;Austria;AU;101000;48.200779;16.351657;Arabic, Standard;Islam;Western Europe;0;
Kazakh;Mongolia;MG;159000;48.64537;89.99068;Kazakh;Islam;Eastern Asia;10;
Arabs;Pakistan;PK;244000;24.909655;67.06246;Arabic, Standard;Islam;Southern Asia;0;
Iraqi Arabs;Lebanon;LE;26000;33.853694;35.509333;Arabic, Standard;Islam;Western Asia;0;
Spaniards;Angola;AO;18000;-8.811594;13.260424;Spanish;Christianity;Middle Africa;10;
Konso;Kenya;KE;2300;3.5043;39.0559;Konso;Ethnoreligion;Eastern Africa;0;
Iraqi Arabs;Syria;SY;59500;33.518;36.285;Arabic, Mesopotamian;Islam;Western Asia;0;
Russians;North Korea;KN;5400;39.042658;125.73176;Russian;Christianity;Eastern Asia;10;
Portuguese;Mozambique;MZ;28000;-25.9376;32.6155;Portuguese;Christianity;Eastern Africa;10;
Portuguese;Zimbabwe;ZI;15500;-17.854806;31.038925;Portuguese;Christianity;Eastern Africa;10;
Italians;Liechtenstein;LS;1300;47.138534;9.521553;Italian;Christianity;Western Europe;0;
Urdu;United Arab Emirates;AE;251000;25.268624;55.297562;Urdu;Islam;Western Asia;10;
Sinhalese;Thailand;TH;8200;13.6927;100.5017;Sinhala;Buddhism;South-Eastern Asia;0;
Punjabis;United Arab Emirates;AE;328000;25.331273;55.401022;Punjabi, Eastern;Islam;Western Asia;10;
Sindhi;Singapore;SN;5400;1.3819;103.87769;Sindhi;Hinduism;South-Eastern Asia;10;
French;Madagascar;MA;187000;-18.9254;47.5398;French;Christianity;Eastern Africa;10;
Reunionese;Madagascar;MA;125000;-18.891915;47.562868;Réunion French Creole;Christianity;Eastern Africa;10;
Poles;Denmark;DA;16000;55.683255;12.552476;Polish;Christianity;Northern Europe;0;
Hindi;Singapore;SN;12500;1.3299;103.90756;Hindi;Hinduism;South-Eastern Asia;10;
Belorussian;Estonia;EN;19500;59.4399;24.7108;Russian;Christianity;Northern Europe;10;
Piame;Papua New Guinea;PP;350;-4.85835;142.78426;Piame;Ethnoreligion;Melanesia;10;
Yellow Lahu;Myanmar;BM;68500;22.01094;99.91951;Lahu Shi;Ethnoreligion;South-Eastern Asia;10;
Busa-Boko;Nigeria;NI;69500;10.80191;3.9671;Boko (Benin);Ethnoreligion;Western Africa;10;
Malagasy;Mauritius;MP;5100;-20.160363;57.500607;Malagasy, Merina;Ethnoreligion;Eastern Africa;10;
Upper Ta-Oy;Vietnam;VM;24000;16.2352;107.2546;Ta’oih, Upper;Ethnoreligion;South-Eastern Asia;0;
Rhade;Cambodia;CB;17500;13.412842;107.545206;Rade;Ethnoreligion;South-Eastern Asia;10;
Khmu;China;CH;1800;21.669;101.727;Khmu;Ethnoreligion;Eastern Asia;0;
Busa;Papua New Guinea;PP;550;-3.82276;141.33615;Odiai;Ethnoreligion;Melanesia;10;
Pokot;Uganda;UG;151000;1.54152;34.833;Pökoot;Ethnoreligion;Eastern Africa;10;
Malayali;Singapore;SN;35500;1.34278;103.8064;Malayalam;Hinduism;South-Eastern Asia;10;
Tai Nua;Myanmar;BM;80000;24.20468;97.55179;Tai Nüa;Buddhism;South-Eastern Asia;0;
Jahanka;Senegal;SG;55500;13.773;-13.6716;Jahanka;Islam;Western Africa;10;
Phu Thai;Laos;LA;260000;17.86582;104.63239;Phu Thai;Buddhism;South-Eastern Asia;10;
Bolon;Burkina Faso;UV;36000;11.821;-4.871;Bolon;Islam;Western Africa;10;
Malagasy;Reunion;RE;12500;-20.8943;55.4661;Malagasy, Merina;Ethnoreligion;Eastern Africa;10;
Yemeni Arabs;Madagascar;MA;62500;-15.715525;46.322811;Arabic, Ta’izzi-Adeni;Islam;Eastern Africa;10;
Yalunka;Senegal;SG;16000;12.49687;-11.60875;Yalunka;Islam;Western Africa;10;
Galambi;Nigeria;NI;40500;10.1283;10.2035;Galambi;Islam;Western Africa;10;
Pale De`ang;China;CH;11000;24.31976;98.53195;Palaung, Ruching;Buddhism;Eastern Asia;0;
Lendu;Uganda;UG;22500;2.50962;30.80162;Lendu;Ethnoreligion;Eastern Africa;10;
Chambri;Papua New Guinea;PP;4700;-4.331;143.073;Chambri;Ethnoreligion;Melanesia;10;
Bambara;Burkina Faso;UV;7700;11.58959;-5.09647;Bamanankan;Islam;Western Africa;10;
Avukaya;Congo, Democratic Republic of the;CG;76000;3.94774;29.87733;Avokaya;Ethnoreligion;Middle Africa;10;
Bilakura;Papua New Guinea;PP;100;-4.93116;145.55945;Parawen;Christianity;Melanesia;75;
Portuguese;Argentina;AR;18000;-34.665493;-58.568432;Portuguese;Christianity;South America;75;
Ju;Nigeria;NI;2000;10.1955;9.8215;Juu;Ethnoreligion;Western Africa;75;
Punjabis;Singapore;SN;15000;1.36119;103.7782;Punjabi, Eastern;Sikhism;South-Eastern Asia;75;
Khamet;Thailand;TH;150;19.9238;99.842;Rmeet;Ethnoreligion;South-Eastern Asia;75;
Afrikaners;Zimbabwe;ZI;44000;-17.8294;31.0675;Afrikaans;Christianity;Eastern Africa;75;
Afrikaners;Eswatini;WZ;17000;-26.328455;31.120338;Afrikaans;Christianity;Southern Africa;75;
Ligbi;Cote d’Ivoire;IV;9500;7.97194;-2.74194;Ligbi;Ethnoreligion;Western Africa;75;
Sinhalese;Maldives;MV;3900;4.174274;73.507539;Sinhala;Buddhism;Southern Asia;75;
Bulgebi;Papua New Guinea;PP;175;-5.69713;146.40282;Gamane;Christianity;Melanesia;75;
Han Chinese;Papua New Guinea;PP;30500;-9.454668;147.211765;Chinese, Mandarin;Ethnoreligion;Melanesia;75;
Zulu;Eswatini;WZ;116000;-26.593218;31.36912;Zulu;Christianity;Southern Africa;75;
Kiong;Nigeria;NI;1100;5.105;8.178;Kiong;Christianity;Western Africa;75;
Venda;Zimbabwe;ZI;118000;-21.0698;29.3633;Venda;Ethnoreligion;Eastern Africa;75;
Bemba;Tanzania;TZ;81000;-9.10342;32.48608;Bemba;Ethnoreligion;Eastern Africa;75;
Nyanja;Eswatini;WZ;7200;-26.312976;31.162475;Chichewa;Christianity;Southern Africa;75;
Comorians;Eswatini;WZ;750;-26.287178;31.103785;Comorian, Ngazidja;Islam;Southern Africa;75;
Bemba;Zimbabwe;ZI;33000;-17.769911;31.05403;Bemba;Ethnoreligion;Eastern Africa;75;
Horom;Nigeria;NI;3300;9.05742;8.98482;Horom;Ethnoreligion;Western Africa;75;
Swazi;Zimbabwe;ZI;82000;-20.211124;28.587133;Swati;Ethnoreligion;Eastern Africa;75;
Sotho;Eswatini;WZ;6000;-26.312331;31.111954;Sotho, Southern;Christianity;Southern Africa;75;
Zulu;Zimbabwe;ZI;164000;-20.1907;28.6241;Zulu;Ethnoreligion;Eastern Africa;75;
Zulu;Mozambique;MZ;71500;-26.5751;32.1669;Zulu;Ethnoreligion;Eastern Africa;75;
Gola;Sierra Leone;SL;17500;7.312441;-11.311607;Gola;Islam;Western Africa;10;
Karaboro Senufo;Cote d’Ivoire;IV;10500;10.087458;-5.196075;Karaboro, Eastern;Ethnoreligion;Western Africa;10;
Gouin;Cote d’Ivoire;IV;3700;10.0114;-5.1621;Cerma;Ethnoreligion;Western Africa;10;
Buela;Congo, Democratic Republic of the;CG;18500;-1.63062;26.45082;Bwela;Christianity;Middle Africa;10;
Nyali;Congo, Democratic Republic of the;CG;109000;1.92098;30.0201;Nyali;Christianity;Middle Africa;10;
Bangba;Congo, Democratic Republic of the;CG;28000;3.39956;28.31376;Bangba;Ethnoreligion;Middle Africa;10;
Rwandese;Congo, Democratic Republic of the;CG;210000;-1.3683;29.35428;Kinyarwanda;Ethnoreligion;Middle Africa;10;
Badyara;Senegal;SG;3200;12.7505;-13.2771;Badyara;Islam;Western Africa;10;
Beeke;Congo, Democratic Republic of the;CG;2500;3.1844;29.9836;Beeke;Christianity;Middle Africa;10;
Ngwoi;Nigeria;NI;39000;10.188023;6.25337;Cahungwarya;Islam;Western Africa;10;
Gurmana;Nigeria;NI;8900;10.02;6.654;Gurmana;Islam;Western Africa;10;
Fulfulde Masina;Cote d’Ivoire;IV;2800;9.4677;-5.617;Fulfulde, Maasina;Islam;Western Africa;10;
Nzakara;Congo, Democratic Republic of the;CG;3200;4.6963;22.8212;Nzakara;Christianity;Middle Africa;10;
Nyungwe;Zimbabwe;ZI;33000;-16.956535;32.849546;Nyungwe;Ethnoreligion;Eastern Africa;10;
Chokwe;Zambia;ZA;129000;-13.1432;25.0101;Chokwe;Ethnoreligion;Eastern Africa;10;
Pedi;Zimbabwe;ZI;180000;-17.82113;31.017928;Sotho, Northern;Christianity;Eastern Africa;10;
Makua;Zimbabwe;ZI;16500;-17.771146;31.119626;Makhuwa-Meetto;Ethnoreligion;Eastern Africa;10;
Nyanja;Zimbabwe;ZI;804000;-17.8444;31.0055;Chichewa;Ethnoreligion;Eastern Africa;10;
Sena;Zimbabwe;ZI;147000;-18.978352;32.654652;Sena;Ethnoreligion;Eastern Africa;10;
Swahili;Mozambique;MZ;18000;-10.75503;40.32648;Swahili;Islam;Eastern Africa;10;
Tumbuka;Zimbabwe;ZI;16500;-17.753841;31.104949;Tumbuka;Ethnoreligion;Eastern Africa;10;
Rundi;Uganda;UG;108000;0.346;32.6079;Rundi;Christianity;Eastern Africa;10;
Kikuyu;Uganda;UG;108000;0.4269;33.2102;Gikuyu;Christianity;Eastern Africa;10;
Kikuyu;Tanzania;TZ;48500;-1.287937;34.428948;Gikuyu;Christianity;Eastern Africa;10;
Rundi;Kenya;KE;60000;-1.302793;36.808602;Rundi;Christianity;Eastern Africa;10;
Nyanja;Tanzania;TZ;69500;-9.595651;33.866178;Chichewa;Christianity;Eastern Africa;10;
Kongo;Uganda;UG;5400;0.3356;32.5586;Koongo;Christianity;Eastern Africa;10;
Haya;Uganda;UG;111000;-0.91693;31.430796;Haya;Christianity;Eastern Africa;10;
Mwanga;Tanzania;TZ;246000;-8.7996;32.2251;Nyamwanga;Christianity;Eastern Africa;10;
Rundi;Rwanda;RW;713000;-2.705303;29.014493;Rundi;Christianity;Eastern Africa;10;
Taita-Taveta;Tanzania;TZ;6900;-3.279281;37.704053;Taveta;Christianity;Eastern Africa;10;
Soga;Tanzania;TZ;5500;-2.504427;32.909967;Soga;Christianity;Eastern Africa;10;
Syrian Arabs;Iraq;IZ;288000;36.8559;42.8475;Arabic, Standard;Islam;Western Asia;0;
Levantine Bedawi Arabs;Syria;SY;95000;32.749;36.3075;Arabic, Eastern Egyptian Bedawi;Islam;Western Asia;0;
Omani Arabs;United Arab Emirates;AE;363000;24.179657;55.673898;Arabic, Omani;Islam;Western Asia;0;
Iraqi Arabs;Kuwait;KU;14500;29.3531;47.9766;Arabic, Mesopotamian;Islam;Western Asia;10;
Yemeni Arabs;Saudi Arabia;SA;257000;21.575;39.178;Arabic, Ta’izzi-Adeni;Islam;Western Asia;0;
Saudi Arabs;Oman;MU;59500;23.5829;58.4096;Arabic, Standard;Islam;Western Asia;0;
Omani Arabs;Saudi Arabia;SA;147000;24.6546;46.7933;Arabic, Omani;Islam;Western Asia;0;
Arabic (Shihhi);Oman;MU;19000;25.90542;56.21943;Arabic, Shihhi;Islam;Western Asia;0;
Egyptian Arabs;Qatar;QA;57000;25.28759;51.446241;Arabic, Egyptian;Islam;Western Asia;0;
Gulf Arabs;United Arab Emirates;AE;1470000;25.363461;55.427464;Arabic, Gulf;Islam;Western Asia;10;
Yemeni Arabs;United Arab Emirates;AE;212000;25.263811;55.371903;Arabic, Ta’izzi-Adeni;Islam;Western Asia;0;
Saudi Arabs;Qatar;QA;57000;25.252903;51.428416;Arabic, Hijazi;Islam;Western Asia;0;
Palestinian Arabs;Kuwait;KU;72000;29.3146;47.9724;Arabic, Levantine;Islam;Western Asia;10;
Yemeni Arabs;Oman;MU;25500;23.6236;58.2392;Arabic, Ta’izzi-Adeni;Islam;Western Asia;0;
Batahira;Oman;MU;200;17.940019;54.805092;Arabic, Omani;Islam;Western Asia;0;
Gulf Arabs;Iran;IR;939000;26.78318;54.77776;Arabic, Gulf;Islam;Southern Asia;10;
Iraqi Arabs;Algeria;AG;8600;36.7527;3.2106;Arabic, Standard;Islam;Northern Africa;0;
Egyptian Arabs;Algeria;AG;21500;36.709413;3.098096;Arabic, Egyptian;Islam;Northern Africa;0;
Egyptian Arabs;Libya;LY;36500;32.764893;21.768454;Arabic, Egyptian;Islam;Northern Africa;0;
Egyptian Arabs;Sudan;SU;801000;15.7135;32.466;Arabic, Egyptian;Islam;Northern Africa;0;
Moroccan Arabs;Gibraltar;GI;1700;36.120378;-5.345277;Arabic, Moroccan;Islam;Southern Europe;0;
Moroccan Arabs;Libya;LY;11500;32.8568;13.1198;Arabic, Moroccan;Islam;Northern Africa;0;
Algerian Arabs;Netherlands;NL;8700;52.361155;4.904925;Arabic, Algerian;Islam;Western Europe;10;
Tunisian Arabs;Libya;LY;212000;32.8776;13.1603;Arabic, Tunisian;Islam;Northern Africa;0;
Algerian Arabs;Tunisia;TS;298000;36.835;10.1063;Arabic, Algerian;Islam;Northern Africa;0;
Moroccan Arabs;United Kingdom;UK;40500;51.553999;-0.118568;Arabic, Moroccan;Islam;Northern Europe;0;
Moroccan Arabs;Portugal;PO;23500;37.0239;-7.930391;Arabic, Moroccan;Islam;Southern Europe;0;
Algerian Arabs;Belgium;BE;28000;51.219427;4.413716;Arabic, Algerian;Islam;Western Europe;0;
Sudanese Arabs;Eritrea;ER;33000;15.3306;38.9179;Arabic, Sudanese;Islam;Eastern Africa;0;
Sudanese Arabs;United Arab Emirates;AE;84000;25.311497;55.386945;Arabic, Sudanese;Islam;Western Asia;0;
Arabs;Denmark;DA;95500;55.684471;12.543893;Arabic, Standard;Islam;Northern Europe;0;
Sudanese Arabs;Saudi Arabia;SA;474000;21.597064;39.213492;Arabic, Sudanese;Islam;Western Asia;0;
Baggara Hemat;Chad;CD;28500;10.6114;20.7132;Arabic, Sudanese;Islam;Middle Africa;10;
Arabs;Malta;MT;9800;35.873651;14.512245;Arabic, Standard;Islam;Southern Europe;0;
Arabs;Congo, Democratic Republic of the;CG;31500;-4.369865;15.311802;Arabic, Standard;Islam;Middle Africa;0;
Syrian Arabs;France;FR;18500;48.866091;2.288952;Arabic, Standard;Islam;Western Europe;0;
Sudanese Arabs;Ethiopia;ET;261000;8.9856;38.7435;Arabic, Sudanese;Islam;Eastern Africa;10;
Jordanian Arabs;France;FR;1600;48.8352;2.253323;Arabic, Standard;Islam;Western Europe;10;
Egyptian Arabs;France;FR;31500;48.832608;2.361202;Arabic, Egyptian;Islam;Western Europe;10;
Sudanese Arabs;Libya;LY;255000;32.8633;13.1297;Arabic, Sudanese;Islam;Northern Africa;0;
Iraqi Arabs;France;FR;6700;48.791679;2.358407;Arabic, Mesopotamian;Islam;Western Europe;0;
Sudanese Arabs;Qatar;QA;57000;25.280126;51.541909;Arabic, Sudanese;Islam;Western Asia;0;
Tunisian Jews;Israel;IS;14500;32.028;34.754;Arabic, Tunisian;Judaism;Western Asia;10;
Alawites;Lebanon;LE;83000;34.544;36.076;Arabic, Levantine;Islam;Western Asia;0;
Bahraini Shia Arabs;Oman;MU;20000;24.34;56.74;Arabic, Baharna;Islam;Western Asia;0;
Algerian Arabs;Burkina Faso;UV;24500;14.0996;-1.629;Arabic, Algerian;Islam;Western Africa;0;
Maltese;Tunisia;TS;3700;36.791267;10.174204;Maltese;Christianity;Northern Africa;0;
Tama;Sudan;SU;96500;13.8404;22.3938;Tama (Chad);Islam;Northern Africa;0;
Jumjum;Sudan;SU;97500;10.4804;33.9028;Jumjum;Islam;Northern Africa;10;
Turks;Switzerland;SZ;136000;47.412887;8.598218;Turkish;Islam;Western Europe;10;
Teda;Sudan;SU;13000;15.189012;23.665639;Tedaga;Islam;Northern Africa;0;
Zanzibari;Oman;MU;58500;23.622261;58.496859;Swahili;Islam;Western Asia;0;
Turks;Sweden;SW;46000;59.310278;18.078539;Turkish;Islam;Northern Europe;0;
Tama;Chad;CD;200000;14.33195;21.99515;Tama (Chad);Islam;Middle Africa;10;
Turks;Egypt;EG;56500;30.127374;31.285918;Turkish;Islam;Northern Africa;0;
Timorese;Portugal;PO;3100;38.670503;-9.171416;Uab Meto;Islam;Southern Europe;10;
Turks;Saudi Arabia;SA;36500;24.727147;46.828295;Turkish;Islam;Western Asia;0;
Greeks;Malawi;MI;6300;-15.775874;35.031988;Greek;Christianity;Eastern Africa;10;
Turkish Jews;Israel;IS;63500;32.068525;34.818559;Turkish;Judaism;Western Asia;0;
Amhara;Egypt;EG;4100;31.227698;29.974422;Amharic;Christianity;Northern Africa;0;
Ganza;Ethiopia;ET;12500;9.616;34.431;Ganza;Ethnoreligion;Eastern Africa;0;
Amhara;Djibouti;DJ;550;11.5639;43.1545;Amharic;Christianity;Eastern Africa;10;
Jew (French);Israel;IS;116000;32.088439;34.822511;French;Judaism;Western Asia;10;
Mima;Sudan;SU;166000;14.200366;22.692875;Amdang;Islam;Northern Africa;0;
Kabyle;Belgium;BE;59500;50.859445;4.416223;Kabyle;Islam;Western Europe;0;
Somalis;Tanzania;TZ;69500;-6.84512;39.269789;Somali;Islam;Eastern Africa;0;
Eritreans;Netherlands;NL;15500;51.948008;4.469618;Tigrigna;Islam;Western Europe;10;
Hobyot;Oman;MU;225;17.420062;52.962565;Mehri;Islam;Western Asia;0;
Somalis;Netherlands;NL;41000;52.386334;4.857472;Somali;Islam;Western Europe;0;
Turku Arabs;Chad;CD;38000;9.3091;15.8066;Arabic, Juba;Islam;Middle Africa;10;
Shawiya;Italy;IT;39000;41.897086;12.528484;Tachawit;Islam;Southern Europe;0;
Somalis;United Arab Emirates;AE;109000;25.295862;55.408905;Somali;Islam;Western Asia;0;
Arabized Africans;Saudi Arabia;SA;550000;24.756801;46.682533;Swahili;Islam;Western Asia;0;
Black Africans;United Arab Emirates;AE;30500;25.245588;55.304573;Swahili;Islam;Western Asia;10;
Indonesians;Netherlands;NL;157000;51.932034;4.475568;Indonesian;Islam;Western Europe;10;
Caribbean Javanese;Netherlands;NL;8700;51.930947;4.472288;Javanese, Suriname;Islam;Western Europe;10;
Kazakh;Germany;GM;40500;52.50827;13.359108;Kazakh;Islam;Western Europe;0;
Uyghurs;Saudi Arabia;SA;9400;24.718456;46.69214;Uyghur;Islam;Western Asia;0;
Fulani;Sudan;SU;275000;10.57178;25.27268;Fulfulde, Adamawa;Islam;Northern Africa;10;
Mararit;Chad;CD;49000;14.2207;21.3875;Mararit;Islam;Middle Africa;0;
Idaksahak;Algeria;AG;2400;19.9614;2.9676;Tadaksahak;Islam;Northern Africa;0;
Kanuri;Sudan;SU;487000;12.6694;34.1565;Kanuri, Yerwa;Islam;Northern Africa;0;
Garre;Kenya;KE;965000;3.5518;40.8667;Oromo, Borana-Arsi-Guji;Islam;Eastern Africa;10;
Georgian Jews;Israel;IS;66500;31.7551;35.2204;Judeo-Georgian;Judaism;Western Asia;10;
Black Tai;France;FR;5000;48.844055;2.269695;Tai Dam;Christianity;Western Europe;0;
Chaldeans;Germany;GM;3000;51.492527;7.206181;Chaldean Neo-Aramaic;Christianity;Western Europe;0;
Bokoruge;Chad;CD;95500;12.0024;21.7472;Daju, Dar Sila;Ethnoreligion;Middle Africa;10;
Hungarian Jews;Israel;IS;76000;32.0142;34.8844;Hungarian;Judaism;Western Asia;10;
Chaldeans;Netherlands;NL;1100;52.3474;4.915436;Chaldean Neo-Aramaic;Christianity;Western Europe;0;
Kunama;Ethiopia;ET;7800;14.4485;37.80274;Kunama;Christianity;Eastern Africa;0;
Daasanach;South Sudan;OD;4900;4.7287;35.7455;Daasanach;Ethnoreligion;Northern Africa;0;
Portuguese;Guinea-Bissau;PU;6500;11.86;-15.6171;Portuguese;Christianity;Western Africa;0;
Norwegians;Svalbard;SV;1700;78.2196;15.6419;Norwegian;Christianity;Northern Europe;0;
Russians;Mozambique;MZ;3600;-25.963001;32.591349;Russian;Christianity;Eastern Africa;10;
Ukrainians;Venezuela;VE;9200;10.514483;-66.955791;Ukrainian;Christianity;South America;0;
Portuguese;Zambia;ZA;3900;-15.419732;28.300906;Portuguese;Christianity;Eastern Africa;10;
Jew (Polish);Israel;IS;62500;32.0158;34.7982;Polish;Judaism;Western Asia;10;
Russians;Svalbard;SV;1200;78.06554;14.24963;Russian;Christianity;Northern Europe;0;
Norwegians;Ecuador;EC;18500;-0.215424;-78.497493;Norwegian;Christianity;South America;0;
Catalonians;Venezuela;VE;5400;10.675945;-71.614417;Catalan;Christianity;South America;0;
Portuguese;Malawi;MI;21000;-13.984177;33.78195;Portuguese;Christianity;Eastern Africa;10;
Portuguese Jews;Israel;IS;2700;32.095623;34.88824;Portuguese;Judaism;Western Asia;10;
Spaniards;Trinidad and Tobago;TD;4300;10.621163;-61.430265;Spanish;Christianity;Caribbean;0;
Persian Jews;Israel;IS;55500;32.072396;34.806946;Persian, Iranian;Judaism;Western Asia;10;
Persians;Qatar;QA;277000;25.34192;51.447113;Persian, Iranian;Islam;Western Asia;0;
Fulani;Cabo Verde;CV;72000;14.937988;-23.52074;Fulfulde, Adamawa;Islam;Western Africa;10;
Wara;Burkina Faso;UV;11000;10.654;-5.412;Wara;Islam;Western Africa;10;
Swahili;Mayotte;MF;10500;-12.84869;45.18749;Swahili;Islam;Eastern Africa;10;
Fulani Fulbe;Chad;CD;317000;9.903766;14.45688;Fulfulde, Adamawa;Islam;Middle Africa;10;
Komono (Khisa);Cote d’Ivoire;IV;10500;9.68062;-3.77644;Khisa;Islam;Western Africa;10;
Kaka;Congo;CF;18500;3.08059;17.2796;Kako;Christianity;Middle Africa;10;
Comorians;Madagascar;MA;156000;-18.8926;47.55;Comorian, Maore;Islam;Eastern Africa;10;
Lomapo;Cote d’Ivoire;IV;14500;9.2773;-2.9971;Loma (Côte d’Ivoire);Ethnoreligion;Western Africa;10;
Makonde;Mayotte;MF;1900;-12.778521;45.201765;Makonde;Islam;Eastern Africa;10;
Tiv;Cameroon;CM;2100;6.46347;9.6158;Tiv;Christianity;Middle Africa;10;
Baushi;Nigeria;NI;45000;10.20768;6.61686;Bauchi;Islam;Western Africa;10;
Makua;Comoros;CN;14500;-12.152183;44.433864;Makhuwa-Meetto;Islam;Eastern Africa;10;
Makua;Mayotte;MF;3200;-12.78768;45.216419;Makhuwa-Meetto;Islam;Eastern Africa;10;
Tenbo;Burkina Faso;UV;4100;9.939998;-3.857523;Téén;Ethnoreligion;Western Africa;10;
Griqua;South Africa;SF;125;-28.395209;20.653311;Khoekhoe;Ethnoreligion;Southern Africa;10;
Glaro-Twabo;Cote d’Ivoire;IV;7300;5.5212;-7.3286;Glaro-Twabo;Ethnoreligion;Western Africa;10;
Soninke;Senegal;SG;622000;14.899;-12.4686;Soninke;Islam;Western Africa;10;
Yerwa Kanuri;Cameroon;CM;187000;11.1712;14.33818;Kanuri, Yerwa;Islam;Middle Africa;10;
Ik;Kenya;KE;1800;3.787095;34.462385;Ik;Ethnoreligion;Eastern Africa;10;
Mandara;Nigeria;NI;23000;11.53752;13.68246;Wandala;Islam;Western Africa;10;
Buka-Khwe;Zambia;ZA;150;-17.404374;24.171571;Khwedam;Ethnoreligion;Eastern Africa;10;
Buduma;Cameroon;CM;500;12.785;14.28;Buduma;Islam;Middle Africa;10;
Nggwahyi;Nigeria;NI;11500;10.6058;12.92341;Nggwahyi;Islam;Western Africa;10;
Cenka;Benin;BN;2900;10.9288;3.6939;Kyanga;Ethnoreligion;Western Africa;10;
Gulf Arabs;Yemen;YM;23000;17.83421;49.72883;Arabic, Hijazi;Islam;Western Asia;0;
Palestinian Arabs;Yemen;YM;34500;15.3089;44.1977;Arabic, Levantine;Islam;Western Asia;0;
Egyptian Arabs;Israel;IS;22500;31.2595;34.7693;Arabic, Egyptian;Islam;Western Asia;0;
Bedouin Arabs;Jordan;JO;1350000;32.504308;38.20441;Arabic, Najdi;Islam;Western Asia;0;
Egyptian Arabs;Kuwait;KU;510000;29.351467;48.000638;Arabic, Egyptian;Islam;Western Asia;0;
Sudanese Arabs;Yemen;YM;574000;15.2985;44.1923;Arabic, Sudanese;Islam;Western Asia;0;
Egyptian Arabs;Yemen;YM;12000;15.3665;44.2155;Arabic, Egyptian;Islam;Western Asia;0;
Egyptian Arabs;Saudi Arabia;SA;660000;24.7315;46.6586;Arabic, Egyptian;Islam;Western Asia;0;
Egyptian Arabs;Jordan;JO;758000;31.9149;35.9333;Arabic, Egyptian;Islam;Western Asia;0;
Spaniards;Denmark;DA;5400;55.680805;12.571678;Spanish;Christianity;Northern Europe;0;
Punjabis;Fiji;FJ;9600;-17.604244;177.452619;Punjabi, Eastern;Hinduism;Melanesia;0;
Malagasy;Mayotte;MF;2800;-12.779742;45.225578;Malagasy, Merina;Ethnoreligion;Eastern Africa;10;
Sinhalese;United Arab Emirates;AE;139000;25.266838;55.336315;Sinhala;Buddhism;Western Asia;10;
Lao;Vietnam;VM;205000;21.0392;105.8034;Lao;Ethnoreligion;South-Eastern Asia;0;
Somalis;Yemen;YM;1225000;15.2825;44.2339;Somali;Islam;Western Asia;10;
Aimele;Papua New Guinea;PP;350;-6.9501;142.6486;Eibela;Ethnoreligion;Melanesia;10;
Tai Loi;Laos;LA;600;21.319037;100.997613;Tai Loi;Ethnoreligion;South-Eastern Asia;0;
Sinhalese;Singapore;SN;23500;1.3342;103.75734;Sinhala;Buddhism;South-Eastern Asia;0;
Danes;Iceland;IC;3900;64.14461;-21.959834;Danish;Unaffiliated;Northern Europe;0;
Tsun-Lao;Vietnam;VM;15500;21.3554;102.9708;Ts’ün-Lao;Ethnoreligion;South-Eastern Asia;0;
Khua;Laos;LA;4500;17.27488;105.91687;Khua;Ethnoreligion;South-Eastern Asia;0;
Bit;China;CH;850;21.648165;101.403194;Bit;Ethnoreligion;Eastern Asia;0;
Poles;Brazil;BR;1900000;-24.785;-50.000496;Polish;Christianity;South America;0;
Moroccan Arabs;Spain;SP;863000;40.445167;-3.612826;Arabic, Moroccan;Islam;Southern Europe;10;
Lebanese Arabs;France;FR;56000;48.848431;2.268764;Arabic, Levantine;Islam;Western Europe;0;
Egyptian Arabs;Iraq;IZ;538000;33.281674;44.326044;Arabic, Egyptian;Islam;Western Asia;0;
Afar;Eritrea;ER;353000;14.148039;41.08567;Afar;Islam;Eastern Africa;0;
Shuwa Arabs;Nigeria;NI;233000;12.029475;13.935896;Arabic, Chadian;Islam;Western Africa;10;
Kazakh;Russian Federation;RS;811000;51.527318;81.19933;Kazakh;Islam;Eastern Europe;10;
Gulf Arabs;Qatar;QA;394000;25.312348;51.403912;Arabic, Gulf;Islam;Western Asia;0;
Kababish;Sudan;SU;551000;14.166602;32.635146;Arabic, Sudanese;Islam;Northern Africa;10;
Kuwaiti Sunni Arabs;Kuwait;KU;1220000;29.307877;47.889021;Arabic, Gulf;Islam;Western Asia;10;
Gimma;Sudan;SU;219000;17.595036;33.97126;Arabic, Sudanese;Islam;Northern Africa;10;
Ya;China;CH;68500;23.6593;101.8773;Tai Ya;Ethnoreligion;Eastern Asia;0;
Nash Didan;Israel;IS;4000;31.7692;35.2017;Hebrew;Judaism;Western Asia;0;
Shukria;Sudan;SU;367000;15.3128;35.6086;Arabic, Sudanese;Islam;Northern Africa;0;
Ainu;Japan;JA;13000;42.58505848;142.1285463;Japanese;Ethnoreligion;Eastern Asia;0;
Boyu Tibetans;China;CH;5400;33.362361;104.580444;Tibetan, Central;Ethnoreligion;Eastern Asia;0;
Khlor;Laos;LA;15000;15.679;106.5484;Kriang;Ethnoreligion;South-Eastern Asia;0;
Hadrami Arabs;Yemen;YM;1910000;15.9447;48.7833;Arabic, Hadrami;Islam;Western Asia;0;
Baygo;Sudan;SU;2900;11.786333;25.161867;Arabic, Sudanese;Islam;Northern Africa;0;
Bukharic Jews;Israel;IS;94500;31.7967;35.2081;Hebrew;Judaism;Western Asia;10;
Mongallese Arabs;South Sudan;OD;54500;4.5551;28.4205;Arabic, Juba;Islam;Northern Africa;0;
Mzab;Algeria;AG;201000;32.50135;3.85035;Tumzabt;Islam;Northern Africa;0;
Jebala;Morocco;MO;1670000;35.578;-5.362;Arabic, Moroccan;Islam;Northern Africa;10;
Algerian Arabs;Algeria;AG;34520000;35.997425;5.389439;Arabic, Algerian;Islam;Northern Africa;10;
Iraya;Philippines;RP;38500;13.38103;120.64995;Iraya;Ethnoreligion;South-Eastern Asia;75;
Binongan Itneg;Philippines;RP;10000;17.597;120.8873;Itneg, Binongan;Christianity;South-Eastern Asia;75;
Mamanwa Negrito;Philippines;RP;6100;9.4505;125.5582;Minamanwa;Ethnoreligion;South-Eastern Asia;75;
Ilocano;Philippines;RP;10570000;18.1107;120.7315;Ilocano;Christianity;South-Eastern Asia;75;
Ata Manobo;Philippines;RP;14000;7.5048;125.9261;Manobo, Ata;Ethnoreligion;South-Eastern Asia;75;
Higaonon Manobo;Philippines;RP;49500;8.6041;125.6812;Higaonon;Ethnoreligion;South-Eastern Asia;75;
Inibaloi;Philippines;RP;248000;16.42625;120.69508;Ibaloi;Ethnoreligion;South-Eastern Asia;75;
Binokid Manobo;Philippines;RP;149000;8.3433;124.6675;Binukid;Ethnoreligion;South-Eastern Asia;75;
Buhid;Philippines;RP;11500;12.63958;121.20976;Buhid;Ethnoreligion;South-Eastern Asia;75;
Casiguran Dumagat;Philippines;RP;950;16.2176;121.87821;Agta, Casiguran Dumagat;Ethnoreligion;South-Eastern Asia;75;
Antipolo Ifugao;Philippines;RP;10500;16.7784;121.0851;Kallahan, Keley-i;Ethnoreligion;South-Eastern Asia;75;
Dibagat-Kabugao Isneg;Philippines;RP;40000;18.21387;121.1599;Isnag;Ethnoreligion;South-Eastern Asia;75;
Iranun;Philippines;RP;581000;7.238061;124.36241;Iranun (Philippines);Islam;South-Eastern Asia;10;
Butbut Kalinga;Philippines;RP;19000;17.22394;121.09113;Kalinga, Butbut;Christianity;South-Eastern Asia;75;
Central Subanen;Philippines;RP;217000;8.12701;123.01765;Subanen, Central;Ethnoreligion;South-Eastern Asia;75;
Tuboy Subanon;Philippines;RP;99000;8.5232;123.58754;Subanen, Northern;Ethnoreligion;South-Eastern Asia;75;
Italians;Italy;IT;53220000;42.609;12.97622;Italian;Christianity;Southern Europe;10;
Spanish Jews;Spain;SP;17000;40.313301;-3.725786;Spanish;Judaism;Southern Europe;0;
Israeli Jews;Israel;IS;4670000;31.7462;34.980333;Hebrew;Judaism;Western Asia;10;
Asben Tuareg;Niger;NG;204000;14.9869;8.8792;Tamajeq, Tayart;Islam;Western Africa;10;
Antambahoaka;Madagascar;MA;114000;-20.782981;48.446093;Malagasy, Merina;Ethnoreligion;Eastern Africa;10;
Kabyle;Algeria;AG;6735000;36.5486;4.329879;Kabyle;Islam;Northern Africa;10;
Danes;Denmark;DA;5285000;55.931;12.303;Danish;Unaffiliated;Northern Europe;10;
Spanish Jews;Israel;IS;48000;32.0561;34.7727;Hebrew;Judaism;Western Asia;10;
Katu;Vietnam;VM;61500;15.8385;107.6806;Katu, Eastern;Ethnoreligion;South-Eastern Asia;10;
Baggara;Sudan;SU;846000;12.690826;28.418169;Arabic, Sudanese;Islam;Northern Africa;10;
Somray;Cambodia;CB;4100;12.24296;103.1387;Khmer;Ethnoreligion;South-Eastern Asia;10;
Hre;Vietnam;VM;127000;14.63082;108.69418;Hre;Ethnoreligion;South-Eastern Asia;75;
East Aoba;Vanuatu;NH;8900;-15.35234;167.89039;Ambae, East;Christianity;Melanesia;75;
Beli;Papua New Guinea;PP;4800;-3.687311;142.362463;Beli (Papua New Guinea);Christianity;Melanesia;75;
Bahnar;Vietnam;VM;228000;13.9628;108.6434;Bahnar;Ethnoreligion;South-Eastern Asia;75;
Bilua;Solomon Islands;BP;16500;-7.92388;156.66311;Bilua;Christianity;Melanesia;75;
Ambasi;Papua New Guinea;PP;4200;-8.0728;147.9767;Binandere;Christianity;Melanesia;75;
Koho;Vietnam;VM;166000;11.64436;108.05721;Koho;Christianity;South-Eastern Asia;75;
Bezanozano;Madagascar;MA;224000;-17.817884;48.416573;Malagasy, Merina;Ethnoreligion;Eastern Africa;75;
Antaimanambondro;Madagascar;MA;86000;-18.906196;47.525514;Malagasy, Merina;Ethnoreligion;Eastern Africa;75;
Agusan Manobo;Philippines;RP;165000;8.62731;125.74174;Manobo, Agusan;Ethnoreligion;South-Eastern Asia;75;
Meng;China;CH;5300;22.906445;101.865017;Hani;Ethnoreligion;Eastern Asia;75;
Siyin Chin;Myanmar;BM;13000;23.391;93.645;Chin, Siyin;Christianity;South-Eastern Asia;75;
Awa;China;CH;90000;22.62048;99.58449;Wa, Vo;Ethnoreligion;Eastern Asia;10;
Tai Lu;China;CH;596000;21.849979;101.442002;Lü;Buddhism;Eastern Asia;0;
Cha Shan Yao;China;CH;63500;24.11692;110.1058;Lakkia;Ethnoreligion;Eastern Asia;10;
Lua;Thailand;TH;66500;19.1198;101.21733;Prai;Ethnoreligion;South-Eastern Asia;10;
Neisu;China;CH;27500;21.952;100.09309;Akha;Ethnoreligion;Eastern Asia;75;
Zotung Chin;Myanmar;BM;54000;22.52977;93.28998;Chin, Zotung;Christianity;South-Eastern Asia;75;
Zome;Myanmar;BM;61000;23.3415;94.0878;Zo;Christianity;South-Eastern Asia;75;
Khumi Chin;Myanmar;BM;60000;21.1288;92.9865;Chin, Khumi;Ethnoreligion;South-Eastern Asia;75;
Bulang;China;CH;103000;24.48598;99.17203;Blang;Buddhism;Eastern Asia;10;
Kayaw;Myanmar;BM;26000;19.05612;96.83655;Kayaw;Christianity;South-Eastern Asia;75;
Mru;Bangladesh;BG;34500;21.79724;92.44059;Mru;Ethnoreligion;Southern Asia;75;
Lashi;Myanmar;BM;30000;26.13653;98.46014;Lacid;Christianity;South-Eastern Asia;75;
Red Bobo;Burkina Faso;UV;383000;11.16869;-3.50303;Buamu;Ethnoreligion;Western Africa;75;
Lobi;Burkina Faso;UV;729000;10.3316;-3.1795;Lobi;Ethnoreligion;Western Africa;10;
Vigue;Burkina Faso;UV;18500;10.84288;-3.84128;Viemo;Islam;Western Africa;10;
Bwamu;Burkina Faso;UV;132000;11.65243;-3.17735;Bwamu, Láá Láá;Ethnoreligion;Western Africa;75;
Dogosé;Burkina Faso;UV;51000;10.18993;-4.1493;Dogosé;Islam;Western Africa;10;
Turka;Burkina Faso;UV;78000;10.71141;-4.92082;Turka;Ethnoreligion;Western Africa;10;
Western Karaboro;Burkina Faso;UV;77500;10.6126;-4.8195;Karaboro, Western;Ethnoreligion;Western Africa;10;
Losso;Togo;TO;217000;9.7741;1.1054;Nawdm;Ethnoreligion;Western Africa;10;
Bialaba;Benin;BN;208000;10.7758;1.04245;Biali;Ethnoreligion;Western Africa;75;
Kurumba;Burkina Faso;UV;349000;13.89457;-1.83151;Koromfé;Ethnoreligion;Western Africa;10;
Mbelime;Benin;BN;72500;10.45322;0.95645;Mbelime;Ethnoreligion;Western Africa;75;
Waama;Benin;BN;115000;10.3047;1.3798;Waama;Ethnoreligion;Western Africa;10;
Djimini Senufo;Cote d’Ivoire;IV;193000;8.36279;-4.45627;Sénoufo, Djimini;Islam;Western Africa;10;
Izere;Nigeria;NI;111000;10.1404;9.2816;Izere;Ethnoreligion;Western Africa;75;
Aladian;Cote d’Ivoire;IV;47000;5.22371;-4.42647;Alladian;Christianity;Western Africa;75;
Bedik;Senegal;SG;6300;12.637;-12.414;Ménik;Ethnoreligion;Western Africa;10;
Fulakunda;Senegal;SG;2290000;12.896351;-14.938986;Pulaar;Islam;Western Africa;10;
Akebu;Togo;TO;97500;7.78365;0.77668;Akebu;Ethnoreligion;Western Africa;10;
Bassari;Senegal;SG;22000;12.62937;-12.8191;Oniyan;Ethnoreligion;Western Africa;10;
Wachi;Togo;TO;938000;6.4199;1.6617;Gbe, Waci;Ethnoreligion;Western Africa;10;
Avikam;Cote d’Ivoire;IV;43000;5.15838;-5.2529;Avikam;Christianity;Western Africa;75;
Yungur;Nigeria;NI;211000;9.7869;12.3977;Bena (Nigeria);Ethnoreligion;Western Africa;10;
Edo;Nigeria;NI;2335000;6.40701;5.70426;Edo;Christianity;Western Africa;75;
Borgu Fulbe;Benin;BN;564000;9.63334;3.03776;Fulfulde, Borgu;Islam;Western Africa;10;
Yoruba;Nigeria;NI;47950000;7.368507;3.905166;Yoruba;Christianity;Western Africa;75;
Basa;Nigeria;NI;363000;7.8888;7.0738;Basa;Christianity;Western Africa;75;
Anaang;Nigeria;NI;3285000;4.94832;7.57969;Anaang;Christianity;Western Africa;75;
Adara;Nigeria;NI;148000;9.99696;7.45933;Adara;Ethnoreligion;Western Africa;75;
Igala;Nigeria;NI;1835000;7.34325;7.17974;Igala;Christianity;Western Africa;75;
Eloyi;Nigeria;NI;47000;8.0459;7.8792;Ajiri;Ethnoreligion;Western Africa;75;
Chawai;Nigeria;NI;50000;9.95914;8.48301;Atsam;Christianity;Western Africa;75;
Reshe;Nigeria;NI;110000;10.77046;4.62395;Reshe;Islam;Western Africa;10;
Pongu;Nigeria;NI;55500;10.00029;6.24853;Pangu;Ethnoreligion;Western Africa;10;
Nupe;Nigeria;NI;2025000;9.18404;5.40031;Nupe-Nupe-Tako;Islam;Western Africa;75;
Alege;Nigeria;NI;22000;6.59423;9.00394;Elege;Christianity;Western Africa;75;
Kana;Nigeria;NI;484000;4.6941;7.4255;Khana;Christianity;Western Africa;75;
Ndoro;Nigeria;NI;120000;7.06379;10.49359;Ndoola;Ethnoreligion;Western Africa;75;
Mgbo;Nigeria;NI;262000;6.6639;8.054251;Mgbolizhia;Christianity;Western Africa;75;
Efutop;Nigeria;NI;35500;6.0032;8.6142;Efutop;Christianity;Western Africa;75;
Bette-Bende;Nigeria;NI;179000;6.62037;9.20189;Bete-Bendi;Christianity;Western Africa;75;
Rukuba;Nigeria;NI;178000;10.009;8.703;Kuce;Ethnoreligion;Western Africa;75;
Havu;Congo, Democratic Republic of the;CG;1260000;-1.99975;28.86235;Havu;Christianity;Middle Africa;75;
Bwa;Congo, Democratic Republic of the;CG;493000;2.5957;25.25138;Bwa;Christianity;Middle Africa;10;
Apakabeti;Congo, Democratic Republic of the;CG;60500;3.0494;22.3432;Pagibete;Ethnoreligion;Middle Africa;10;
Budza;Congo, Democratic Republic of the;CG;816000;2.19951;22.61069;Budja;Christianity;Middle Africa;75;
Bushoong;Congo, Democratic Republic of the;CG;344000;-4.8472;21.5649;Bushoong;Christianity;Middle Africa;10;
Hunde;Congo, Democratic Republic of the;CG;796000;-1.46762;28.93083;Hunde;Christianity;Middle Africa;10;
Yansi;Congo, Democratic Republic of the;CG;219000;-4.73;18.6405;Iyansi;Christianity;Middle Africa;75;
Bulia;Congo, Democratic Republic of the;CG;232000;-1.38362;18.09748;Bolia;Christianity;Middle Africa;10;
Plains Bira;Congo, Democratic Republic of the;CG;315000;1.4529;29.8748;Bira;Christianity;Middle Africa;10;
Binji;Congo, Democratic Republic of the;CG;382000;-6.4133;22.0326;Bindji;Christianity;Middle Africa;10;
Boloki;Congo, Democratic Republic of the;CG;8600;0.83463;18.45554;Boloki;Christianity;Middle Africa;10;
Mbede;Congo;CF;124000;-0.44013;14.52759;Mbere;Christianity;Middle Africa;10;
Koguru;Congo, Democratic Republic of the;CG;1100;4.1633;29.1723;Zande;Ethnoreligion;Middle Africa;10;
Azande;Congo, Democratic Republic of the;CG;2280000;3.35017;26.37156;Zande;Christianity;Middle Africa;10;
Luvale;Zambia;ZA;477000;-14.3808;23.2482;Luvale;Ethnoreligion;Eastern Africa;10;
Chewa Nyanja;Malawi;MI;8350000;-13.99341;33.80634;Chichewa;Ethnoreligion;Eastern Africa;75;
Tsaangi;Congo;CF;28000;-2.85267;12.59587;Tsaangi;Christianity;Middle Africa;10;
Luba-Kasai;Congo, Democratic Republic of the;CG;12200000;-5.72717;22.4422;Luba-Kasai;Christianity;Middle Africa;75;
Swaka;Zambia;ZA;128000;-13.6184;29.3901;Lala-Bisa;Ethnoreligion;Eastern Africa;10;
Bisa;Zambia;ZA;255000;-10.9764;30.0879;Lala-Bisa;Ethnoreligion;Eastern Africa;75;
Bongili;Congo;CF;13500;0.37063;16.60787;Bongili;Christianity;Middle Africa;10;
Bakwele;Congo;CF;16000;2.0625;14.1326;Bekwel;Christianity;Middle Africa;75;
Venda;South Africa;SF;1250000;-22.84889;29.92092;Venda;Christianity;Southern Africa;75;
Nzakara;Central African Republic;CT;95000;5.04637;22.70057;Nzakara;Ethnoreligion;Middle Africa;10;
Southern Sotho;Lesotho;LT;1925000;-30.3583;28.24741;Sotho, Southern;Christianity;Southern Africa;10;
Yaka;Central African Republic;CT;28500;3.6515;17.2713;Yaka (Central African Republic);Christianity;Middle Africa;75;
Mandinka;Senegal;SG;1145000;12.62963;-15.78509;Mandinka;Islam;Western Africa;10;
Tennet;South Sudan;OD;12500;4.91107;32.63072;Tennet;Ethnoreligion;Northern Africa;10;
Buta-Ningi;Nigeria;NI;36500;11.076118;9.566928;Hausa;Islam;Western Africa;10;
Massalat;Chad;CD;127000;13.5376;20.989;Arabic, Chadian;Islam;Middle Africa;0;
Mabaan;South Sudan;OD;107000;9.955119;33.713556;Mabaan;Ethnoreligion;Northern Africa;10;
Kong Jula;Cote d’Ivoire;IV;3225000;9.23397;-4.40367;Jula;Islam;Western Africa;10;
Barma;Chad;CD;143000;11.11799;16.4259;Bagirmi;Islam;Middle Africa;10;
Gule;Sudan;SU;40500;11.83364;33.69291;Arabic, Sudanese;Islam;Northern Africa;10;
Maninka;Senegal;SG;666000;13.40021;-12.65594;Maninkakan, Western;Islam;Western Africa;10;
Buduma;Chad;CD;165000;13.37636;14.55587;Buduma;Islam;Middle Africa;10;
Yerwa Kanuri;Nigeria;NI;8580000;12.27421;12.81894;Kanuri, Yerwa;Islam;Western Africa;10;
Piya;Nigeria;NI;11000;9.49387;10.94278;Piya-Kwonci;Christianity;Western Africa;75;
Siamou;Burkina Faso;UV;41000;10.99802;-4.92143;Siamou;Islam;Western Africa;75;
Marka;Burkina Faso;UV;500000;12.01344;-3.41602;Marka;Ethnoreligion;Western Africa;10;
Bassa-Kaduna;Nigeria;NI;42000;9.6327;6.5382;Hausa;Ethnoreligion;Western Africa;10;
Mau;Cote d’Ivoire;IV;445000;8.3548;-7.57109;Mahou;Islam;Western Africa;10;
Koyaka Jula;Cote d’Ivoire;IV;110000;8.29177;-6.23255;Koyaga;Islam;Western Africa;10;
Bakwe;Cote d’Ivoire;IV;20500;5.23123;-6.51077;Bakwé;Christianity;Western Africa;75;
Dendi;Benin;BN;339000;11.66627;3.31524;Dendi (Benin);Islam;Western Africa;10;
Mondari;South Sudan;OD;181000;5.4943;31.5497;Mandari;Christianity;Northern Africa;10;
Lotuho;South Sudan;OD;222000;4.16379;32.6641;Otuho;Ethnoreligion;Northern Africa;10;
Coloureds;South Africa;SF;3095000;-33.91848;18.580429;Afrikaans;Christianity;Southern Africa;75;
Avukaya;South Sudan;OD;59500;4.5963;29.8395;Avokaya;Christianity;Northern Africa;10;
Southern Ndebele;South Africa;SF;873000;-25.299095;28.951731;Ndebele (South Africa);Christianity;Southern Africa;75;
Northeastern Dinka;South Sudan;OD;966000;10.4619;32.5438;Dinka, Northeastern;Ethnoreligion;Northern Africa;75;
South Central Dinka;South Sudan;OD;724000;6.804893;29.671486;Dinka, South Central;Ethnoreligion;Northern Africa;10;
Bediondo Mbai;Chad;CD;192000;8.60006;17.2691;Bedjond;Ethnoreligion;Middle Africa;75;
Kimre;Chad;CD;36500;9.3163;17.0117;Kimré;Christianity;Middle Africa;75;
Creole-Mauritians;Mauritius;MP;276000;-20.143945;57.509884;Morisyen;Christianity;Eastern Africa;75;
Daza;Chad;CD;752000;13.647565;16.479123;Dazaga;Islam;Middle Africa;10;
Angas;Nigeria;NI;772000;9.32042;9.46146;Ngas;Ethnoreligion;Western Africa;75;
Dghwede;Nigeria;NI;84000;11.05751;13.77847;Dghwede;Ethnoreligion;Western Africa;75;
Karekare;Nigeria;NI;428000;11.7109;11.0656;Karekare;Islam;Western Africa;10;
Kilba;Nigeria;NI;495000;10.35439;13.13902;Nya Huba;Ethnoreligion;Western Africa;10;
Goji;Nigeria;NI;26000;9.5832;11.2;Kushi;Ethnoreligion;Western Africa;75;
Hwana;Nigeria;NI;72000;10.3633;12.76825;Hwana;Ethnoreligion;Western Africa;75;
Tangale;Nigeria;NI;323000;9.75444;11.32278;Tangale;Christianity;Western Africa;75;
Marghi Central;Nigeria;NI;277000;10.5498;13.4753;Marghi Central;Islam;Western Africa;75;
Bade;Nigeria;NI;546000;12.78899;10.65567;Bade;Ethnoreligion;Western Africa;10;
Boghom;Nigeria;NI;178000;9.49679;10.11454;Boghom;Ethnoreligion;Western Africa;75;
Zari;Nigeria;NI;40500;9.7244;9.2347;Hausa;Islam;Western Africa;75;
Tal;Nigeria;NI;35500;9.1315;9.4903;Tal;Ethnoreligion;Western Africa;75;
Warji;Nigeria;NI;152000;11.17175;9.56925;Warji;Islam;Western Africa;10;
Southeast Ijaw;Nigeria;NI;230000;4.5362;6.4017;Ijo, Southeast;Christianity;Western Africa;75;
Central-Western Ijaw;Nigeria;NI;2760000;5.17986;5.51702;Izon;Christianity;Western Africa;10;
Amto;Papua New Guinea;PP;550;-4.12165;141.33941;Amto;Ethnoreligion;Melanesia;75;
Bariai;Papua New Guinea;PP;3500;-5.497;148.647;Bariai;Christianity;Melanesia;75;
Bisis;Papua New Guinea;PP;1600;-4.510138;143.077772;Bisis;Ethnoreligion;Melanesia;75;
Langam;Papua New Guinea;PP;850;-4.32557;143.92483;Tok Pisin;Ethnoreligion;Melanesia;75;
Boikin;Papua New Guinea;PP;36500;-3.68297;143.47352;Boikin;Christianity;Melanesia;75;
Baibai;Papua New Guinea;PP;750;-3.42672;141.34536;Baibai;Ethnoreligion;Melanesia;75;
Ainbai;Papua New Guinea;PP;375;-3.09214;141.14867;Tok Pisin;Christianity;Melanesia;75;
Aramba;Papua New Guinea;PP;2000;-8.29593;141.44504;Aramba;Ethnoreligion;Melanesia;75;
Tanga;Papua New Guinea;PP;12000;-4.08824;153.61121;Niwer Mil;Christianity;Melanesia;75;
Angave;Papua New Guinea;PP;4800;-7.19444;145.75421;Ankave;Ethnoreligion;Melanesia;10;
Vitu;Papua New Guinea;PP;24500;-4.69751;149.48864;Vitu;Christianity;Melanesia;75;
Kwale;Papua New Guinea;PP;5600;-9.69571;147.68747;Uare;Christianity;Melanesia;75;
Atemble;Papua New Guinea;PP;125;-5.08137;144.80568;Tok Pisin;Christianity;Melanesia;75;
Simbari;Papua New Guinea;PP;9200;-7.02259;145.60346;Simbari;Christianity;Melanesia;75;
Bohutu;Papua New Guinea;PP;2700;-10.50737;150.17956;Buhutu;Christianity;Melanesia;75;
Agob;Papua New Guinea;PP;5300;-9.08521;142.53159;Agob;Christianity;Melanesia;75;
Uramat;Papua New Guinea;PP;5300;-4.64226;151.95294;Ura (Papua New Guinea);Christianity;Melanesia;75;
Aturu;Papua New Guinea;PP;800;-8.396;143.0209;Makayam;Christianity;Melanesia;75;
Barai;Papua New Guinea;PP;4300;-9.18089;148.16643;Barai;Christianity;Melanesia;75;
Bagwa Zimakani;Papua New Guinea;PP;4300;-7.3701;141.45194;Zimakani;Christianity;Melanesia;75;
Ampale;Papua New Guinea;PP;5200;-7.021455;145.970168;Safeyoka;Christianity;Melanesia;75;
Breri;Papua New Guinea;PP;3300;-4.73271;144.70718;Breri;Christianity;Melanesia;75;
Banaro;Papua New Guinea;PP;6900;-4.56615;144.32888;Waran;Christianity;Melanesia;75;
Biaka;Papua New Guinea;PP;1200;-3.73034;141.27254;Nai;Christianity;Melanesia;75;
Kosena;Papua New Guinea;PP;5900;-6.46414;145.66048;Kosena;Christianity;Melanesia;75;
Gidra;Papua New Guinea;PP;5900;-8.79741;143.06403;Wipi;Christianity;Melanesia;75;
Maraliinan;Papua New Guinea;PP;4100;-6.81404;146.32061;Kodut, Middle;Christianity;Melanesia;75;
Arifama-Miniafia;Papua New Guinea;PP;7500;-9.15565;149.24638;Miniafia Oyan;Christianity;Melanesia;75;
Au;Papua New Guinea;PP;17500;-3.620471;142.170829;Au;Christianity;Melanesia;75;
Bunama;Papua New Guinea;PP;11500;-10.07609;151.06647;Bunama;Christianity;Melanesia;75;
Duke of York Islanders;Papua New Guinea;PP;23500;-4.17306;152.45078;Ramoaaina;Christianity;Melanesia;75;
Graged;Papua New Guinea;PP;15000;-5.18175;145.78079;Gedaged;Christianity;Melanesia;75;
Kunimaipa;Papua New Guinea;PP;26000;-8.0801;146.8616;Kunimaipa;Christianity;Melanesia;75;
Abulas;Papua New Guinea;PP;73500;-3.7801;143.05898;Ambulas;Christianity;Melanesia;75;
Gogodala;Papua New Guinea;PP;28000;-8.08527;142.8741;Gogodala;Christianity;Melanesia;75;
Baining;Papua New Guinea;PP;19000;-4.45258;151.70192;Qaqet;Christianity;Melanesia;75;
Annaberg;Papua New Guinea;PP;17500;-4.85243;144.51119;Rao;Christianity;Melanesia;75;
Bwaidoga;Papua New Guinea;PP;12500;-9.495;150.2968;Bwaidoka;Christianity;Melanesia;75;
Yagwoia;Papua New Guinea;PP;18500;-7.14042;145.85384;Yagwoia;Christianity;Melanesia;75;
Azera;Papua New Guinea;PP;23000;-6.337117;146.237151;Adzera;Christianity;Melanesia;75;
Naho;Papua New Guinea;PP;14000;-5.84161;146.09235;Iyo;Christianity;Melanesia;75;
Tokano;Papua New Guinea;PP;20500;-6.05047;145.29832;Tokano;Christianity;Melanesia;75;
Wantoat;Papua New Guinea;PP;12000;-6.129099;146.470527;Wantoat;Christianity;Melanesia;75;
Medlpa;Papua New Guinea;PP;362000;-5.62644;144.33974;Melpa;Christianity;Melanesia;75;
Yagaria;Papua New Guinea;PP;53000;-6.32432;145.38785;Yagaria;Christianity;Melanesia;75;
Guhu-Samane;Papua New Guinea;PP;28000;-7.99922;147.22844;Guhu-Samane;Christianity;Melanesia;75;
Bimin;Papua New Guinea;PP;4600;-5.228451;142.054378;Bimin;Christianity;Melanesia;75;
Dedua;Papua New Guinea;PP;14000;-6.38206;147.62657;Dedua;Christianity;Melanesia;75;
Huli;Papua New Guinea;PP;264000;-5.97212;142.96326;Huli;Christianity;Melanesia;75;
Oksapmin;Papua New Guinea;PP;22500;-5.245924;142.162634;Oksapmin;Christianity;Melanesia;75;
Baiyer Enga;Papua New Guinea;PP;54000;-5.512478;144.137616;Kyaka;Christianity;Melanesia;75;
Asat;Papua New Guinea;PP;1600;-5.74416;146.53995;Muratayak;Christianity;Melanesia;75;
Awara;Papua New Guinea;PP;3300;-6.16986;146.37187;Awara;Christianity;Melanesia;75;
Faiwol;Papua New Guinea;PP;13500;-5.387214;141.5126;Faiwol;Christianity;Melanesia;75;
Awiyaana;Papua New Guinea;PP;24000;-6.54079;145.75972;Awiyaana;Christianity;Melanesia;75;
Korape;Papua New Guinea;PP;5700;-9.0438;149.2927;Korafe-Yegha;Christianity;Melanesia;75;
Erima;Papua New Guinea;PP;4600;-5.37766;145.71017;Ogea;Christianity;Melanesia;75;
Siane;Papua New Guinea;PP;42000;-6.13188;145.24661;Siane;Christianity;Melanesia;75;
Ipili;Papua New Guinea;PP;56500;-5.42586;143.08884;Ipili;Christianity;Melanesia;75;
Numanggang;Papua New Guinea;PP;4900;-6.39311;146.71937;Numanggang;Christianity;Melanesia;75;
Ono;Papua New Guinea;PP;16000;-6.19223;147.57908;Ono;Christianity;Melanesia;75;
Yate;Papua New Guinea;PP;28000;-6.32311;145.53907;Inoke-Yate;Christianity;Melanesia;75;
Chuave;Papua New Guinea;PP;57500;-6.17824;145.13949;Chuave;Christianity;Melanesia;75;
Kanite;Papua New Guinea;PP;22500;-6.38841;145.55598;Kanite;Christianity;Melanesia;75;
Nii;Papua New Guinea;PP;33500;-5.838801;144.505892;Nii;Christianity;Melanesia;75;
Binumarien;Papua New Guinea;PP;1100;-6.289;146.087;Binumarien;Christianity;Melanesia;75;
Nomane;Papua New Guinea;PP;14000;-6.30218;145.09804;Nomane;Christianity;Melanesia;75;
Awa;Papua New Guinea;PP;4200;-6.65534;145.71416;Awa (Papua New Guinea);Christianity;Melanesia;75;
Waffa;Papua New Guinea;PP;3800;-6.55783;146.08994;Waffa;Christianity;Melanesia;75;
Asaro;Papua New Guinea;PP;89500;-5.92188;145.2539;Dano;Christianity;Melanesia;75;
Agarabi;Papua New Guinea;PP;58500;-6.20604;145.91695;Agarabi;Christianity;Melanesia;75;
Komutu;Papua New Guinea;PP;1600;-6.0177;146.9685;Nukna;Christianity;Melanesia;75;
Sindamon Yau;Papua New Guinea;PP;4600;-6.0536;146.7877;Yau (PNG, Morobe Province);Christianity;Melanesia;75;
Fasu;Papua New Guinea;PP;4200;-6.62687;143.28359;Fasu;Christianity;Melanesia;75;
Sepik Iwam;Papua New Guinea;PP;7400;-4.30928;142.11683;Iwam, Sepik;Christianity;Melanesia;75;
Tanguat;Papua New Guinea;PP;1500;-4.57282;144.92706;Tanguat;Christianity;Melanesia;75;
Iwal;Papua New Guinea;PP;3500;-7.20938;146.98309;Iwal;Christianity;Melanesia;75;
Gamei;Papua New Guinea;PP;4200;-4.08697;144.71548;Mbore;Christianity;Melanesia;75;
Gabadi;Papua New Guinea;PP;4300;-9.02911;146.95409;Abadi;Christianity;Melanesia;75;
Angaatiha;Papua New Guinea;PP;4600;-7.15012;146.35192;Angaataha;Christianity;Melanesia;75;
Yamap;Papua New Guinea;PP;3500;-7.05687;146.81725;Yamap;Christianity;Melanesia;75;
Biangai;Papua New Guinea;PP;4000;-7.33882;146.76483;Biangai;Christianity;Melanesia;75;
Pasismanua;Papua New Guinea;PP;8700;-6.08192;149.69627;Kaulong;Christianity;Melanesia;75;
Munkip;Papua New Guinea;PP;900;-6.47855;146.712192;Tok Pisin;Christianity;Melanesia;75;
Bosavi;Papua New Guinea;PP;6900;-6.45932;142.78806;Kaluli;Christianity;Melanesia;75;
Bahinemo;Papua New Guinea;PP;1400;-4.55527;142.8322;Bahinemo;Christianity;Melanesia;75;
Paswam;Papua New Guinea;PP;1900;-8.51839;142.70984;Bitur;Christianity;Melanesia;75;
Notsi;Papua New Guinea;PP;4000;-3.0557;151.66149;Notsi;Christianity;Melanesia;75;
Bine;Papua New Guinea;PP;3300;-9.1285;142.945;Bine;Christianity;Melanesia;75;
Arufe;Papua New Guinea;PP;5900;-8.620614;141.92119;Nambo;Christianity;Melanesia;75;
Baruya;Papua New Guinea;PP;20000;-6.89261;145.81816;Yipma;Christianity;Melanesia;75;
Sio;Papua New Guinea;PP;10500;-5.96037;147.35333;Sio;Christianity;Melanesia;75;
Wiru;Papua New Guinea;PP;53000;-6.35863;144.21446;Witu;Christianity;Melanesia;75;
Mekeo;Papua New Guinea;PP;22500;-8.537;146.5627;Mekeo;Christianity;Melanesia;75;
Patpatar;Papua New Guinea;PP;17500;-3.74711;152.49294;Patpatar;Christianity;Melanesia;75;
Beami;Papua New Guinea;PP;15000;-6.279596;142.420319;Bedamuni;Christianity;Melanesia;75;
Uaripi;Papua New Guinea;PP;11500;-7.94866;145.73197;Tairuma;Christianity;Melanesia;75;
Duna;Papua New Guinea;PP;31000;-5.41439;142.47498;Duna;Christianity;Melanesia;75;
Ama;Papua New Guinea;PP;1500;-4.20192;141.65793;Sawiyanu;Ethnoreligion;Melanesia;75;
Mengen;Papua New Guinea;PP;15500;-5.4016;151.2707;Mengen;Christianity;Melanesia;75;
Mikarew;Papua New Guinea;PP;23000;-4.28957;144.84163;Aruamu;Christianity;Melanesia;75;
Bouye;Papua New Guinea;PP;2000;-3.683135;141.85652;Pouye;Ethnoreligion;Melanesia;75;
Uvol;Papua New Guinea;PP;11000;-5.954;150.9105;Lote;Christianity;Melanesia;75;
Wahgi;Papua New Guinea;PP;97500;-6.0449;144.6552;Wahgi;Christianity;Melanesia;75;
Godie;Cote d’Ivoire;IV;54000;5.3944;-5.82696;Godié;Ethnoreligion;Western Africa;75;
Guro;Cote d’Ivoire;IV;736000;7.34954;-6.31154;Guro;Ethnoreligion;Western Africa;75;
Didinga;South Sudan;OD;72000;4.08617;33.41269;Didinga;Ethnoreligion;Northern Africa;10;
Kera;Chad;CD;142000;9.7711;15.1124;Kera;Ethnoreligion;Middle Africa;75;
Mona;Cote d’Ivoire;IV;26500;7.8175;-6.0797;Mwan;Ethnoreligion;Western Africa;75;
Black Bobo;Burkina Faso;UV;643000;12.42396;-4.36323;Konabéré;Ethnoreligion;Western Africa;10;
Kaliko-Omi;Congo, Democratic Republic of the;CG;158000;3.1635;30.5781;Omi;Ethnoreligion;Middle Africa;10;
Bongo;South Sudan;OD;16000;7.278167;28.553687;Bongo;Christianity;Northern Africa;10;
Ageer;South Sudan;OD;20000;10.329464;32.35307;Dinka, Northeastern;Islam;Northern Africa;75;
Komo;Sudan;SU;36000;9.715754;34.095358;Komo (Sudan);Islam;Northern Africa;75;
Jur Luo;South Sudan;OD;191000;7.712079;27.991417;Luwo;Christianity;Northern Africa;10;
Ezaa;Nigeria;NI;822000;6.630708;8.060215;Ezaa;Christianity;Western Africa;75;
Alur;Congo, Democratic Republic of the;CG;1430000;2.28824;30.8289;Alur;Christianity;Middle Africa;10;
Bobo Jula;Burkina Faso;UV;629000;11.54087;-4.26497;Bobo Madaré, Southern;Islam;Western Africa;10;
Logo;Congo, Democratic Republic of the;CG;575000;3.0369;29.531;Logo;Christianity;Middle Africa;75;
Seychellese Creole;Seychelles;SE;99000;-4.619597;55.445147;Seychelles French Creole;Christianity;Eastern Africa;75;
Bete;Cote d’Ivoire;IV;324000;6.10051;-5.9701;Bété, Gagnoa;Christianity;Western Africa;10;
Moro;Sudan;SU;84500;10.9541;30.0701;Moro;Islam;Northern Africa;75;
Tima;Sudan;SU;7200;11.71758;29.16324;Arabic, Sudanese;Islam;Northern Africa;10;
Masalit;Sudan;SU;481000;13.19482;22.4547;Masalit;Islam;Northern Africa;10;
Saya;Nigeria;NI;406000;9.69441;9.71748;Saya;Ethnoreligion;Western Africa;75;
Ngamo;Nigeria;NI;129000;11.28756;11.220177;Ngamo;Ethnoreligion;Western Africa;10;
Kyibaku;Nigeria;NI;232000;10.89767;12.90198;Kibaku;Christianity;Western Africa;75;
Bura;Nigeria;NI;565000;10.48224;12.30072;Bura-Pabir;Ethnoreligion;Western Africa;75;
Busa;Nigeria;NI;86000;9.6002;3.9285;Bokobaru;Islam;Western Africa;10;
Ngizim;Nigeria;NI;186000;11.65363;11.09966;Ngizim;Islam;Western Africa;10;
Bachama;Nigeria;NI;338000;9.436968;11.935044;Bacama;Christianity;Western Africa;75;
Fali;Nigeria;NI;36500;10.337787;13.320212;Fali Muchella;Ethnoreligion;Western Africa;75;
Glavda;Nigeria;NI;57000;11.1333;13.7855;Glavda;Islam;Western Africa;75;
Gaanda;Nigeria;NI;95000;10.1478;12.4325;Ga’anda;Ethnoreligion;Western Africa;10;
Sura;Nigeria;NI;188000;9.47205;8.96522;Mwaghavul;Christianity;Western Africa;75;
Ikwo;Nigeria;NI;363000;6.0723;8.171;Ikwo;Christianity;Western Africa;75;
Marghi South;Nigeria;NI;268000;10.2563;13.2785;Marghi South;Christianity;Western Africa;75;
Nzanyi;Nigeria;NI;179000;10.0631;13.18;Nzanyi;Islam;Western Africa;10;
Montol;Nigeria;NI;46000;9.01778;9.65014;Tehl;Ethnoreligion;Western Africa;75;
Yiwom;Nigeria;NI;28500;8.97395;9.78757;Ywom;Ethnoreligion;Western Africa;75;
Igede;Nigeria;NI;513000;6.95522;8.27362;Igede;Christianity;Western Africa;75;
Kulung;Nigeria;NI;55500;9.3492;11.0472;Kulung (Nigeria);Christianity;Western Africa;75;
Wukari Jukun;Nigeria;NI;220000;7.8732;9.7778;Wapan;Ethnoreligion;Western Africa;75;
Mo Egon;Nigeria;NI;302000;8.7127;8.536;Eggon;Ethnoreligion;Western Africa;75;
Kambari;Nigeria;NI;315000;10.487905;5.144847;Tsishingini;Christianity;Western Africa;75;
Utugwang;Nigeria;NI;97000;6.6321;9.0163;Utugwang-Irungene-Afrike;Christianity;Western Africa;75;
Urhobo;Nigeria;NI;1230000;5.31155;5.86148;Urhobo;Christianity;Western Africa;75;
Kuteb;Nigeria;NI;84000;7.18676;9.98393;Kutep;Christianity;Western Africa;75;
Mbula-Bwazza;Nigeria;NI;139000;9.60769;12.24389;Mbula-Bwazza;Ethnoreligion;Western Africa;75;
Ninzam;Nigeria;NI;144000;9.0711;8.355;Ninzo;Islam;Western Africa;75;
Berom;Nigeria;NI;1470000;9.67037;8.81221;Berom;Christianity;Western Africa;75;
Obolo;Nigeria;NI;347000;4.487;7.6114;Obolo;Christianity;Western Africa;75;
Bajju;Nigeria;NI;679000;9.83116;7.97167;Jju;Christianity;Western Africa;75;
Ibibio;Nigeria;NI;6905000;5.15279;7.86688;Ibibio;Christianity;Western Africa;75;
West Gbari;Nigeria;NI;613000;9.5914;6.5296;Gbari;Ethnoreligion;Western Africa;75;
Igbo;Nigeria;NI;34560000;4.62705;7.23441;Igbo;Christianity;Western Africa;75;
Isekiri;Nigeria;NI;1065000;5.81898;5.5862;Isekiri;Christianity;Western Africa;75;
Izi;Nigeria;NI;752000;6.4052;8.2375;Izii;Christianity;Western Africa;75;
Katab;Nigeria;NI;284000;9.846304;8.095209;Tyap;Christianity;Western Africa;75;
Bokyi;Nigeria;NI;307000;6.23842;9.04164;Bokyi;Christianity;Western Africa;75;
Gadi;Nigeria;NI;30500;10.811713;5.368514;Tsuvadi;Ethnoreligion;Western Africa;10;
Etulo;Nigeria;NI;25500;7.302;9.32;Etulo;Ethnoreligion;Western Africa;75;
Ejagham;Nigeria;NI;132000;5.46344;8.66317;Ejagham;Christianity;Western Africa;75;
Vere;Nigeria;NI;208000;8.97375;12.62625;Verre;Ethnoreligion;Western Africa;10;
Efik;Nigeria;NI;2865000;5.1544;8.0285;Efik;Christianity;Western Africa;75;
Yandang;Nigeria;NI;126000;9.0159;12.13961;Yendang;Christianity;Western Africa;75;
Bassar;Togo;TO;222000;9.263494;0.779002;Ntcham;Ethnoreligion;Western Africa;10;
Gouin;Burkina Faso;UV;158000;10.22769;-4.85222;Cerma;Ethnoreligion;Western Africa;10;
Idaca;Benin;BN;218000;7.78428;2.27039;Ede Idaca;Ethnoreligion;Western Africa;10;
Sicite Senufo;Burkina Faso;UV;72000;11.00096;-5.24849;Sénoufo, Sìcìté;Ethnoreligion;Western Africa;10;
Southern Nuna;Burkina Faso;UV;346000;11.51858;-2.14385;Nuni, Southern;Ethnoreligion;Western Africa;10;
Maxi;Benin;BN;445000;7.56896;2.1624;Gbe, Maxi;Ethnoreligion;Western Africa;10;
Eastern Karaboro;Burkina Faso;UV;80500;10.6267;-4.5582;Karaboro, Eastern;Ethnoreligion;Western Africa;10;
Saxwe;Benin;BN;486000;6.58269;1.92015;Gbe, Saxwe;Ethnoreligion;Western Africa;75;
Baule;Cote d’Ivoire;IV;4320000;5.42509;-4.76565;Baoulé;Ethnoreligion;Western Africa;75;
Sissala;Burkina Faso;UV;33500;11.0916;-2.38217;Sissala;Islam;Western Africa;75;
Ebrie;Cote d’Ivoire;IV;183000;5.36868;-4.03188;Tchaman;Christianity;Western Africa;75;
Anyi;Cote d’Ivoire;IV;1350000;6.73065;-3.498692;Anyin;Ethnoreligion;Western Africa;75;
Bembe;Congo, Democratic Republic of the;CG;732000;-4.2998;28.9415;Bembe;Ethnoreligion;Middle Africa;75;
Ngombe;Congo, Democratic Republic of the;CG;797000;2.1598;21.5114;Ngombe (Democratic Republic of the Congo);Christianity;Middle Africa;10;
Mbimu;Central African Republic;CT;45500;3.5155;15.66974;Mpiemo;Christianity;Middle Africa;10;
Mayogo;Congo, Democratic Republic of the;CG;286000;2.79827;27.82816;Mayogo;Christianity;Middle Africa;75;
Sena;Malawi;MI;609000;-16.6183;34.99095;Sena, Malawi;Ethnoreligion;Eastern Africa;75;
Yao;Malawi;MI;1710000;-14.7437;35.381;Yao;Islam;Eastern Africa;10;
Vanuma;Congo, Democratic Republic of the;CG;17000;0.93847;29.81348;Vanuma;Christianity;Middle Africa;10;
South Hema;Congo, Democratic Republic of the;CG;257000;1.04953;30.08722;Hema;Christianity;Middle Africa;75;
Nsenga;Zambia;ZA;1065000;-14.254092;31.330119;Nsenga;Ethnoreligion;Eastern Africa;75;
Lenje;Zambia;ZA;397000;-14.4472;28.4465;Lenje;Ethnoreligion;Eastern Africa;10;
Bokoto;Central African Republic;CT;247000;4.75111;16.67208;Bhogoto;Christianity;Middle Africa;10;
Shi;Congo, Democratic Republic of the;CG;2100000;-2.55777;28.61219;Shi;Christianity;Middle Africa;75;
Lambya;Malawi;MI;82000;-9.695506;33.286736;Lambya;Ethnoreligion;Eastern Africa;75;
Cotabato Manobo;Philippines;RP;43000;6.496341;124.362566;Manobo, Cotabato;Ethnoreligion;South-Eastern Asia;75;
Nara;Papua New Guinea;PP;5300;-8.93195;146.749;Lala;Christianity;Melanesia;75;
Mansaka;Philippines;RP;32000;7.6799;126.3499;Mansaka;Ethnoreligion;South-Eastern Asia;75;
Tagakaulo Kalagan;Philippines;RP;142000;6.45338;125.42625;Tagakolu;Christianity;South-Eastern Asia;75;
Amganad Ifugao;Philippines;RP;53500;16.90155;121.0422;Ifugao, Amganad;Ethnoreligion;South-Eastern Asia;75;
Ayangan Ifugao;Philippines;RP;45500;16.66464;121.11348;Ifugao, Tuwali;Ethnoreligion;South-Eastern Asia;75;
Hanonoo;Philippines;RP;21000;12.41589;121.2212;Hanunoo;Ethnoreligion;South-Eastern Asia;75;
Roviana;Solomon Islands;BP;19000;-8.3201;157.2543;Roviana;Christianity;Melanesia;75;
Makura;Vanuatu;NH;6700;-16.8979;168.56855;Namakura;Christianity;Melanesia;75;
Lubuagan Kalinga;Philippines;RP;42000;17.3498;121.1777;Kalinga, Lubuagan;Christianity;South-Eastern Asia;75;
B'laan Koronadal;Philippines;RP;105000;6.225;125.0627;Blaan, Koronadal;Ethnoreligion;South-Eastern Asia;75;
Lapuyan Subanun;Philippines;RP;118000;7.53449;123.13047;Subanen, Southern;Ethnoreligion;South-Eastern Asia;75;
Suoy;Cambodia;CB;300;11.93601;104.13608;Khmer;Ethnoreligion;South-Eastern Asia;10;
Iu Mien;China;CH;179000;24.42413;110.31542;Iu Mien;Ethnoreligion;Eastern Asia;10;
Lisu;China;CH;833000;25.96462;98.84897;Lisu;Christianity;Eastern Asia;75;
Kachin;Myanmar;BM;1065000;26.19603;96.91646;Jingpho;Christianity;South-Eastern Asia;75;
Algerian Tuareg;Algeria;AG;146000;22.790849;5.520489;Arabic, Algerian Saharan;Islam;Northern Africa;10;
Khang;Vietnam;VM;17000;21.66243;103.73637;Tai Dam;Ethnoreligion;South-Eastern Asia;10;
Kui;Cambodia;CB;37500;13.8155;104.9791;Khmer;Ethnoreligion;South-Eastern Asia;10;
Kara;Papua New Guinea;PP;12500;-2.81957;151.11092;Kara (Papua New Guinea);Christianity;Melanesia;75;
Bola;Papua New Guinea;PP;28500;-5.553976;150.146208;Bola;Christianity;Melanesia;75;
Benabena;Papua New Guinea;PP;113000;-6.09974;145.53446;Benabena;Christianity;Melanesia;75;
Watakataui;Papua New Guinea;PP;850;-4.58965;143.00482;Watakataui;Christianity;Melanesia;75;
Foi;Papua New Guinea;PP;10000;-6.47258;143.49539;Foi;Christianity;Melanesia;75;
Nimo;Papua New Guinea;PP;850;-4.3582;141.57799;Nimo;Christianity;Melanesia;75;
Alamblak;Papua New Guinea;PP;3300;-4.66307;143.31576;Alamblak;Christianity;Melanesia;75;
Gahuku;Papua New Guinea;PP;62500;-6.03901;145.38723;Alekano;Christianity;Melanesia;75;
Bemal;Papua New Guinea;PP;3800;-5.3373;145.48294;Kein;Ethnoreligion;Melanesia;10;
Foran;Papua New Guinea;PP;6800;-5.204128;145.779266;Wagi;Christianity;Melanesia;75;
Miu;Papua New Guinea;PP;850;-5.996;149.584;Miu;Christianity;Melanesia;75;
Wataluma;Papua New Guinea;PP;950;-9.23148;150.25287;Kaninuwa;Christianity;Melanesia;75;
Easter Islanders;Chile;CI;6000;-27.153;-109.429;Rapa Nui;Christianity;South America;75;
Mwanga;Zambia;ZA;209000;-9.3265;32.6797;Nyamwanga;Ethnoreligion;Eastern Africa;10;
Mambwe-Lungu;Zambia;ZA;255000;-9.18622;31.82539;Mambwe-Lungu;Ethnoreligion;Eastern Africa;10;
Bolinao Sambal;Philippines;RP;70000;16.30706;119.8527;Bolinao;Christianity;South-Eastern Asia;75;
Mag-anchi Sambal;Philippines;RP;15500;15.1892;120.5281;Ayta, Mag-antsi;Ethnoreligion;South-Eastern Asia;75;
Ilongot;Philippines;RP;101000;16.2168;121.6073;Bogkalot;Ethnoreligion;South-Eastern Asia;75;
Cook Islands Maori;Cook Islands;CW;12500;-21.222;-159.828;Cook Islands Maori;Christianity;Polynesia;75;
East Gbari;Nigeria;NI;1460000;9.053;7.4116;Gbagyi;Ethnoreligion;Western Africa;10;
Kalanga;Zimbabwe;ZI;277000;-20.3853;27.3417;Kalanga;Ethnoreligion;Eastern Africa;10;
Dupaninan Agta;Philippines;RP;1800;17.37477;122.18812;Agta, Dupaninan;Ethnoreligion;South-Eastern Asia;75;
Panaras;Papua New Guinea;PP;4300;-3.06952;151.53735;Kuot;Christianity;Melanesia;75;
Rocky Peak;Papua New Guinea;PP;1100;-4.180124;141.571728;Yawuno Teneyo;Ethnoreligion;Melanesia;10;
Angaua;Papua New Guinea;PP;5600;-5.04271;144.88584;Nend;Christianity;Melanesia;75;
Kapau;Papua New Guinea;PP;113000;-7.54975;146.22672;Hamtai;Christianity;Melanesia;75;
Usino;Papua New Guinea;PP;4600;-5.49605;145.36115;Sob;Christianity;Melanesia;75;
Big Sepik;Papua New Guinea;PP;18500;-4.30064;143.31566;Iatmul;Christianity;Melanesia;75;
Iteri;Papua New Guinea;PP;1200;-4.070181;141.561416;Yawuno Teneyo;Ethnoreligion;Melanesia;75;
Bau;Papua New Guinea;PP;6700;-5.26465;145.61147;Fulumu;Christianity;Melanesia;75;
Bisorio;Papua New Guinea;PP;550;-4.77763;143.21255;Bisorio;Christianity;Melanesia;75;
Amele;Papua New Guinea;PP;16000;-5.29126;145.68676;Amele;Christianity;Melanesia;75;
Binandere;Papua New Guinea;PP;8300;-8.278108;148.180185;Binandere;Christianity;Melanesia;75;
Emerum;Papua New Guinea;PP;2000;-5.1727;145.02281;Apal;Christianity;Melanesia;75;
Barok;Papua New Guinea;PP;7000;-3.47672;152.19344;Barok;Christianity;Melanesia;75;
Misima-Paneati;Papua New Guinea;PP;28000;-10.68215;152.69631;Misima-Panaeati;Christianity;Melanesia;75;
Kamayo;Philippines;RP;248000;8.10796;126.31393;Kamayo;Christianity;South-Eastern Asia;75;
Ambala Sambal;Philippines;RP;3500;14.81558;120.28339;Ayta, Ambala;Ethnoreligion;South-Eastern Asia;75;
Kaagan Kalagan;Philippines;RP;14000;6.796;125.362;Kalagan, Kagan;Christianity;South-Eastern Asia;75;
Magindanao;Philippines;RP;1380000;6.804542;124.645791;Maguindanaon;Islam;South-Eastern Asia;10;
Alangan;Philippines;RP;11500;13.09821;121.02197;Alangan;Ethnoreligion;South-Eastern Asia;75;
Tadyawan;Philippines;RP;4000;13.184;121.2969;Tadyawan;Ethnoreligion;South-Eastern Asia;75;
Maranao;Philippines;RP;1465000;7.79414;124.17548;Maranao;Islam;South-Eastern Asia;10;
Babuyan Islands Ivatan;Philippines;RP;2000;18.93984;121.90888;Ibatan;Ethnoreligion;South-Eastern Asia;75;
Kalagan;Philippines;RP;52000;6.8126;125.32763;Kalagan;Islam;South-Eastern Asia;10;
Bangi;Congo, Democratic Republic of the;CG;113000;0.10137;17.93841;Bangi;Christianity;Middle Africa;10;
Cabe;Benin;BN;4800;8.8165;2.6091;Ede Cabe;Ethnoreligion;Western Africa;75;
Kongo;Congo, Democratic Republic of the;CG;16700000;-5.26758;14.39675;Koongo;Christianity;Middle Africa;75;
Fon;Benin;BN;3630000;7.178556;2.068912;Fon;Christianity;Western Africa;10;
Busa-Boko;Benin;BN;137000;10.2359;3.46831;Boko (Benin);Ethnoreligion;Western Africa;75;
Bariba;Benin;BN;1235000;9.94229;2.68751;Baatonum;Islam;Western Africa;75;
Goemai;Nigeria;NI;356000;8.6293;9.5147;Goemai;Christianity;Western Africa;10;
Fedicca-Mohas Nubians;Sudan;SU;190000;21.551752;31.008802;Nobiin;Islam;Northern Africa;10;
Amanab;Papua New Guinea;PP;9600;-3.51516;141.17783;Amanab;Christianity;Melanesia;75;
Chrau;Vietnam;VM;27000;10.80208;107.29291;Chrau;Ethnoreligion;South-Eastern Asia;75;
Cua;Vietnam;VM;34000;15.16883;108.43092;Cua;Ethnoreligion;South-Eastern Asia;75;
Yakan;Philippines;RP;213000;6.57677;122.08718;Yakan;Islam;South-Eastern Asia;10;
Ryukyuan;Japan;JA;953000;26.230092;127.723675;Okinawan, Central;Ethnoreligion;Eastern Asia;10;
Haroi;Vietnam;VM;42500;13.22009;108.99547;Haroi;Ethnoreligion;South-Eastern Asia;10;
Halang;Vietnam;VM;16500;14.60822;107.57379;Halang;Ethnoreligion;South-Eastern Asia;75;
Mahra;Yemen;YM;58000;16.215052;52.187605;Mehri;Islam;Western Asia;0;
Dongolese Nubians;Sudan;SU;88000;18.204106;30.735878;Andaandi;Islam;Northern Africa;10;
Socotran;Yemen;YM;78000;12.48924;53.91675;Soqotri;Islam;Western Asia;0;
Baggara Dekakire;Chad;CD;15500;11.1882;17.4627;Arabic, Chadian;Islam;Middle Africa;0;
Mahwa;Chad;CD;16000;11.738467;18.2784;Mawa (Chad);Islam;Middle Africa;10;
Kurdistani Jews;Israel;IS;13000;31.7713;35.2209;Lishana Deni;Judaism;Western Asia;0;
Hunganna;Congo, Democratic Republic of the;CG;850;-4.299;18.464;Hungana;Christianity;Middle Africa;75;
Dajishan Qiang;China;CH;16000;31.55544;103.320334;Qiang, Southern;Ethnoreligion;Eastern Asia;10;
Gwamhi-Wuri;Nigeria;NI;28500;11.8081;5.07897;Hausa;Ethnoreligion;Western Africa;10;
Caucasian Mountain Jews;Russian Federation;RS;11500;42.1136;47.85;Judeo-Tat;Judaism;Eastern Europe;10;
Duano;Malaysia;MY;4200;1.679179;103.150424;Malay;Islam;South-Eastern Asia;10;
Yahudic;Israel;IS;137000;31.8704;34.89732;Arabic, Judeo-Iraqi;Judaism;Western Asia;10;
Mahra;Oman;MU;108000;18.17429;55.24469;Mehri;Islam;Western Asia;10;
Assyrians;Netherlands;NL;21000;52.364427;4.85508;Turoyo;Christianity;Western Europe;0;
Assyrians;Sweden;SW;144000;59.177819;17.649988;Assyrian Neo-Aramaic;Christianity;Northern Europe;0;
Assyrians;Syria;SY;49500;36.5199;40.75754;Assyrian Neo-Aramaic;Ethnoreligion;Western Asia;10;
Chaldeans;Syria;SY;12000;37.0061;41.9513;Chaldean Neo-Aramaic;Ethnoreligion;Western Asia;0;
Assyrians;Kuwait;KU;8500;29.324095;47.974764;Turoyo;Ethnoreligion;Western Asia;10;
Jibbali;Oman;MU;48000;17.29154;53.99526;Shehri;Islam;Western Asia;0;
Harasi;Oman;MU;600;19.6511;56.15619;Harsusi;Islam;Western Asia;0;
Moroccan Jews;Morocco;MO;2200;33.559681;-7.640136;Arabic, Judeo-Moroccan;Judaism;Northern Africa;0;
Burji;Kenya;KE;31000;3.46025;39.07748;Burji;Islam;Eastern Africa;0;
Assyrians;Lebanon;LE;32000;33.877037;35.526541;Assyrian Neo-Aramaic;Ethnoreligion;Western Asia;0;
Tagale;Sudan;SU;135000;12.0637;31.2614;Tegali;Islam;Northern Africa;0;
Fungor;Sudan;SU;8000;10.5352;31.5667;Ko;Islam;Northern Africa;0;
Murle;Ethiopia;ET;2400;6.78183;35.44887;Murle;Ethnoreligion;Eastern Africa;10;
Fur;Chad;CD;7200;11.31789;22.56115;Fur;Islam;Middle Africa;0;
Adi;China;CH;1400;29.249612;95.171824;Adi;Ethnoreligion;Eastern Asia;0;
Doms;Libya;LY;43500;32.8621;13.1393;Domari;Islam;Northern Africa;0;
Caucasian Mountain Jews;Israel;IS;86500;31.7598;35.2091;Judeo-Tat;Judaism;Western Asia;10;
Uduk;Ethiopia;ET;30500;8.25299;34.43319;Uduk;Ethnoreligion;Eastern Africa;10;
Doms;Syria;SY;42000;33.5467;36.3354;Domari;Islam;Western Asia;0;
O'du;Laos;LA;375;19.279;103.654;O’du;Ethnoreligion;South-Eastern Asia;0;
Manmet;China;CH;1700;22.1039;100.8617;Man Met;Buddhism;Eastern Asia;0;
Angku;China;CH;9200;21.9146;100.8305;Kon Keu;Buddhism;Eastern Asia;0;
Hu;China;CH;1900;22.021192;100.861998;Hu;Buddhism;Eastern Asia;0;
Salang;Laos;LA;1000;14.731;107.416;Halang;Ethnoreligion;South-Eastern Asia;0;
Nguon;Laos;LA;2300;17.89474;105.487752;Nguôn;Ethnoreligion;South-Eastern Asia;0;
Puman;China;CH;18500;23.482;99.785;U;Buddhism;Eastern Asia;0;
Kong Ge;China;CH;1800;22.088843;100.881348;Kon Keu;Ethnoreligion;Eastern Asia;0;
Ben;China;CH;1500;23.766281;99.133905;Mang;Ethnoreligion;Eastern Asia;10;
Sinte Romani;Croatia;HR;17000;45.765406;15.994077;Romani, Sinte;Unaffiliated;Southern Europe;10;
Doms;Israel;IS;14500;31.77501;35.21809;Domari;Islam;Western Asia;0;
Kotoko-Logone;Chad;CD;38500;11.566;15.2033;Lagwan;Islam;Middle Africa;10;
Akrukay;Papua New Guinea;PP;550;-4.894;144.835;Chini;Christianity;Melanesia;0;
Hobyot;Yemen;YM;550;17.174614;52.702407;Hobyót;Islam;Western Asia;0;
Benkonjo;Central African Republic;CT;2300;3.191;16.118;Ukhwejo;Christianity;Middle Africa;10;
Yoy;Laos;LA;1800;17.53937;105.57354;Yoy;Ethnoreligion;South-Eastern Asia;0;
Lati;China;CH;2900;22.8469;104.394;Lachi;Ethnoreligion;Eastern Asia;0;
Yerong;China;CH;750;23.3786;105.972;Yerong;Ethnoreligion;Eastern Asia;0;
Runga;Chad;CD;68500;10.51127;21.20573;Runga;Ethnoreligion;Middle Africa;10;
Nubi;Kenya;KE;22000;-1.3181;36.8448;Nubi;Islam;Eastern Africa;10;
Malays;Sri Lanka;CE;72500;6.901139;79.870097;Sri Lankan Malay Creole;Islam;Southern Asia;0;
Yoron;Japan;JA;7400;27.04068;128.4281;Yoron;Ethnoreligion;Eastern Asia;0;
Striped Karen;Myanmar;BM;13500;20.08332;97.91665;Riang Lai;Ethnoreligion;South-Eastern Asia;10;
Bepour;Papua New Guinea;PP;175;-4.5985;145.44168;Bepour;Christianity;Melanesia;75;
Shwai;Sudan;SU;8800;11.1877;30.304;Shwai;Islam;Northern Africa;10;
Yey;Papua New Guinea;PP;2200;-8.0293;141.1375;Yei;Christianity;Melanesia;75;
Ngongo;Congo, Democratic Republic of the;CG;315000;-2.97086;21.267294;Ngongo;Christianity;Middle Africa;10;
Toku-no-shima;Japan;JA;37500;27.77365;128.96117;Toku-No-Shima;Ethnoreligion;Eastern Asia;0;
Syrian Aramaic;Syria;SY;27500;37.185;42.134;Turoyo;Christianity;Western Asia;10;
Chong;Cambodia;CB;1200;11.7048;103.6115;Chong;Ethnoreligion;South-Eastern Asia;10;
Bagupi;Papua New Guinea;PP;225;-5.07778;145.6322;Bagupi;Christianity;Melanesia;75;
Vlax Romani;Pakistan;PK;24000;31.628248;74.286205;Romani, Vlax;Islam;Southern Asia;0;
Assyrians;Australia;AS;40000;-33.882135;151.072065;Assyrian Neo-Aramaic;Christianity;Australia and New Zealand;75;
Lati;Vietnam;VM;13000;22.80149;104.85041;Lachi;Ethnoreligion;South-Eastern Asia;0;
Catalonians;Argentina;AR;232000;-34.912661;-58.256038;Catalan;Christianity;South America;0;
Labu;Papua New Guinea;PP;4700;-6.763;146.953;Labu;Christianity;Melanesia;75;
Murisapa;Papua New Guinea;PP;700;-4.57497;144.98806;Moresada;Christianity;Melanesia;75;
Doura;Papua New Guinea;PP;3200;-9.10008;146.98836;Toura (Papua New Guinea);Christianity;Melanesia;75;
Kwato;Papua New Guinea;PP;2700;-5.53799;145.62866;Waube;Christianity;Melanesia;75;
Nakama;Papua New Guinea;PP;3500;-6.404108;146.803623;Nakame;Christianity;Melanesia;75;
Taulil-Butam;Papua New Guinea;PP;3200;-4.44425;152.09499;Tulil;Christianity;Melanesia;75;
Roinji;Papua New Guinea;PP;950;-5.80782;146.73058;Uma (Papua New Guinea);Christianity;Melanesia;75;
Aion;Papua New Guinea;PP;4300;-4.23181;144.28479;Ambakich;Christianity;Melanesia;75;
Duduela;Papua New Guinea;PP;1600;-5.43119;145.64193;Uyajitaya;Christianity;Melanesia;75;
Kolom;Papua New Guinea;PP;1000;-5.57832;146.21223;Migum;Christianity;Melanesia;75;
Nekgini;Papua New Guinea;PP;1500;-5.64364;146.25283;Nekgini;Christianity;Melanesia;75;
Asas;Papua New Guinea;PP;1200;-5.69345;145.54869;Kou;Christianity;Melanesia;75;
Aruop;Papua New Guinea;PP;2100;-3.445143;142.495859;Aruop;Christianity;Melanesia;75;
Wab;Papua New Guinea;PP;550;-5.61216;146.46132;Yote;Christianity;Melanesia;75;
Burui;Papua New Guinea;PP;550;-4.03527;143.01497;Burui;Christianity;Melanesia;75;
Bitara;Papua New Guinea;PP;750;-4.41689;142.46278;Berinomo;Christianity;Melanesia;75;
Aiku;Papua New Guinea;PP;2500;-3.529642;142.504209;Yangum Mon;Christianity;Melanesia;75;
Awun;Papua New Guinea;PP;800;-3.79671;141.99886;Awun;Ethnoreligion;Melanesia;75;
Yahang;Papua New Guinea;PP;2800;-3.73035;142.40006;Yahang;Christianity;Melanesia;75;
Aregerek;Papua New Guinea;PP;2400;-4.70258;145.4131;Hember Avu;Christianity;Melanesia;75;
Kanum;Papua New Guinea;PP;550;-8.6243;141.0797;Kanum, Ngkâlmpw;Ethnoreligion;Melanesia;75;
Alatil;Papua New Guinea;PP;425;-3.46843;142.53207;Mol;Christianity;Melanesia;75;
Bungain;Papua New Guinea;PP;7300;-3.69674;143.79638;Bungain;Christianity;Melanesia;75;
Biyom;Papua New Guinea;PP;1400;-5.79929;145.34793;Biyom;Christianity;Melanesia;75;
Bongu;Papua New Guinea;PP;1900;-5.50519;145.80561;Bongu;Christianity;Melanesia;75;
Bilbil;Papua New Guinea;PP;2600;-5.26505;145.76404;Bilbil;Christianity;Melanesia;75;
Ak;Papua New Guinea;PP;275;-3.594;141.772;Muno;Ethnoreligion;Melanesia;75;
Budibud;Papua New Guinea;PP;700;-9.29802;153.68914;Budibud;Christianity;Melanesia;75;
Wagawaga;Papua New Guinea;PP;1200;-10.412084;150.413041;Wagawaga;Christianity;Melanesia;75;
Teso;Kenya;KE;478000;0.56497;34.26066;Ateso;Christianity;Eastern Africa;75;
Kalanga;Botswana;BC;212000;-21.14806;26.85063;Kalanga;Ethnoreligion;Southern Africa;10;
Vlax Romani;Argentina;AR;61000;-34.728858;-58.392313;Romani, Vlax;Christianity;South America;75;
Southern Amami-Oshima;Japan;JA;16000;28.1955;129.28521;Amami-Oshima, Southern;Ethnoreligion;Eastern Asia;10;
Atwot;South Sudan;OD;86000;6.379322;30.670303;Reel;Ethnoreligion;Northern Africa;10;
Southern Atta;Philippines;RP;850;17.9039;121.3938;Atta, Faire;Ethnoreligion;South-Eastern Asia;75;
Bibling;Papua New Guinea;PP;2600;-5.55778;148.68005;Amara;Christianity;Melanesia;75;
Surubu;Nigeria;NI;3800;10.22536;8.27136;Vori;Christianity;Western Africa;75;
Tamil Hindu;Thailand;TH;35000;13.825073;100.566432;Tamil;Hinduism;South-Eastern Asia;75;
Kaba;Chad;CD;22000;7.84865;16.6947;Kabba;Ethnoreligion;Middle Africa;75;
Yao;Mozambique;MZ;656000;-13.5104869549;35.5989354904;Yao;Islam;Eastern Africa;10;
Lokoya;South Sudan;OD;63000;4.548;32.224;Lokoya;Ethnoreligion;Northern Africa;10;
Sansu;China;CH;18500;23.578959;102.245376;Hlersu;Ethnoreligion;Eastern Asia;75;
Sembakung Murut;Malaysia;MY;10000;4.39;116.456;Murut, Sembakung;Ethnoreligion;South-Eastern Asia;75;
Drung;Myanmar;BM;400;28.1209;97.6917;Drung;Ethnoreligion;South-Eastern Asia;75;
Hongjin Tai;China;CH;209000;25.9608;102.1027;Tai Hongjin;Ethnoreligion;Eastern Asia;0;
Northern Amami-Oshima;Japan;JA;73500;28.20991;129.45346;Amami-Oshima, Northern;Ethnoreligion;Eastern Asia;10;
Selungai Murut;Malaysia;MY;550;4.43777;116.41825;Murut, Selungai;Ethnoreligion;South-Eastern Asia;75;
Small Nambas;Vanuatu;NH;1400;-16.43387;167.56572;Letemboi;Ethnoreligion;Melanesia;75;
Wa;China;CH;367000;23.11041;99.70727;Wa, Parauk;Ethnoreligion;Eastern Asia;10;
Jino;China;CH;24000;22.054111;101.087108;Jinuo, Youle;Ethnoreligion;Eastern Asia;0;
Orang Seletar;Singapore;SN;1200;1.3913;103.8993;Orang Seletar;Ethnoreligion;South-Eastern Asia;75;
Kikai;Japan;JA;12500;28.3202;129.9405;Kikai;Ethnoreligion;Eastern Asia;10;
Buraka;Central African Republic;CT;3900;4.45121;20.73737;Buraka;Ethnoreligion;Middle Africa;75;
Drung;China;CH;18000;27.8633;98.3447;Drung;Ethnoreligion;Eastern Asia;75;
Bataan Sambal;Philippines;RP;2600;14.4374;120.4865;Ayta, Magbukun;Ethnoreligion;South-Eastern Asia;75;
Eritreans;United Kingdom;UK;21500;51.358321;-0.203001;Tigré;Islam;Northern Europe;10;
Saotomense;Sao Tome and Principe;TP;212000;0.329767;6.729689;Sãotomense;Christianity;Middle Africa;10;
Bohuai;Papua New Guinea;PP;4700;-2.18725;147.020897;Tulu-Bohuai;Christianity;Melanesia;75;
Angolar;Sao Tome and Principe;TP;8500;0.11438;6.59486;Angolar;Christianity;Middle Africa;75;
Kucong;China;CH;51500;23.4549;101.6764;Kucong;Buddhism;Eastern Asia;0;
Katla;Sudan;SU;34500;11.846498;29.304951;Katla;Islam;Northern Africa;10;
Principense Mestico;Sao Tome and Principe;TP;9100;1.6485;7.4129;Portuguese;Christianity;Middle Africa;10;
Turks;France;FR;393000;48.859648;2.78511;Turkish;Islam;Western Europe;10;
Aunalei;Papua New Guinea;PP;1100;-3.38127;141.80584;One, Molmo;Christianity;Melanesia;75;
Bawm;Bangladesh;BG;13000;22.043367;92.406891;Chin, Bawm;Christianity;Southern Asia;75;
Penrhyn;Cook Islands;CW;350;-8.979;-158.054;Penrhyn;Christianity;Polynesia;75;
Aguna;Benin;BN;10000;7.49256;1.74452;Aguna;Ethnoreligion;Western Africa;75;
Begbere;Nigeria;NI;171000;9.40519;7.59566;Koro Wachi;Ethnoreligion;Western Africa;75;
Barambu;Congo, Democratic Republic of the;CG;76500;3.34642;26.86102;Barambu;Christianity;Middle Africa;10;
Bomitaba;Congo;CF;19500;1.70044;17.37329;Bomitaba;Christianity;Middle Africa;10;
Akwa;Congo;CF;49500;-0.0049;15.6174;Akwa;Ethnoreligion;Middle Africa;10;
Bwile;Zambia;ZA;64500;-8.5047;29.0433;Bwile;Christianity;Eastern Africa;10;
Bombongo;Congo, Democratic Republic of the;CG;8500;2.0856;18.5091;Bomboli;Ethnoreligion;Middle Africa;10;
Congolese;Belgium;BE;15500;50.836224;4.364774;Lingala;Christianity;Western Europe;75;
Mama;Nigeria;NI;72000;9.067;8.6834;Mama;Ethnoreligion;Western Africa;75;
Bolondo;Congo, Democratic Republic of the;CG;11000;2.546;19.679;Bolondo;Christianity;Middle Africa;10;
Bakpinka;Nigeria;NI;5400;5.2402;8.2266;Iyongiyong;Christianity;Western Africa;75;
Tiefo;Burkina Faso;UV;26500;10.816667;-4.54997;Tiéfo;Ethnoreligion;Western Africa;10;
Pana;Mali;ML;9000;13.48379;-3.40016;Pana (Burkina Faso);Ethnoreligion;Western Africa;0;
Dibo;Nigeria;NI;255000;9.0611;6.3731;Dibo;Islam;Western Africa;10;
Batanga;Equatorial Guinea;EK;27500;1.45761;9.57773;Batanga;Christianity;Middle Africa;75;
Seke;Equatorial Guinea;EK;46000;2.12326;9.97856;Seki;Christianity;Middle Africa;75;
Komono;Burkina Faso;UV;7700;9.76136;-4.33189;Khisa;Islam;Western Africa;0;
Seki;Gabon;GB;7400;0.9943;9.5805;Seki;Christianity;Middle Africa;75;
Hima;Tanzania;TZ;14000;-1.1478;30.6573;Nyankore;Christianity;Eastern Africa;75;
Ake;Nigeria;NI;4300;8.59543;8.75768;Akye;Ethnoreligion;Western Africa;10;
Bainouk;Gambia;GA;3000;13.2466;-15.8369;Bainouk-Gunyaamolo;Islam;Western Africa;0;
Bangi;Congo;CF;124000;-1.2161;16.7913;Bangi;Christianity;Middle Africa;0;
Barama;Gabon;GB;12500;-2.49659;10.6777;Barama;Christianity;Middle Africa;0;
Bwile;Congo, Democratic Republic of the;CG;26500;-8.3894;28.9432;Bwile;Christianity;Middle Africa;0;
Khe;Burkina Faso;UV;4100;9.79704;-4.24384;Khe;Islam;Western Africa;0;
Indo-Caribbean;Netherlands;NL;193000;51.918812;4.469827;Hindustani, Sarnami;Hinduism;Western Europe;10;
Central Koma;Ethiopia;ET;1800;8.713711;34.239029;Komo (Sudan);Ethnoreligion;Eastern Africa;0;
Sierra Leoneans;United Kingdom;UK;18500;52.545717;-1.869483;Krio;Christianity;Northern Europe;0;
Maninka;Mali;ML;756000;12.8365;-11.2382;Maninkakan, Western;Islam;Western Africa;10;
Torom;Chad;CD;20500;11.20271;19.52541;Toram;Islam;Middle Africa;0;
Bube;Equatorial Guinea;EK;113000;3.637091;8.637439;Bube;Christianity;Middle Africa;75;
Shanga;Nigeria;NI;29000;11.2141;4.5798;Shanga;Islam;Western Africa;0;
Aklano;Philippines;RP;658000;11.7111;122.2784;Aklanon;Christianity;South-Eastern Asia;75;
Minduumo;Gabon;GB;8600;-1.636;13.6288;Ndumu;Ethnoreligion;Middle Africa;0;
Mokoulou;Chad;CD;40500;11.8711;18.2042;Mukulu;Ethnoreligion;Middle Africa;0;
Western Fulani;Niger;NG;926000;13.508869;2.131471;Fulfulde, Western Niger;Islam;Western Africa;10;
Gwa;Nigeria;NI;3800;10.30688;9.11434;Gwa;Islam;Western Africa;0;
Eurafricans;Zambia;ZA;20000;-15.3911;28.2738;Bemba;Ethnoreligion;Eastern Africa;10;
Ngok-Sobot;South Sudan;OD;25500;10.453129;32.21025;Dinka, Northeastern;Ethnoreligion;Northern Africa;10;
Sama;Angola;AO;71500;-10.3556;13.6242;Kimbundu;Ethnoreligion;Middle Africa;10;
Gok;South Sudan;OD;40000;7.0148;29.2497;Dinka, South Central;Islam;Northern Africa;10;
Xegwi;South Africa;SF;300;-26.279633;30.214167;Afrikaans;Ethnoreligion;Southern Africa;10;
Mangbele;Congo, Democratic Republic of the;CG;21000;2.759074;27.625703;Mayogo;Christianity;Middle Africa;75;
Kwanga;Zambia;ZA;85000;-15.4817;23.6535;Luyana;Ethnoreligion;Eastern Africa;10;
Tirio;Papua New Guinea;PP;1900;-8.449839;142.554191;Makayam;Ethnoreligion;Melanesia;75;
South Central Banda;Central African Republic;CT;284000;4.47527;21.70892;Banda, South Central;Christianity;Middle Africa;10;
Zanofil;Papua New Guinea;PP;1700;-5.677926;141.026807;Yongkom;Christianity;Melanesia;75;
Kwandi;Zambia;ZA;42500;-16.1869;23.3542;Luyana;Ethnoreligion;Eastern Africa;10;
Central Sama;Philippines;RP;142000;5.25668;120.12901;Sama, Central;Islam;South-Eastern Asia;10;
Omati;Papua New Guinea;PP;750;-7.39808;144.00492;Mouwase;Christianity;Melanesia;75;
Lungu;Zambia;ZA;287000;-8.84628;31.37446;Mambwe-Lungu;Ethnoreligion;Eastern Africa;10;
Nembi;Papua New Guinea;PP;49500;-6.278241;143.604242;Angal Enen;Christianity;Melanesia;75;
Yambiyambi;Papua New Guinea;PP;1200;-4.420418;143.062944;Bisis;Ethnoreligion;Melanesia;75;
Latoma;Papua New Guinea;PP;375;-4.728836;143.245938;Alamblak;Ethnoreligion;Melanesia;75;
Edawapi;Papua New Guinea;PP;14000;-3.774351;141.77341;Namia;Christianity;Melanesia;75;
Lewaea-Dewara;Papua New Guinea;PP;1200;-8.3385;142.7791;Makayam;Christianity;Melanesia;75;
Kagoro;Nigeria;NI;37500;9.614816;8.392649;Tyap;Christianity;Western Africa;75;
Makarim;Papua New Guinea;PP;3700;-3.720514;142.328423;Beli (Papua New Guinea);Christianity;Melanesia;75;
Northern Akoko;Nigeria;NI;136000;7.637611;5.762092;Arigidi;Ethnoreligion;Western Africa;75;
Somyewe;Nigeria;NI;30;6.902;11.395;Mambila, Nigeria;Islam;Western Africa;10;
Ilois;Mauritius;MP;2200;-20.221151;57.459237;Morisyen;Hinduism;Eastern Africa;10;
Dukawa;Nigeria;NI;206000;11.1043;5.2594;ut-Hun;Ethnoreligion;Western Africa;10;
Gyanzi;Nigeria;NI;5800;10.339;9.626;Gyaazi;Ethnoreligion;Western Africa;75;
Merina;Madagascar;MA;4000000;-18.917124;47.5314;Malagasy, Merina;Christianity;Eastern Africa;75;
Fas;Papua New Guinea;PP;5600;-3.243783;141.592684;Momu;Ethnoreligion;Melanesia;75;
Dongolese Nubians;Egypt;EG;50000;24.483508;32.942702;Mattokki;Islam;Northern Africa;10;
Cung;Cameroon;CM;3900;6.59687;10.41045;Chung (Cameroon);Islam;Middle Africa;0;
Dulbu;Nigeria;NI;300;10.2236;9.888;Hausa;Islam;Western Africa;0;
Papitalai;Papua New Guinea;PP;2000;-2.06222;147.41695;Koro (Papua New Guinea);Christianity;Melanesia;75;
Ngungwoni;Congo;CF;10500;-3.013692;14.478722;Teke-Nzikou;Christianity;Middle Africa;10;
Kele;Congo;CF;53000;-1.927197;12.669077;Kélé;Christianity;Middle Africa;10;
Saotomense;Equatorial Guinea;EK;13500;3.7428;8.7751;Sãotomense;Christianity;Middle Africa;10;
Hakoa;Papua New Guinea;PP;20500;-5.053586;154.645778;Hakö;Christianity;Melanesia;75;
Kenzi Nubians;Sudan;SU;61500;19.181255;30.471429;Mattokki;Islam;Northern Africa;10;
Ditaylin Dumagat;Philippines;RP;425;15.6913;121.45394;Alta, Northern;Ethnoreligion;South-Eastern Asia;75;
Dgik;Sudan;SU;71500;10.69553;29.995104;Dagik;Islam;Northern Africa;75;
Miriam;Papua New Guinea;PP;700;-9.13157;143.205902;Meriam Mir;Christianity;Melanesia;75;
Tulu;Papua New Guinea;PP;3300;-1.971259;146.805096;Tulu-Bohuai;Christianity;Melanesia;75;
Karangi;Papua New Guinea;PP;475;-5.98588;147.13733;Weliki;Christianity;Melanesia;75;
Loko;Guinea;GV;900;9.338498;-12.855161;Loko;Ethnoreligion;Western Africa;75;
Urdu;United Kingdom;UK;1220000;51.590935;-0.297037;Urdu;Islam;Northern Europe;10;
Hindi;Germany;GM;113000;48.1104;11.601129;Hindi;Hinduism;Western Europe;10;
Ewe;Liberia;LI;29000;6.294211;-10.779388;Éwé;Christianity;Western Africa;75;
Sindhi;United Kingdom;UK;29000;51.390491;-0.248782;Sindhi;Islam;Northern Europe;10;
Sierra Leoneans;Netherlands;NL;900;52.336036;4.955788;Krio;Christianity;Western Europe;75;
Eurafricans;Ghana;GH;69500;5.627;-0.115;English;Christianity;Western Africa;75;
Songhai;Niger;NG;1425000;13.519706;2.118943;Songhay, Koyraboro Senni;Ethnoreligion;Western Africa;10;
Toussian;Togo;TO;31000;6.165032;1.271127;Toussian, Southern;Ethnoreligion;Western Africa;0;
Fulfulde Adamawa;Ghana;GH;75500;8.052222;-1.734722;Fulfulde, Adamawa;Islam;Western Africa;10;
Sri Lankan Tamil;United Kingdom;UK;74500;51.526595;0.149633;Tamil;Hinduism;Northern Europe;75;
Fulakunda;Guinea-Bissau;PU;554000;12.23638;-14.28176;Pulaar;Islam;Western Africa;10;
Lugbara;South Sudan;OD;55500;3.750853;31.382796;Aringa;Ethnoreligion;Northern Africa;10;
Obanliku;Cameroon;CM;30500;6.402811;9.472297;Abanglekuo;Christianity;Middle Africa;75;
Chavacano;Malaysia;MY;1000;4.4767;118.597;Chavacano;Christianity;South-Eastern Asia;75;
Laamang;Cameroon;CM;28500;11.104424;13.870753;Lamang;Ethnoreligion;Middle Africa;10;
Maninka;Burkina Faso;UV;190000;12.3441;-1.5416;Maninkakan, Western;Islam;Western Africa;10;
Khumi Chin;Bangladesh;BG;2800;21.59814;92.568773;Chin, Khumi;Christianity;Southern Asia;75;
Afrikaners;Lesotho;LT;2500;-29.304559;27.480047;Afrikaans;Christianity;Southern Africa;75;
Yanta;Papua New Guinea;PP;8700;-6.902796;146.604718;Gorakor;Christianity;Melanesia;75;
Karaboro Senufo;Togo;TO;55000;6.148404;1.229038;Karaboro, Eastern;Ethnoreligion;Western Africa;10;
Assyrians;Germany;GM;70000;50.079459;8.231612;Assyrian Neo-Aramaic;Christianity;Western Europe;75;
Kombe;Cameroon;CM;4500;2.945192;9.921543;Kombe;Christianity;Middle Africa;75;
Jing;China;CH;29500;21.577774;108.126828;Vietnamese;Ethnoreligion;Eastern Asia;0;
Shendu;Bangladesh;BG;2000;22.18949;92.56042;Shendu;Ethnoreligion;Southern Asia;75;
Maramba;Papua New Guinea;PP;1100;-4.23908;143.73489;Angoram;Ethnoreligion;Melanesia;75;
Tamberma;Togo;TO;47500;10.1448;1.0783;Ditammari;Ethnoreligion;Western Africa;10;
Portuguese Jews;Netherlands;NL;31000;52.362024;4.902662;Portuguese;Judaism;Western Europe;0;
Black Karen;Thailand;TH;850;19.74208;98.06566;Pa’o;Ethnoreligion;South-Eastern Asia;75;
Malayali;Maldives;MV;900;4.177232;73.510904;Malayalam;Islam;Southern Asia;75;
Arabs;South Africa;SF;15500;-26.14202;27.966954;Arabic, Standard;Islam;Southern Africa;75;
Franco-Mauritians;Mauritius;MP;72500;-20.172;57.51;French;Christianity;Eastern Africa;75;
Moru;Congo, Democratic Republic of the;CG;21000;3.87062;30.206745;Moru;Christianity;Middle Africa;10;
Gabutamon;Papua New Guinea;PP;700;-5.8075;146.62066;Domung;Ethnoreligion;Melanesia;75;
Eastern Punjabi;United Kingdom;UK;815000;54.563436;-1.227517;Punjabi, Eastern;Sikhism;Northern Europe;10;
Anglo-Australians;Singapore;SN;3000;1.287463;103.821613;English;Unaffiliated;South-Eastern Asia;75;
Iraqi Arabs;Jordan;JO;1575000;32.0672;36.091261;Arabic, Levantine;Islam;Western Asia;10;
Ngala;Congo;CF;62000;-4.263428;15.25303;Bangala;Christianity;Middle Africa;10;
Tamil;Kuwait;KU;4700;29.31641;47.93668;Tamil;Islam;Western Asia;10;
Bamburo;Nigeria;NI;23000;10.446;9.2457;Lame;Islam;Western Africa;10;
Urdu;Iraq;IZ;4500;33.310909;44.477734;Urdu;Islam;Western Asia;10;
Tamil;Maldives;MV;850;4.175933;73.514042;Tamil;Islam;Southern Asia;75;
Yawa;Papua New Guinea;PP;850;-3.905853;142.211196;Kalou;Christianity;Melanesia;75;
Giay;Vietnam;VM;55000;22.289393;104.146365;Bouyei;Ethnoreligion;South-Eastern Asia;10;
Italians;Slovenia;SI;2300;45.4855;13.67249;Italian;Christianity;Southern Europe;10;
Tamil;Qatar;QA;28500;25.345308;51.503567;Tamil;Islam;Western Asia;10;
Vlax Romani;South Africa;SF;18500;-26.016953;28.216275;Romani, Vlax;Ethnoreligion;Southern Africa;10;
Ngbandi;Central African Republic;CT;750;4.3221;21.1868;Ngbandi, Northern;Ethnoreligion;Middle Africa;75;
Romanians;Venezuela;VE;1500;10.491156;-66.828027;Romanian;Christianity;South America;75;
Maninka;Cote d’Ivoire;IV;2505000;9.504102;-7.563569;Maninkakan, Eastern;Islam;Western Africa;10;
Norwegians;Iceland;IC;1300;64.127566;-21.869563;Norwegian;Unaffiliated;Northern Europe;75;
Zimba;Mozambique;MZ;36000;-15.6055;32.7541;Zimba;Ethnoreligion;Eastern Africa;10;
Luyana;Angola;AO;96500;-15.0647;13.5589;Luyana;Ethnoreligion;Middle Africa;10;
Hima;Congo, Democratic Republic of the;CG;5200;0.121573;29.289318;Nyankore;Christianity;Middle Africa;10;
Rwandese;Burundi;BY;229000;-2.575554;30.411369;Kinyarwanda;Christianity;Eastern Africa;10;
Ngandyera;Angola;AO;39000;-17.3541;22.8273;Ngandjera;Ethnoreligion;Middle Africa;10;
Pare;Kenya;KE;6000;-3.399174;37.678337;Asu (Tanzania);Christianity;Eastern Africa;10;
Gundi;Congo, Democratic Republic of the;CG;5600;3.9538;18.654;Gundi;Ethnoreligion;Middle Africa;10;
Kamba;Uganda;UG;11000;0.4396;33.2153;Kamba;Christianity;Eastern Africa;10;
Matengo;Mozambique;MZ;3600;-11.762154;35.221257;Matengo;Ethnoreligion;Eastern Africa;10;
Yao;Zimbabwe;ZI;65500;-17.819458;31.098253;Yao;Islam;Eastern Africa;10;
Luyana;Botswana;BC;11000;-18.095362;24.411556;Luyana;Ethnoreligion;Southern Africa;10;
Kisii (Gusii);Tanzania;TZ;550;-1.345601;34.479945;Ekegusii;Christianity;Eastern Africa;75;
Zanzibari;South Africa;SF;1900;-29.771213;30.968859;Swahili;Ethnoreligion;Southern Africa;75;
Turks;Bosnia and Herzegovina;BK;9800;43.850126;18.376611;Turkish;Islam;Southern Europe;10;
Walloons;Burundi;BY;4000;-3.347;29.3441;French;Christianity;Eastern Africa;0;
Russians;Cuba;CU;22500;23.078874;-82.354754;Russian;Christianity;Caribbean;10;
Russians;Chile;CI;2000;-33.497699;-70.713446;Russian;Christianity;South America;0;
Han Chinese;Sri Lanka;CE;2200;6.905356;79.866989;Chinese, Mandarin;Ethnoreligion;Southern Asia;75;
Lao;Argentina;AR;2300;-34.6766;-58.387;Lao;Buddhism;South America;0;
Gujaratis;Maldives;MV;1200;4.174199;73.510915;Gujarati;Islam;Southern Asia;0;
Russians;Venezuela;VE;4600;10.468781;-66.984684;Russian;Unaffiliated;South America;0;
Han Chinese;Angola;AO;3500;-8.843979;13.223386;Chinese, Mandarin;Ethnoreligion;Middle Africa;75;
Gujaratis;Singapore;SN;5600;1.32609;103.89896;Gujarati;Hinduism;South-Eastern Asia;10;
Kono;Cote d’Ivoire;IV;29500;5.3554;-4.0954;Kono (Sierra Leone);Ethnoreligion;Western Africa;75;
Han Chinese;Nepal;NP;23000;27.746297;85.337816;Chinese, Mandarin;Ethnoreligion;Southern Asia;75;
Alawites;Israel;IS;2400;33.212688;35.571632;Arabic, Levantine;Islam;Western Asia;10;
Tamil;Cambodia;CB;1800;11.577354;104.888498;Tamil;Hinduism;South-Eastern Asia;75;
Moru;Uganda;UG;21500;3.589835;31.554765;Moru;Christianity;Eastern Africa;10;
Afrikaners;Angola;AO;3900;-8.8691;13.2758;Afrikaans;Christianity;Middle Africa;10;
Russians;Madagascar;MA;34500;-18.863301;47.541989;Russian;Unaffiliated;Eastern Africa;10;
Padhola;Kenya;KE;60000;0.573426;34.268262;Jopadhola;Christianity;Eastern Africa;10;
Songhai;Ghana;GH;35000;5.577638;-0.205078;Songhay, Koyraboro Senni;Islam;Western Africa;0;
Rwandese;Tanzania;TZ;22500;-2.445956;30.903893;Kinyarwanda;Christianity;Eastern Africa;0;
Dan Yakuba;Guinea;GV;1500;7.65231;-8.17715;Dan;Ethnoreligion;Western Africa;10;
Suba;Tanzania;TZ;169000;-1.342078;34.3791;Dholuo;Christianity;Eastern Africa;0;
Dogon;Burkina Faso;UV;18000;13.847032;-2.721335;Dogon, Toro So;Ethnoreligion;Western Africa;0;
Rwandans;Netherlands;NL;1700;51.91806;4.45386;French;Christianity;Western Europe;75;
Fulfulde Masina;Ghana;GH;5600;10.14498;-1.63266;Fulfulde, Maasina;Islam;Western Africa;10;
Hongjin Tai;Myanmar;BM;9100;21.2959;99.6208;Tai Hongjin;Buddhism;South-Eastern Asia;10;
Mikea;Madagascar;MA;3300;-22.481452;43.749195;Bushi;Ethnoreligion;Eastern Africa;75;
Yaugiba;Papua New Guinea;PP;2700;-3.829077;143.63748;Urimo;Ethnoreligion;Melanesia;75;
Adamawa Fulani;Nigeria;NI;1800000;8.25594;10.77794;Fulfulde, Adamawa;Islam;Western Africa;10;
Arabs;Argentina;AR;1575000;-34.5878;-58.4869;Spanish;Islam;South America;10;
Hindi;United Kingdom;UK;730000;51.379417;0.08851;Hindi;Hinduism;Northern Europe;10;
Arabs;Burundi;BY;3800;-3.38752;29.377888;Arabic, Standard;Islam;Eastern Africa;0;
Arabs;Switzerland;SZ;75000;47.454513;8.562528;Arabic, Standard;Islam;Western Europe;0;
Arabs;Barbados;BB;150;13.127212;-59.627675;Arabic, Standard;Islam;Caribbean;0;
Arabs;Jamaica;JM;2100;18.016473;-76.804901;Arabic, Standard;Islam;Caribbean;0;
Levantine Arabs;Tunisia;TS;248000;36.8413;10.1676;Arabic, Standard;Islam;Northern Africa;0;
Levantine Arabs;Egypt;EG;214000;29.9964;31.2621;Arabic, Standard;Islam;Northern Africa;0;
Levantine Arabs;Portugal;PO;22500;38.703972;-9.334949;Arabic, Standard;Islam;Southern Europe;10;
Arabs;Comoros;CN;900;-11.76925;43.259717;Arabic, Standard;Islam;Eastern Africa;10;
Arabs;Ethiopia;ET;13000;9.0081;38.7093;Arabic, Standard;Islam;Eastern Africa;0;
Levantine Arabs;Haiti;HA;5700;18.539208;-72.328789;Arabic, Standard;Islam;Caribbean;0;
Levantine Arabs;Guinea;GV;1300;9.616309;-13.594874;Arabic, Standard;Islam;Western Africa;0;
Palestinian Arabs;France;FR;1100;48.924162;2.209947;Arabic, Levantine;Islam;Western Europe;0;
Sudanese Arabs;Netherlands;NL;7700;52.344458;4.89854;Arabic, Sudanese;Islam;Western Europe;0;
Lebanese Arabs;Netherlands;NL;6900;52.357209;4.886356;Arabic, Levantine;Islam;Western Europe;0;
Lebanese Arabs;Suriname;NS;3100;5.8443;-55.1838;Arabic, Levantine;Islam;South America;0;
Syrian Arabs;Guadeloupe;GP;900;16.211683;-61.480524;Arabic, Levantine;Islam;Caribbean;0;
Lebanese;Dominican Republic;DR;4600;18.483713;-69.927916;Arabic, Levantine;Islam;Caribbean;0;
Lebanese Arabs;Congo;CF;1200;-4.265835;15.25975;Arabic, Levantine;Islam;Middle Africa;0;
Hadrami Arabs;Eritrea;ER;10000;15.3022;38.9066;Arabic, Hadrami;Islam;Eastern Africa;10;
Tunisian Arabs;Netherlands;NL;10500;52.354425;4.85017;Arabic, Tunisian;Islam;Western Europe;0;
Sudanese Arabs;France;FR;3300;48.887513;2.315381;Arabic, Sudanese;Islam;Western Europe;0;
Levantine Arabs;Guinea-Bissau;PU;11000;11.860982;-15.595721;Arabic, Levantine;Islam;Western Africa;0;
Levantine Arabs;Sweden;SW;400000;59.325896;18.027515;Arabic, Levantine;Islam;Northern Europe;0;
Syrian Arabs;Martinique;MB;550;14.62173;-61.06313;Arabic, Levantine;Islam;Caribbean;0;
Mourro;Chad;CD;17500;11.7642;21.3132;Kibet;Islam;Middle Africa;10;
Reunionese;Mayotte;MF;650;-12.786459;45.220694;Réunion French Creole;Christianity;Eastern Africa;10;
Flemings;Rwanda;RW;4300;-1.949;30.0602;Dutch;Christianity;Eastern Africa;0;
Malays;Mayotte;MF;325;-12.778521;45.212145;Malay;Islam;Eastern Africa;10;
Sinyar;Sudan;SU;13000;12.41355;22.63259;Sinyar;Islam;Northern Africa;0;
Dagel;Chad;CD;2300;11.691303;20.687135;Kibet;Islam;Middle Africa;0;
Erenga;Sudan;SU;13000;13.097984;22.059711;Assangori;Islam;Northern Africa;0;
Russians;Peru;PE;1400;-12.142878;-77.011444;Russian;Unaffiliated;South America;0;
Portuguese;Senegal;SG;3800;14.716565;-17.441671;Portuguese;Christianity;Western Africa;0;
Turks;Lebanon;LE;6400;33.876007;35.535021;Turkish;Islam;Western Asia;0;
Tulama;Egypt;EG;4300;30.058258;31.244423;Oromo, West Central;Islam;Northern Africa;10;
Tigrai;Djibouti;DJ;550;11.57746;43.143503;Tigrigna;Christianity;Eastern Africa;10;
Malays;Comoros;CN;1100;-11.703864;43.266543;Malay;Islam;Eastern Africa;10;
Shawiya;Tunisia;TS;52500;35.887421;8.286866;Tachawit;Islam;Northern Africa;0;
Liberians;Netherlands;NL;350;52.373191;4.886656;English;Christianity;Western Europe;0;
Angolans;Netherlands;NL;800;52.366717;4.877906;Portuguese;Christianity;Western Europe;0;
Guinea;Netherlands;NL;350;51.922512;4.449584;French;Islam;Western Europe;0;
Fula Macina;Mauritania;MR;5000;18.0813;-15.9937;Fulfulde, Maasina;Islam;Western Africa;10;
Comorians;Reunion;RE;600;-20.8903;55.4658;Comorian, Maore;Islam;Eastern Africa;0;
Swahili;Comoros;CN;1200;-11.733335;43.248185;Swahili;Islam;Eastern Africa;10;
Kango-Dikango;Congo, Democratic Republic of the;CG;14000;3.504934;24.427465;Kango (DRC, , Bas-Uélé district);Ethnoreligion;Middle Africa;0;
Ruhu;Nigeria;NI;22000;10.578;9.0111;Lame;Islam;Western Africa;0;
Simba;Gabon;GB;6300;-1.28107;11.17825;French;Ethnoreligion;Middle Africa;10;
Konyanke;Cote d’Ivoire;IV;265000;9.498;-7.563;Konyanka;Islam;Western Africa;0;
Kacipo;South Sudan;OD;6000;6.21223;34.76874;Suri, Kacipo-Bale;Ethnoreligion;Northern Africa;10;
Fulakunda;Guinea;GV;7600;12.37209;-13.571989;Pulaar;Islam;Western Africa;0;
Swahili;Seychelles;SE;600;-4.637222;55.445713;Swahili;Islam;Eastern Africa;10;
Songhai;Benin;BN;10500;11.129345;2.937196;Songhay, Koyraboro Senni;Islam;Western Africa;0;
Bozo;Burkina Faso;UV;4800;13.1189;-4.1588;Bozo, Jenaama;Islam;Western Africa;0;
Ngala;South Sudan;OD;45000;4.645944;28.25386;Bangala;Islam;Northern Africa;0;
Zangwal;Nigeria;NI;200;10.22845;9.74694;Zamwal;Islam;Western Africa;10;
Suri;South Sudan;OD;1600;6.0223;34.81206;Suri, Tirmaga-Chai;Islam;Northern Africa;0;
Hima;Burundi;BY;15500;-3.3404;29.3533;Nyankore;Ethnoreligion;Eastern Africa;0;
Arabs;Ghana;GH;3300;5.599462;-0.232694;Arabic, Standard;Islam;Western Africa;0;
Levantine Arabs;Cote d’Ivoire;IV;66500;5.345102;-4.014932;Arabic, Standard;Islam;Western Africa;10;
Bhojpuri;Germany;GM;17000;52.517803;13.407822;Bhojpuri;Hinduism;Western Europe;10;
Macanese;Angola;AO;3900;-8.8733;13.2381;Portuguese;Unaffiliated;Middle Africa;0;
Tamil;Bahrain;BA;48500;26.204548;50.537994;Tamil;Islam;Western Asia;10;
Malagasy Maore;Comoros;CN;1300;-12.096936;44.462269;Malagasy, Merina;Ethnoreligion;Eastern Africa;10;
Garre;Somalia;SO;315000;2.29633;44.68618;Garre;Islam;Eastern Africa;0;
Minduumo;Congo;CF;1900;-2.6114;13.6113;Ndumu;Ethnoreligion;Middle Africa;0;
Kufa-Lima;Sudan;SU;16000;10.986292;29.555599;Kanga;Islam;Northern Africa;0;
Tana;Chad;CD;10000;8.314493;18.745083;Vale;Islam;Middle Africa;0;
Assyrians;Israel;IS;850;31.78125;35.19402;Assyrian Neo-Aramaic;Ethnoreligion;Western Asia;0;
Sakalava;Comoros;CN;1000;-12.34625;44.529817;Bushi;Ethnoreligion;Eastern Africa;10;
Vale;Chad;CD;1900;8.037476;17.829678;Vale;Ethnoreligion;Middle Africa;0;
Benga;Gabon;GB;2000;0.6082;9.3243;Benga;Christianity;Middle Africa;0;
Ndunga;Congo, Democratic Republic of the;CG;11000;2.28;20.27;Ndunga;Ethnoreligion;Middle Africa;0;
Geme;Central African Republic;CT;850;8.48359;20.66112;Geme;Christianity;Middle Africa;0;
Samba;Congo, Democratic Republic of the;CG;8700;-6.1278;17.2621;Samba;Christianity;Middle Africa;0;
Yasa;Equatorial Guinea;EK;3200;2.23459;9.81591;Iyasa;Christianity;Middle Africa;0;
Zoba -Joba;Tanzania;TZ;6900;-4.8783;29.6443;Kiviila;Christianity;Eastern Africa;0;
Seba;Congo, Democratic Republic of the;CG;357000;-10.5091;27.5471;Seba;Christianity;Middle Africa;0;
Songo;Congo, Democratic Republic of the;CG;27000;-4.55057;18.49777;Songo (Democratic Republic of the Congo);Christianity;Middle Africa;0;
Mbangwe;Congo;CF;3100;-2.5356;13.5471;Mbangwe;Christianity;Middle Africa;0;
Bulba;Benin;BN;4200;10.70255;1.27435;Notre;Ethnoreligion;Western Africa;0;
Vumbu;Gabon;GB;7200;-2.17673;10.64985;Vumbu;Christianity;Middle Africa;0;
Pinji;Gabon;GB;10500;-1.6364;11.6283;Pinji;Christianity;Middle Africa;10;
Tagbo;Congo, Democratic Republic of the;CG;42000;4.6852;26.44754;Tagbu;Ethnoreligion;Middle Africa;0;
Ngoli;Congo, Democratic Republic of the;CG;18500;-3.8019;19.1162;Ngwii;Christianity;Middle Africa;0;
Mbesa;Congo, Democratic Republic of the;CG;17500;1.7858;22.789;Mbesa;Christianity;Middle Africa;0;
Ngundu;Congo, Democratic Republic of the;CG;10500;-0.681023;26.53288;Ngundu;Christianity;Middle Africa;0;
Lonzo;Congo, Democratic Republic of the;CG;650;-4.6281;16.7982;Lonzo;Christianity;Middle Africa;0;
Yakoma;Congo, Democratic Republic of the;CG;21000;4.06428;22.34001;Yakoma;Ethnoreligion;Middle Africa;0;
Ndengese;Congo, Democratic Republic of the;CG;19000;-3.1424;21.5677;Dengese;Christianity;Middle Africa;10;
Songora;Congo, Democratic Republic of the;CG;6100;-2.9472;25.9164;Songoora;Christianity;Middle Africa;0;
Ndobo;Congo, Democratic Republic of the;CG;22500;1.32539;18.61512;Ndobo;Christianity;Middle Africa;0;
Yombe;Angola;AO;95000;-4.80759;12.55637;Kiyombe;Ethnoreligion;Middle Africa;0;
Lopa;Nigeria;NI;11500;10.548153;4.4578;Lopa;Ethnoreligion;Western Africa;0;
Bomwali;Cameroon;CM;12500;1.90709;15.82328;Bomwali;Christianity;Middle Africa;0;
Lobala;Congo;CF;31000;2.03793;18.049996;Lobala;Christianity;Middle Africa;0;
Evands;Nigeria;NI;20500;6.3558;9.3448;Evant;Christianity;Western Africa;0;
Vute;Nigeria;NI;3700;7.8035;11.3704;Vute;Ethnoreligion;Western Africa;0;
Laru;Nigeria;NI;34000;10.33247;4.46442;Laru;Ethnoreligion;Western Africa;0;
Wom;Cameroon;CM;64000;9.0812;12.9723;Wom (Nigeria);Christianity;Middle Africa;0;
Dompago;Benin;BN;123000;9.40879;1.99545;Kabiyè;Ethnoreligion;Western Africa;0;
Mid-Southern Banda;South Sudan;OD;5900;8.00846;26.00594;Banda, Mid-Southern;Christianity;Northern Africa;0;
Fanya;Chad;CD;3500;10.29104;18.75001;Fania;Islam;Middle Africa;0;
Majera;Chad;CD;4600;11.1374;15.121;Majera;Islam;Middle Africa;0;
Karanga;Chad;CD;25500;13.062138;20.59847;Karanga;Islam;Middle Africa;0;
Sake;Gabon;GB;11500;0.0914;11.9463;French;Christianity;Middle Africa;10;
Kaba Kurumi;Chad;CD;13000;9.9722;18.8375;Kulfa;Ethnoreligion;Middle Africa;0;
Furu;Central African Republic;CT;6200;4.53295;20.86962;Fulu;Christianity;Middle Africa;0;
Kupto;Nigeria;NI;6200;10.69452;11.48165;Kutto;Islam;Western Africa;0;
Maha;Nigeria;NI;21500;10.72342;11.68995;Maaka;Islam;Western Africa;0;
Kajakse;Chad;CD;40000;12.3849;20.6639;Kajakse;Islam;Middle Africa;0;
Jegu;Chad;CD;4800;11.50342;19.09535;Jonkor Bourmataguil;Islam;Middle Africa;0;
Pelende;Congo, Democratic Republic of the;CG;17500;-4.8874;17.4137;Pelende;Christianity;Middle Africa;0;
Yamongeri;Congo, Democratic Republic of the;CG;25500;-0.24248;22.3073;Yamongeri;Christianity;Middle Africa;0;
Molo;Sudan;SU;275;10.799022;33.58228;Berta;Islam;Northern Africa;0;
Fernandino;Equatorial Guinea;EK;13500;3.746069;8.785006;Krio;Christianity;Middle Africa;10;
Yulu-Binga;Congo, Democratic Republic of the;CG;4900;-8.666616;25.116111;Yulu;Ethnoreligion;Middle Africa;0;
Kasanga;Guinea-Bissau;PU;1200;12.41733;-15.94127;Mandinka;Ethnoreligion;Western Africa;0;
Saba;Chad;CD;3300;11.30721;18.49058;Saba;Ethnoreligion;Middle Africa;0;
Mubi;Chad;CD;107000;12.68932;19.59024;Mubi;Islam;Middle Africa;0;
Mesmedje;Chad;CD;82000;13.1713;19.304;Masmaje;Islam;Middle Africa;0;
Yulu;Sudan;SU;8200;10.536926;23.354644;Yulu;Christianity;Northern Africa;0;
Salampasu;Congo, Democratic Republic of the;CG;262000;-7.325;22.8095;Salampasu;Christianity;Middle Africa;10;
Ngando;Congo, Democratic Republic of the;CG;633000;-0.14363;22.62315;Ngando (Democratic Republic of the Congo);Christianity;Middle Africa;0;
Mogum;Chad;CD;14000;11.51991;18.60816;Mogum;Ethnoreligion;Middle Africa;0;
Shani;Nigeria;NI;800;10.369895;8.761295;Hausa;Ethnoreligion;Western Africa;0;
Gula;Chad;CD;11000;10.58847;19.14163;Zan Gula;Islam;Middle Africa;0;
Taura;Nigeria;NI;30000;10.54541;8.98438;Hausa;Ethnoreligion;Western Africa;0;
Punu;Gabon;GB;320000;-2.69637;11.35599;Punu;Christianity;Middle Africa;10;
Ngbinda;Congo, Democratic Republic of the;CG;10500;3.27251;23.56694;Lingala;Christianity;Middle Africa;0;
Kari;Congo, Democratic Republic of the;CG;3300;5.03525;25.74914;Zande;Christianity;Middle Africa;0;
Northern Teke;Gabon;GB;139000;-1.35436;13.93435;Teke-Tege;Christianity;Middle Africa;0;
Southern Teke;Congo;CF;79500;-2.27122;14.44074;Teke-Kukuya;Christianity;Middle Africa;0;
Soko;Congo, Democratic Republic of the;CG;31500;1.2972;23.6378;So (Democratic Republic of Congo);Christianity;Middle Africa;0;
Mikifore;Guinea;GV;31000;10.68222;-14.38504;Mogofin;Islam;Western Africa;10;
Soruba;Benin;BN;21000;9.94886;1.38662;Miyobe;Ethnoreligion;Western Africa;0;
Palawan Batak;Philippines;RP;3900;10.2298;119.2442;Batak;Ethnoreligion;South-Eastern Asia;75;
Bhubhi;Gabon;GB;10500;-1.0096;12.2042;Bubi;Christianity;Middle Africa;10;
Nyam;Nigeria;NI;150;9.2333;10.81456;Nyam;Ethnoreligion;Western Africa;0;
Totela;Zambia;ZA;69000;-16.7064;24.9537;Totela;Ethnoreligion;Eastern Africa;0;
Wane;Cote d’Ivoire;IV;5800;4.85171;-6.44406;Wané;Ethnoreligion;Western Africa;10;
Duguza;Nigeria;NI;7400;10.004838;9.11231;Tunzuii;Ethnoreligion;Western Africa;75;
Bukwun;Nigeria;NI;1300;6.919031;10.22567;Bukwen;Ethnoreligion;Western Africa;75;
Benga;Equatorial Guinea;EK;8700;1.1972;9.4273;Benga;Christianity;Middle Africa;10;
Gciriku;Angola;AO;51500;-17.78822;20.7355;Gciriku;Ethnoreligion;Middle Africa;0;
Mbahouin;Gabon;GB;7400;-1.99764;13.67513;Mbangwe;Christianity;Middle Africa;10;
Kaningi;Gabon;GB;12500;-1.4268;13.5375;Kaningi;Christianity;Middle Africa;75;
Buru;Nigeria;NI;1700;7.01091;10.86175;Buru (Nigeria);Ethnoreligion;Western Africa;75;
Looknon;Philippines;RP;133000;12.28404;122.03037;Inonhan;Christianity;South-Eastern Asia;75;
Malaynon;Philippines;RP;24500;11.85639;121.91924;Malaynon;Ethnoreligion;South-Eastern Asia;75;
Tajuasohn;Liberia;LI;23500;5.50685;-8.98904;Tajuasohn;Ethnoreligion;Western Africa;75;
Dewoin;Liberia;LI;18000;6.56113;-10.90765;Dewoin;Ethnoreligion;Western Africa;10;
Southern Grebo;Liberia;LI;130000;4.50239;-7.73164;Grebo, Southern;Ethnoreligion;Western Africa;10;
Ife;Benin;BN;248000;7.90282;1.78368;Ifè;Ethnoreligion;Western Africa;10;
Glio;Liberia;LI;7600;5.79387;-7.53001;Glio-Oubi;Ethnoreligion;Western Africa;75;
Gboloo Grebo;Liberia;LI;137000;4.75405;-7.66699;Grebo, Gboloo;Ethnoreligion;Western Africa;10;
Wan;Cote d’Ivoire;IV;44500;7.88773;-5.82092;Wan;Ethnoreligion;Western Africa;75;
Zialo;Guinea;GV;39000;8.661887;-9.700699;Zialo;Islam;Western Africa;10;
Kobiana;Guinea-Bissau;PU;1100;12.43303;-16.06181;Kobiana;Ethnoreligion;Western Africa;10;
Dan Yakuba;Liberia;LI;243000;6.48958;-8.63768;Dan;Ethnoreligion;Western Africa;75;
Central Grebo;Liberia;LI;65000;4.88038;-7.88667;Grebo, Central;Ethnoreligion;Western Africa;10;
Western Teke;Gabon;GB;67500;-1.63001;13.601979;Yaka (Congo);Christianity;Middle Africa;10;
Mahongwe;Gabon;GB;11500;0.6867;14.1984;French;Christianity;Middle Africa;10;
Sighu;Gabon;GB;2100;-0.7985;12.5783;French;Christianity;Middle Africa;75;
Mbaama;Gabon;GB;17500;-2.2432;13.5742;Ombamba;Christianity;Middle Africa;10;
Mbwisi;Gabon;GB;2500;-3.2168;11.7262;Bwisi;Christianity;Middle Africa;10;
Vili;Gabon;GB;7400;-3.4119;10.7306;Vili;Christianity;Middle Africa;75;
Kande;Gabon;GB;2100;-0.1014;11.7779;French;Christianity;Middle Africa;75;
Wandji;Gabon;GB;21000;-1.671;13.0063;Wandji;Christianity;Middle Africa;10;
Grebo;Cote d’Ivoire;IV;79000;4.6037;-7.4427;Grebo, Southern;Ethnoreligion;Western Africa;0;
Kariya;Nigeria;NI;4700;10.909;9.775;Kariya;Ethnoreligion;Western Africa;0;
Okpamheri;Nigeria;NI;278000;7.43646024;6.07475039;Okpamheri;Ethnoreligion;Western Africa;0;
Jimi;Nigeria;NI;2400;10.61853;9.99485;Jimi;Islam;Western Africa;0;
Ngumba;Equatorial Guinea;EK;29000;1.563;9.614;Kwasio;Christianity;Middle Africa;0;
Kwala;Congo;CF;93000;-0.48981;16.5967;Likwala;Christianity;Middle Africa;0;
Kirifi;Nigeria;NI;50500;10.35754;10.46037;Giiwo;Islam;Western Africa;0;
Jimbin;Nigeria;NI;4600;10.8636;9.9807;Zibinju;Ethnoreligion;Western Africa;0;
Gun;Gabon;GB;24500;0.392626;9.463921;Gun;Ethnoreligion;Middle Africa;0;
Uvbie;Nigeria;NI;39500;5.586;5.793;Uvbie;Christianity;Western Africa;0;
Subia;Namibia;WA;37500;-17.68242;24.92927;Kuhane;Ethnoreligion;Southern Africa;0;
Mozambicans;Portugal;PO;40500;38.784756;-9.144698;Portuguese;Christianity;Southern Europe;75;
Yocoboue Dida;Cote d’Ivoire;IV;225000;5.40126;-5.12242;Dida, Yocoboué;Ethnoreligion;Western Africa;10;
Bissau-Guineans;Portugal;PO;16500;38.72059;-9.248166;Portuguese;Christianity;Southern Europe;75;
Tura;Cote d’Ivoire;IV;74500;7.76747;-7.33105;Toura (Côte d’Ivoire);Ethnoreligion;Western Africa;0;
Jongor;Chad;CD;50500;12.2037;18.9594;Migaama;Islam;Middle Africa;0;
Kuwaa;Liberia;LI;32000;7.54885;-9.9765;Kuwaa;Christianity;Western Africa;75;
Northeastern Krumen;Cote d’Ivoire;IV;20500;5.00716;-7.01481;Krumen, Pye;Ethnoreligion;Western Africa;10;
Sapo;Liberia;LI;77000;5.69555;-8.49229;Sapo;Ethnoreligion;Western Africa;0;
Northern Grebo;Liberia;LI;172000;5.17103;-8.1409;Grebo, Northern;Ethnoreligion;Western Africa;75;
Myene;Gabon;GB;93500;0.4227;9.434;Myene;Christianity;Middle Africa;0;
Gciriku;Namibia;WA;16500;-18.54794;20.60006;Gciriku;Ethnoreligion;Southern Africa;0;
Eshira;Gabon;GB;79000;-1.6387;10.5175;Sira;Christianity;Middle Africa;10;
Lumbu;Gabon;GB;39500;-3.2152;10.6387;Lumbu;Christianity;Middle Africa;10;
Sangu;Gabon;GB;42000;-1.4491;11.9486;Sangu (Gabon);Christianity;Middle Africa;10;
Wumbvu;Gabon;GB;36500;-2.299;12.25116;Wumbvu;Christianity;Middle Africa;10;
Pila;Benin;BN;509000;10.1222;1.4374;Yom;Islam;Western Africa;0;
Engenni;Nigeria;NI;58000;5.1114;6.4137;Engenni;Ethnoreligion;Western Africa;0;
Kota;Gabon;GB;69000;0.4584;13.0252;Kota (Gabon);Christianity;Middle Africa;75;
Bijobe;Togo;TO;6600;9.937923;1.336913;Miyobe;Ethnoreligion;Western Africa;0;
Jilbe;Nigeria;NI;4100;11.9168;14.6365;Fulfulde, Adamawa;Islam;Western Africa;10;
Ogori;Nigeria;NI;65000;7.45739;6.18345;Oko-Eni-Osayen;Ethnoreligion;Western Africa;75;
Ogba;Nigeria;NI;372000;5.25057;6.53895;Ogbah;Christianity;Western Africa;75;
Ekpeye;Nigeria;NI;107000;5.06715;6.53362;Ekpeye;Christianity;Western Africa;75;
Ukwuani-Aboh;Nigeria;NI;350000;5.78892;6.48559;Ukwuani-Aboh-Ndoni;Christianity;Western Africa;75;
Ika;Nigeria;NI;47000;6.313;6.21;Ika;Christianity;Western Africa;75;
Ulukwumi;Nigeria;NI;23000;6.4974;6.59202;Ulukwumi;Christianity;Western Africa;75;
Ikwere;Nigeria;NI;737000;5.04333;6.86651;Ikwere;Ethnoreligion;Western Africa;75;
Yekhee;Nigeria;NI;569000;7.10204;6.44919;Etsako;Christianity;Western Africa;75;
Ososo;Nigeria;NI;38000;7.4067;6.2465;Ososo;Christianity;Western Africa;75;
Ivbie North;Nigeria;NI;70500;7.1996;6.4701;Ivbie North-Okpela-Arhe;Christianity;Western Africa;75;
Emai;Nigeria;NI;266000;7.09089;5.84494;Emai-Iuleha-Ora;Ethnoreligion;Western Africa;75;
Eruwa;Nigeria;NI;109000;5.2475;6.2102;Eruwa;Ethnoreligion;Western Africa;75;
Sasaru;Nigeria;NI;25500;7.2129;6.1477;Sasaru;Christianity;Western Africa;75;
Epinmi;Nigeria;NI;28500;7.43491;5.85414;Ukue;Christianity;Western Africa;75;
Uhami-Iyayu;Nigeria;NI;28000;7.43685;5.89959;Uhami;Ethnoreligion;Western Africa;75;
Otwa;Nigeria;NI;21500;7.2024;6.0012;Ghotuo;Christianity;Western Africa;75;
Okpe;Nigeria;NI;461000;5.5301;5.7141;Okpe (Southwestern Edoid);Ethnoreligion;Western Africa;75;
Ikpeshe;Nigeria;NI;10500;7.1469;6.1807;Ikpeshi;Christianity;Western Africa;75;
Esan;Nigeria;NI;725000;6.7087;6.3231;Esan;Christianity;Western Africa;75;
Ibeno;Nigeria;NI;22500;4.558;8.044;Ibino;Christianity;Western Africa;75;
Oron;Nigeria;NI;166000;4.8217;8.235;Oro;Christianity;Western Africa;75;
Ukpe-Bayobiri;Nigeria;NI;29000;6.52883;9.02603;Bukpe;Christianity;Western Africa;75;
Nkukoli;Nigeria;NI;3700;5.756;8.466;Nkukoli;Christianity;Western Africa;75;
Uzekwe;Nigeria;NI;17500;6.5661;8.4258;Uzekwe;Christianity;Western Africa;75;
Doko-Uyanga;Nigeria;NI;475;5.3793;8.27;Deko-Dusanga;Christianity;Western Africa;75;
Ogbogolo;Nigeria;NI;21000;4.90943;6.54706;Ogbogolo;Christianity;Western Africa;75;
Nnam;Nigeria;NI;8000;6.31319;8.48975;Nnam;Christianity;Western Africa;75;
Kohumono;Nigeria;NI;67000;5.9533;8.2614;Hohumono;Christianity;Western Africa;75;
Ndoe;Nigeria;NI;15000;6.08134;8.69131;Ndoe;Christianity;Western Africa;75;
Eket;Nigeria;NI;493000;4.642;7.924;Ekit;Christianity;Western Africa;75;
Ubang;Nigeria;NI;15000;6.522;9.074;Ubang;Christianity;Western Africa;75;
Yigha;Nigeria;NI;22500;5.98832;8.20861;Leyigha;Christianity;Western Africa;75;
Okobo;Nigeria;NI;114000;4.854;8.129;Okobo;Christianity;Western Africa;75;
Idere;Nigeria;NI;12500;5.21188;8.0831;Idere;Christianity;Western Africa;75;
Etebi;Nigeria;NI;36500;4.638;8.119;Etebi;Christianity;Western Africa;75;
Ito;Nigeria;NI;13000;5.088;8.02;Ito;Christianity;Western Africa;75;
Obulom;Nigeria;NI;6700;4.779;7.061;Obulom;Christianity;Western Africa;75;
Ebughu;Nigeria;NI;12500;4.703;8.267;Ebughu;Christianity;Western Africa;75;
Nyima;Nigeria;NI;23000;6.00131;8.28951;Lenyima;Christianity;Western Africa;75;
Utange;Nigeria;NI;24500;6.5202;9.4123;Itang;Christianity;Western Africa;0;
Lubila;Nigeria;NI;21500;5.422;8.28;Lubila;Christianity;Western Africa;75;
Olulumo-Ikom;Nigeria;NI;194000;5.963;8.7229;Olulumo-Ikom;Christianity;Western Africa;10;
Gbo;Nigeria;NI;110000;5.965;8.178;Legbo;Christianity;Western Africa;75;
Cross River Mbembe;Nigeria;NI;272000;6.199;8.6313;Mbembe, Cross River;Christianity;Western Africa;75;
Western Mbube;Nigeria;NI;92500;6.57067;8.82998;Mbe;Christianity;Western Africa;75;
Kukele;Nigeria;NI;256000;6.8454;8.3624;Kukele;Christianity;Western Africa;75;
Odut;Nigeria;NI;5400;5.219482;8.243568;Efik;Christianity;Western Africa;75;
Isoko;Nigeria;NI;758000;5.52889;6.24682;Isoko;Christianity;Western Africa;75;
Orri;Nigeria;NI;167000;7.031;7.895;Oring;Christianity;Western Africa;75;
Ekajuk;Nigeria;NI;88500;6.4449;8.5546;Ekajuk;Christianity;Western Africa;75;
Odual;Nigeria;NI;40000;4.8622;6.3758;Odual;Christianity;Western Africa;75;
Mini;Nigeria;NI;6500;4.5959;6.4198;Abureni;Christianity;Western Africa;75;
Gokana;Nigeria;NI;193000;4.6462;7.2963;Gokana;Christianity;Western Africa;75;
Yako;Nigeria;NI;270000;5.8083;8.0812;Lokaa;Christianity;Western Africa;75;
Eleme;Nigeria;NI;126000;4.763;7.171;Eleme;Christianity;Western Africa;75;
Idoma;Nigeria;NI;1105000;7.19139;7.71261;Idoma;Ethnoreligion;Western Africa;75;
Ekpari;Nigeria;NI;95000;6.84259;8.84077;Yace;Ethnoreligion;Western Africa;75;
Nyikuben;Nigeria;NI;32500;6.89612;9.87999;Yukuben;Ethnoreligion;Western Africa;75;
Shal;Nigeria;NI;16500;9.194;8.768;Shall-Zwall;Ethnoreligion;Western Africa;75;
Tita;Nigeria;NI;7000;8.957;11.367;Tita;Ethnoreligion;Western Africa;75;
Turkwam;Nigeria;NI;7900;9.163;8.646;Atoro;Ethnoreligion;Western Africa;75;
Fam;Nigeria;NI;2900;7.81;10.738;Fam;Ethnoreligion;Western Africa;75;
Kpan;Nigeria;NI;23000;7.58343;10.16422;Kpan;Ethnoreligion;Western Africa;10;
Yashi;Nigeria;NI;6400;9.14063;8.66137;Hasha;Ethnoreligion;Western Africa;75;
Magu;Nigeria;NI;24000;6.95;11.016;Mvanip;Ethnoreligion;Western Africa;75;
Kamantan;Nigeria;NI;36500;9.8203;8.17;Kamantan;Ethnoreligion;Western Africa;75;
Iku;Nigeria;NI;24000;9.8472;7.8051;Iku-Gora-Ankwa;Ethnoreligion;Western Africa;10;
Kuturmi;Nigeria;NI;21500;10.14852;7.96524;Kuturmi;Ethnoreligion;Western Africa;75;
Lemoro;Nigeria;NI;21500;10.3788;8.832;Lemoro;Ethnoreligion;Western Africa;75;
Cara;Nigeria;NI;6500;10.079;8.804;Cara;Ethnoreligion;Western Africa;75;
Mabo-Barkul;Nigeria;NI;4300;9.1211;8.8691;Bo-Rukul;Ethnoreligion;Western Africa;75;
Kapya;Nigeria;NI;350;7.0498;9.8676;Kapya;Ethnoreligion;Western Africa;75;
Dong;Nigeria;NI;10500;8.6893;11.9307;Dong;Ethnoreligion;Western Africa;10;
Bandawa-Minda;Nigeria;NI;37500;8.92577;10.96424;Shoo-Minda-Nye;Islam;Western Africa;75;
Kagoma;Nigeria;NI;50500;9.22607;8.18694;Gyong;Christianity;Western Africa;75;
Mashi;Nigeria;NI;1800;7.263;10.02;Mashi (Nigeria);Ethnoreligion;Western Africa;75;
Lufu;Nigeria;NI;5700;7.3207;10.2537;Lufu;Christianity;Western Africa;75;
Jidda-Abu;Nigeria;NI;12500;8.988;8.388;Bu (Niger-Congo);Christianity;Western Africa;75;
Tiba;Nigeria;NI;23000;8.4809;11.96032;Gaa;Islam;Western Africa;10;
Janji;Nigeria;NI;2300;10.1294;8.5695;Janji;Christianity;Western Africa;75;
Fyam;Nigeria;NI;27000;9.59006;9.22293;Pyam;Islam;Western Africa;75;
Tarok;Nigeria;NI;579000;8.98356;10.02885;Tarok;Christianity;Western Africa;75;
Mada;Nigeria;NI;221000;9.02294;8.34119;Mada (Nigeria);Ethnoreligion;Western Africa;75;
Chishingyini;Nigeria;NI;126000;10.6934;4.4589;Cishingini;Ethnoreligion;Western Africa;10;
Kamuku;Nigeria;NI;66000;10.5473;6.1445;Kamuku;Ethnoreligion;Western Africa;75;
Irigwe;Nigeria;NI;95000;9.85197;8.6525;Rigwe;Ethnoreligion;Western Africa;75;
Yeskwa;Nigeria;NI;96500;8.8438;7.8666;Nyankpa;Ethnoreligion;Western Africa;75;
Megili;Nigeria;NI;120000;8.52193;8.35562;Migili;Ethnoreligion;Western Africa;75;
Auna-Agaraiwa Kambari;Nigeria;NI;181000;10.188657;4.721322;Tsikimba;Islam;Western Africa;10;
Gure-Kahugu;Nigeria;NI;50500;10.3204;8.3833;Tugbiri-Niragu;Christianity;Western Africa;75;
Gubi;Nigeria;NI;2200;10.4393;9.8128;Shiki;Islam;Western Africa;10;
Gyem;Nigeria;NI;2300;10.2894;9.2607;Gyem;Ethnoreligion;Western Africa;75;
Ndaka;Congo, Democratic Republic of the;CG;61500;1.53341;27.96928;Ndaka;Christianity;Middle Africa;10;
Dzando;Congo, Democratic Republic of the;CG;21500;2.2473;18.9775;Dzando;Christianity;Middle Africa;10;
Genja;Congo, Democratic Republic of the;CG;146000;2.6544;23.0622;Ligenza;Christianity;Middle Africa;10;
Ombo;Congo, Democratic Republic of the;CG;21000;-2.5351;25.4026;Ombo;Christianity;Middle Africa;10;
Lengola;Congo, Democratic Republic of the;CG;241000;-1.1952;26.2553;Lengola;Christianity;Middle Africa;10;
Boko;Congo, Democratic Republic of the;CG;43000;1.51612;18.88064;Boko (Democratic Republic of the Congo);Christianity;Middle Africa;10;
Genya;Congo, Democratic Republic of the;CG;30500;-0.0595;25.588;Enya;Christianity;Middle Africa;10;
Songomeno;Congo, Democratic Republic of the;CG;272000;-3.81041;21.42233;Ohendo;Ethnoreligion;Middle Africa;10;
Kaiku;Congo, Democratic Republic of the;CG;28000;0.75068;28.73938;Kaiku;Christianity;Middle Africa;10;
Likila;Congo, Democratic Republic of the;CG;18500;1.6175;19.1078;Likila;Christianity;Middle Africa;10;
Lombo;Congo, Democratic Republic of the;CG;53000;0.7545;24.2793;Lombo;Christianity;Middle Africa;10;
Mituku;Congo, Democratic Republic of the;CG;113000;-1.3211;25.5241;Mituku;Christianity;Middle Africa;10;
Mbole;Congo, Democratic Republic of the;CG;531000;-0.57181;24.0443;Mbole;Christianity;Middle Africa;10;
Sonde;Congo, Democratic Republic of the;CG;205000;-6.32223;18.35547;Sonde;Christianity;Middle Africa;0;
Pambia;Congo, Democratic Republic of the;CG;76500;3.739;26.61;Pambia;Christianity;Middle Africa;10;
Mbo;Congo, Democratic Republic of the;CG;27000;1.211213;27.989137;Mbo (Democratic Republic of the Congo);Christianity;Middle Africa;10;
Ngbundu;Congo, Democratic Republic of the;CG;58000;3.746;18.7839;Ngbundu;Christianity;Middle Africa;10;
Kete;Congo, Democratic Republic of the;CG;18500;-7.15104;22.90271;Kete;Christianity;Middle Africa;10;
Lwalu;Congo, Democratic Republic of the;CG;111000;-7.16388;22.10971;Lwalu;Christianity;Middle Africa;10;
Gbendere;Congo, Democratic Republic of the;CG;10500;2.855;18.757;Yango;Ethnoreligion;Middle Africa;10;
Gilima;Congo, Democratic Republic of the;CG;43000;4.5585;19.00912;Gilima;Christianity;Middle Africa;75;
Kabwari;Congo, Democratic Republic of the;CG;18500;-4.36966;29.16838;Kabwari;Christianity;Middle Africa;10;
Langbasi;Central African Republic;CT;76000;5.23952;19.90724;Langbashe;Ethnoreligion;Middle Africa;10;
Gbayi;Central African Republic;CT;7800;5.57378;21.97066;Gbayi;Christianity;Middle Africa;75;
Sango Riverain;Central African Republic;CT;65000;4.32811;21.17331;Sango, Riverain;Christianity;Middle Africa;10;
Mbati;Central African Republic;CT;96000;3.94184;17.75291;Mbati;Ethnoreligion;Middle Africa;10;
Pande;Central African Republic;CT;14000;3.7136;16.1993;Pande;Ethnoreligion;Middle Africa;75;
Ngbaka Manza;Central African Republic;CT;55000;5.30167;18.41189;Ngbaka Manza;Christianity;Middle Africa;10;
Gundi;Central African Republic;CT;20500;3.45973;15.73342;Gundi;Christianity;Middle Africa;10;
Suma;Central African Republic;CT;94500;7.0953;17.00927;Suma;Christianity;Middle Africa;10;
Ngando;Central African Republic;CT;7800;3.7266;17.7179;Ngando (Central African Republic);Christianity;Middle Africa;10;
Banda Yangere;Central African Republic;CT;50500;3.95763;16.59073;Banda-Yangere;Christianity;Middle Africa;10;
Bakwele;Cameroon;CM;43000;2.06159;15.16473;Bekwel;Ethnoreligion;Middle Africa;75;
Evands;Cameroon;CM;2300;6.2306;9.41701;Evant;Christianity;Middle Africa;10;
Kamkam;Cameroon;CM;3100;6.55787;11.47171;Mbongno;Christianity;Middle Africa;75;
Nyikuben;Cameroon;CM;2800;6.94048;10.0754;Yukuben;Christianity;Middle Africa;75;
Chamba Daka;Cameroon;CM;33000;8.611084;12.463522;Samba Daka;Christianity;Middle Africa;75;
Chamba Leko;Cameroon;CM;60500;8.51093;12.51589;Samba Leko;Ethnoreligion;Middle Africa;75;
Nzakmbay;Cameroon;CM;28000;7.7638;15.353;Nzakambay;Ethnoreligion;Middle Africa;10;
Wumbvu;Congo;CF;12500;-2.48569;12.27676;Wumbvu;Christianity;Middle Africa;10;
Lumbu;Congo;CF;6200;-3.93024;11.83087;Lumbu;Christianity;Middle Africa;75;
Punu;Congo;CF;18500;-2.65088;11.98675;Punu;Christianity;Middle Africa;10;
Kunyi;Congo;CF;172000;-4.58488;13.32125;Kunyi;Christianity;Middle Africa;10;
Baloi;Congo, Democratic Republic of the;CG;41500;1.2704;18.2272;Baloi;Christianity;Middle Africa;10;
Holu;Congo, Democratic Republic of the;CG;10500;-7.98566;17.50917;Holu;Christianity;Middle Africa;10;
Ndogo;Congo, Democratic Republic of the;CG;10500;5.014214;27.428794;Ndogo;Ethnoreligion;Middle Africa;10;
Bangom;Congo;CF;9300;0.5424;14.4202;Ngom;Christianity;Middle Africa;10;
Yaka;Angola;AO;303000;-8.8275;13.2587;Yaka (Congo);Ethnoreligion;Middle Africa;75;
Gbanziri;Congo, Democratic Republic of the;CG;10500;4.7511;20.2782;Gbanziri;Ethnoreligion;Middle Africa;75;
Langbashe;Congo, Democratic Republic of the;CG;5000;5.0852;19.7866;Langbashe;Christianity;Middle Africa;75;
Eastern Teke;Congo;CF;74000;-4.1938;15.293;Teke, Ibali;Christianity;Middle Africa;10;
Kwami;Congo, Democratic Republic of the;CG;850;-1.53712;27.46332;Kwami;Christianity;Middle Africa;75;
Yombe;Congo;CF;713000;-4.53111;12.39923;Kiyombe;Christianity;Middle Africa;10;
Mbwisi;Congo;CF;6200;-3.1521;12.05721;Bwisi;Christianity;Middle Africa;75;
Itu Mbuzo;Nigeria;NI;13000;5.52679;7.80378;Itu Mbon Uzo;Christianity;Western Africa;75;
Libo;Nigeria;NI;21500;9.70781;12.15084;Kaan;Ethnoreligion;Western Africa;75;
Yamba;Nigeria;NI;24000;6.732;11.017;Yamba;Christianity;Western Africa;75;
Teme;Nigeria;NI;6700;8.979196;11.962102;Teme;Christianity;Western Africa;75;
Mak;Nigeria;NI;11500;9.4;11.25;Mak (Nigeria);Ethnoreligion;Western Africa;10;
Kanufi;Nigeria;NI;21500;9.525;8.27644;Kanufi;Ethnoreligion;Western Africa;75;
Passam;Nigeria;NI;34000;9.270587;11.771069;Kpasham;Christianity;Western Africa;75;
Krobu;Cote d’Ivoire;IV;22000;5.86161;-4.47739;Krobu;Christianity;Western Africa;75;
Nago;Benin;BN;437000;6.8283;2.6873;Nago, Southern;Christianity;Western Africa;10;
Dompago;Togo;TO;25000;9.629847;1.353528;Lukpa;Ethnoreligion;Western Africa;75;
Xwla;Togo;TO;32500;6.30977;1.78313;Gbe, Western Xwla;Christianity;Western Africa;75;
Gwa;Cote d’Ivoire;IV;50500;5.34421;-3.70421;Mbato;Christianity;Western Africa;75;
Xwela;Benin;BN;142000;6.41342;2.02985;Gbe, Xwela;Christianity;Western Africa;10;
Mina;Benin;BN;222000;6.2552;1.7027;Gen;Ethnoreligion;Western Africa;10;
Lama;Benin;BN;106000;10.2971;1.034;Kabiyè;Ethnoreligion;Western Africa;10;
Kambole;Togo;TO;71000;8.7457;1.5942;Nago, Northern;Islam;Western Africa;10;
Birwa;Zimbabwe;ZI;16500;-21.71522;28.905689;Birwa;Ethnoreligion;Eastern Africa;75;
Yeye;Namibia;WA;8300;-18.09222;23.74574;Yeyi;Ethnoreligion;Southern Africa;75;
Subia;Zambia;ZA;29000;-17.4716;24.2969;Kuhane;Ethnoreligion;Eastern Africa;10;
Nyiha;Zambia;ZA;10500;-9.88139;33.344486;Nyika;Ethnoreligion;Eastern Africa;75;
Nande;Uganda;UG;27000;0.671192;29.998254;Nande;Christianity;Eastern Africa;10;
Lika;Congo, Democratic Republic of the;CG;183000;2.13777;27.60883;Lika;Christianity;Middle Africa;10;
Nkutu;Congo, Democratic Republic of the;CG;203000;-3.970028;22.578973;Nkutu;Christianity;Middle Africa;10;
Sengele;Congo, Democratic Republic of the;CG;35000;-1.8439;17.3635;Sengele;Christianity;Middle Africa;10;
Lusengo;Congo, Democratic Republic of the;CG;93000;1.6598;19.1623;Lusengo;Christianity;Middle Africa;10;
Peri;Congo, Democratic Republic of the;CG;45500;0.24553;28.66809;Bhele;Christianity;Middle Africa;10;
Ntomba;Congo, Democratic Republic of the;CG;403000;-1.8556;18.3476;Ntomba;Christianity;Middle Africa;10;
Ndolo;Congo, Democratic Republic of the;CG;29000;2.1841;19.5447;Ndolo;Christianity;Middle Africa;10;
Mongo-Nkundu;Congo, Democratic Republic of the;CG;6335000;-1.54228;20.42587;Mongo-Nkundu;Christianity;Middle Africa;75;
Tetela;Congo, Democratic Republic of the;CG;2405000;-4.29314;24.54596;Tetela;Christianity;Middle Africa;10;
Yombe;Congo, Democratic Republic of the;CG;1470000;-5.2481;12.95312;Kiyombe;Christianity;Middle Africa;10;
Holoholo;Congo, Democratic Republic of the;CG;35000;-5.193;28.5093;Holoholo;Christianity;Middle Africa;10;
Sakata;Congo, Democratic Republic of the;CG;286000;-3.2328;18.1214;Sakata;Christianity;Middle Africa;10;
Wongo;Congo, Democratic Republic of the;CG;28000;-5.73837;20.5054;Wongo;Christianity;Middle Africa;10;
Fuliro;Congo, Democratic Republic of the;CG;639000;-3.04022;28.98646;Fuliiru;Christianity;Middle Africa;10;
Kanyok;Congo, Democratic Republic of the;CG;581000;-7.31878;23.61298;Kanyok;Christianity;Middle Africa;10;
Luba-Hemba;Congo, Democratic Republic of the;CG;400000;-4.8807;27.0567;Hemba;Christianity;Middle Africa;10;
Songye;Congo, Democratic Republic of the;CG;2910000;-5.71993;25.27647;Songe;Christianity;Middle Africa;10;
Yaka;Congo, Democratic Republic of the;CG;1470000;-6.96323;17.25753;Yaka (Democratic Republic of the Congo);Christianity;Middle Africa;75;
Kwese;Congo, Democratic Republic of the;CG;143000;-5.60445;18.57589;Kwese;Christianity;Middle Africa;10;
Tiene;Congo, Democratic Republic of the;CG;108000;-2.8712;16.5427;Tiene;Christianity;Middle Africa;10;
Forest Bira;Congo, Democratic Republic of the;CG;102000;0.8518;29.26;Bila;Ethnoreligion;Middle Africa;10;
Lega-Shabunda;Congo, Democratic Republic of the;CG;1340000;-3.5212;27.1169;Lega-Shabunda;Ethnoreligion;Middle Africa;75;
Poke;Congo, Democratic Republic of the;CG;227000;0.7119;24.3218;Poke;Christianity;Middle Africa;10;
Pende;Congo, Democratic Republic of the;CG;1220000;-5.64735;19.82753;Phende;Ethnoreligion;Middle Africa;10;
Mba;Congo, Democratic Republic of the;CG;74500;1.0086;25.2438;Mba;Christianity;Middle Africa;75;
Nyanga;Congo, Democratic Republic of the;CG;403000;-1.4023;28.2357;Nyanga;Christianity;Middle Africa;10;
Tula;Nigeria;NI;64000;9.84629;11.52551;Tula;Ethnoreligion;Western Africa;75;
Lungu;Nigeria;NI;107000;9.12585;7.77525;Duya;Ethnoreligion;Western Africa;75;
Chamba Leko;Nigeria;NI;117000;7.87379;10.95727;Samba Leko;Ethnoreligion;Western Africa;75;
Chamba Daka;Nigeria;NI;184000;8.4164;12.0802;Samba Daka;Islam;Western Africa;75;
Waja;Nigeria;NI;160000;9.91175;11.72062;Waja;Ethnoreligion;Western Africa;75;
Sanga;Nigeria;NI;40500;10.4213;8.8464;Sanga (Nigeria);Ethnoreligion;Western Africa;75;
Esuma;Cote d’Ivoire;IV;400;5.1376;-3.2962;Anyin;Christianity;Western Africa;75;
Kpessi;Togo;TO;7100;7.9872;1.1873;Kpessi;Ethnoreligion;Western Africa;75;
Ica;Benin;BN;138000;8.4134;1.8863;Ede Ica;Ethnoreligion;Western Africa;10;
Ije;Benin;BN;196000;7.09729;2.64262;Ede Ije;Christianity;Western Africa;10;
Eotile;Cote d’Ivoire;IV;8400;5.2876;-3.3047;Anyin;Christianity;Western Africa;75;
Mokole;Benin;BN;197000;11.2256;3.0672;Mokole;Islam;Western Africa;10;
Lama;Togo;TO;302000;6.1905;1.1789;Lama;Ethnoreligion;Western Africa;10;
Dyan;Burkina Faso;UV;36000;10.9239;-3.3293;Dyan;Ethnoreligion;Western Africa;10;
Puguli;Burkina Faso;UV;29500;11.02348;-3.47165;Phuie;Ethnoreligion;Western Africa;10;
Mina;Togo;TO;531000;6.26618;1.63969;Gen;Christianity;Western Africa;75;
Northern Nuna;Burkina Faso;UV;115000;12.13097;-2.98206;Nuni, Northern;Ethnoreligion;Western Africa;75;
Ana;Togo;TO;199000;7.5368;1.1307;Ifè;Ethnoreligion;Western Africa;75;
Kalenga;Burkina Faso;UV;29500;13.61057;-3.10033;Kalamsé;Ethnoreligion;Western Africa;10;
Kuba;Congo;CF;62000;-1.27931;16.47017;Likuba;Christianity;Middle Africa;10;
Bembe;Congo;CF;66000;-3.95895;14.10001;Beembe;Ethnoreligion;Middle Africa;10;
Luano;Zambia;ZA;15000;-14.6617;29.7548;Lala-Bisa;Ethnoreligion;Eastern Africa;10;
Luna;Congo, Democratic Republic of the;CG;166000;-4.9924;23.4295;Luna;Ethnoreligion;Middle Africa;10;
Northeast Teke;Congo;CF;147000;-1.82055;15.62182;Ngungwel;Christianity;Middle Africa;10;
Ambo;Zambia;ZA;5300;-14.3172;31.9379;Lala-Bisa;Ethnoreligion;Eastern Africa;10;
Kele;Congo, Democratic Republic of the;CG;646000;0.9144;24.1659;Kele (Democratic Republic of the Congo);Christianity;Middle Africa;10;
Zimba;Congo, Democratic Republic of the;CG;261000;-4.013;26.6083;Zimba;Christianity;Middle Africa;75;
Sanga;Congo, Democratic Republic of the;CG;1255000;-10.3973;26.9681;Sanga (Democratic Republic of the Congo);Christianity;Middle Africa;10;
Tembo-Kitembo;Congo, Democratic Republic of the;CG;344000;-1.7875;28.8832;Tembo (DRC, Sud-Kivu and Nord-Kivu provinces);Christianity;Middle Africa;10;
Zoba - Joba;Congo, Democratic Republic of the;CG;30500;-3.2854;29.0813;Kiviila;Christianity;Middle Africa;10;
Nyiha;Malawi;MI;15000;-9.571714;33.0812;Nyiha, Malawi;Ethnoreligion;Eastern Africa;75;
Monokutuba;Congo;CF;2560000;-4.15654;14.56481;Kituba (Congo);Christianity;Middle Africa;10;
Tonga;Malawi;MI;565000;-12.213205;34.011074;Tonga (Malawi);Ethnoreligion;Eastern Africa;75;
Kokola;Malawi;MI;398000;-16.05549;35.47619;Kokola;Ethnoreligion;Eastern Africa;10;
Nambya;Zimbabwe;ZI;116000;-18.3571;26.4996;Nambya;Ethnoreligion;Eastern Africa;75;
Ndogo;South Sudan;OD;23500;7.75415;27.6785;Ndogo;Christianity;Northern Africa;10;
Yakoma;Central African Republic;CT;190000;4.26593;22.00041;Yakoma;Christianity;Middle Africa;10;
Dai;Chad;CD;159000;8.52612;17.51464;Day;Ethnoreligion;Middle Africa;75;
Pero;Nigeria;NI;57000;9.574;11.08645;Pero;Christianity;Western Africa;75;
Tera;Nigeria;NI;196000;10.27713;11.28901;Tera;Ethnoreligion;Western Africa;75;
Sukur;Nigeria;NI;32500;10.8933;13.64369;Sukur;Ethnoreligion;Western Africa;75;
El Hugeirat;Sudan;SU;3600;11.94803;28.59013;Arabic, Sudanese;Islam;Northern Africa;10;
Eliri;Sudan;SU;11000;10.27415;30.73055;Arabic, Sudanese;Islam;Northern Africa;0;
Dair;Sudan;SU;3300;12.47398;30.67816;Arabic, Sudanese;Islam;Northern Africa;0;
Nancere;Chad;CD;229000;9.31975;16.1282;Nancere;Ethnoreligion;Middle Africa;75;
Bokkos;Nigeria;NI;285000;9.2974;8.9906;Ron;Ethnoreligion;Western Africa;75;
Laamang;Nigeria;NI;85500;11.184995;13.741787;Lamang;Ethnoreligion;Western Africa;10;
Tala;Nigeria;NI;2200;10.23301;9.85457;Tala;Ethnoreligion;Western Africa;75;
Gude;Nigeria;NI;181000;10.4954;13.232;Gude;Islam;Western Africa;75;
Mangbetu;Congo, Democratic Republic of the;CG;2055000;3.139;26.8939;Mangbetu;Christianity;Middle Africa;75;
Kenga;Chad;CD;108000;11.9794;18.213;Kenga;Ethnoreligion;Middle Africa;10;
Guere;Cote d’Ivoire;IV;592000;6.5451;-7.4869;Wè Southern;Ethnoreligion;Western Africa;10;
Furu;Congo, Democratic Republic of the;CG;43000;4.7692;20.1579;Fulu;Ethnoreligion;Middle Africa;10;
Goulai;Chad;CD;521000;9.06629;17.31512;Gulay;Christianity;Middle Africa;10;
Southern Samo;Burkina Faso;UV;179000;12.763081;-2.895912;Samo, Southern;Islam;Western Africa;75;
Dagba;Central African Republic;CT;57000;7.37156;18.10334;Dagba;Ethnoreligion;Middle Africa;10;
Eastern Duun Samogho;Burkina Faso;UV;36000;11.37957;-4.92036;Dzùùngoo;Islam;Western Africa;10;
Okrika;Nigeria;NI;515000;4.7536;6.9878;Kirike;Christianity;Western Africa;75;
Kela;Congo, Democratic Republic of the;CG;981000;-2.284;23.3657;Kela;Christianity;Middle Africa;10;
Kouya;Cote d’Ivoire;IV;208000;7.27375;-6.5685;Kouya;Ethnoreligion;Western Africa;10;
Dan Yakuba;Cote d’Ivoire;IV;1930000;7.54247;-7.92123;Dan;Ethnoreligion;Western Africa;75;
Gagu;Cote d’Ivoire;IV;84000;6.40859;-5.51851;Gban;Ethnoreligion;Western Africa;75;
Lese;Congo, Democratic Republic of the;CG;143000;2.5403;29.9869;Lese;Ethnoreligion;Middle Africa;10;
Ibani;Nigeria;NI;138000;4.4275;7.1867;Ibani;Christianity;Western Africa;75;
Karang Laka;Chad;CD;186000;8.1033;15.90971;Laka;Ethnoreligion;Middle Africa;75;
Krongo;Sudan;SU;65500;10.4838;29.9498;Krongo;Islam;Northern Africa;75;
Fongoro;Sudan;SU;3200;11.5046;22.754;Fur;Islam;Northern Africa;10;
Madukayang Kalinga;Philippines;RP;4200;17.2551;121.3874;Kalinga, Majukayang;Ethnoreligion;South-Eastern Asia;75;
Central Cagayan Dumagat;Philippines;RP;1200;18.0208;121.9327;Agta, Central Cagayan;Ethnoreligion;South-Eastern Asia;75;
Gaddang;Philippines;RP;65500;16.54683;121.17735;Gaddang;Christianity;South-Eastern Asia;75;
Blit Manobo;Philippines;RP;16000;6.411184;124.33716;Manobo, Cotabato;Ethnoreligion;South-Eastern Asia;75;
Gadang;Philippines;RP;9400;17.22378;121.4552;Ga?dang (Philippines);Ethnoreligion;South-Eastern Asia;75;
Ivatan;Philippines;RP;47500;20.38479;121.97521;Ivatan;Ethnoreligion;South-Eastern Asia;75;
Lower Tanudan Kalinga;Philippines;RP;18000;17.34407;121.31148;Kalinga, Tanudan;Ethnoreligion;South-Eastern Asia;75;
Dibabawon Manobo;Philippines;RP;13500;7.85664;126.01817;Manobo, Dibabawon;Ethnoreligion;South-Eastern Asia;75;
Pyen;Myanmar;BM;700;22.045;99.554;Pyen;Christianity;South-Eastern Asia;75;
Samre;Cambodia;CB;225;13.47899;103.978;Khmer;Ethnoreligion;South-Eastern Asia;10;
Arumanen Manobo;Philippines;RP;20500;7.34448;124.76579;Manobo, Ilianen;Ethnoreligion;South-Eastern Asia;75;
Karaw;Philippines;RP;5000;16.56551;120.95636;Karao;Ethnoreligion;South-Eastern Asia;75;
Kankanaey;Philippines;RP;344000;16.8548;120.68924;Kankanaey;Ethnoreligion;South-Eastern Asia;75;
Mag-indi Sambal;Philippines;RP;7900;14.96171;120.182;Ayta, Mag-Indi;Ethnoreligion;South-Eastern Asia;75;
Kalibugan Subanon;Philippines;RP;30500;7.8175;122.6925;Subanon, Kolibugan;Islam;South-Eastern Asia;10;
Lebanese Christian Arabs;Lebanon;LE;1160000;33.886438;35.51498;Arabic, Levantine;Christianity;Western Asia;0;
Kasiguranin;Philippines;RP;15000;16.1881;122.11786;Kasiguranin;Ethnoreligion;South-Eastern Asia;10;
Mabaka Valley Kalinga;Philippines;RP;5700;17.7621;121.3466;Kalinga, Mabaka Valley;Ethnoreligion;South-Eastern Asia;75;
Surinamers;Suriname;NS;1700;5.836;-55.181;Dutch;Christianity;South America;75;
Khao;Vietnam;VM;18500;21.45432;103.46701;Khao;Ethnoreligion;South-Eastern Asia;75;
Davaweno;Philippines;RP;188000;7.22613;126.45792;Davawenyo;Christianity;South-Eastern Asia;75;
Mangas;Nigeria;NI;225;10.162;9.821;Mansi (Nigeria);Islam;Western Africa;75;
Karfa;Nigeria;NI;1900;9.214;8.706;Duhwa;Ethnoreligion;Western Africa;75;
Jara;Nigeria;NI;92500;10.137866;11.645384;Jara;Islam;Western Africa;10;
Siri;Nigeria;NI;6400;10.81337;9.75575;Siri;Ethnoreligion;Western Africa;10;
Hedi;Nigeria;NI;7700;10.94202;13.68811;Hdi;Ethnoreligion;Western Africa;75;
Jorto;Nigeria;NI;34000;9.0966;9.321;Jakattoe;Ethnoreligion;Western Africa;10;
Kholok;Nigeria;NI;7000;9.42379;11.17067;Kholok;Islam;Western Africa;75;
Psikye;Nigeria;NI;27000;10.763535;13.454703;Psikye;Ethnoreligion;Western Africa;10;
Ngoshe Sama;Nigeria;NI;47500;10.99587;13.72831;Gvoko;Ethnoreligion;Western Africa;10;
Kofyar;Nigeria;NI;215000;8.79947;9.15279;Kofyar;Ethnoreligion;Western Africa;10;
Fyer;Nigeria;NI;51500;9.4045;9.3975;Fyer;Ethnoreligion;Western Africa;75;
Kwami;Nigeria;NI;26000;10.3822;11.0974;Kwaami;Islam;Western Africa;10;
Bata;Cameroon;CM;16000;9.31161;13.06779;Bata;Islam;Middle Africa;75;
Fali of Jilbu;Cameroon;CM;5400;10.37649;13.54019;Zizilivakan;Islam;Middle Africa;75;
Peve;Cameroon;CM;12500;8.6625;14.6105;Pévé;Ethnoreligion;Middle Africa;75;
Guduf;Cameroon;CM;6400;11.0859;13.8551;Guduf-Gava;Ethnoreligion;Middle Africa;10;
Gude;Cameroon;CM;80000;10.07749;13.40018;Gude;Ethnoreligion;Middle Africa;10;
Gevoko;Cameroon;CM;2100;10.965;13.719;Gvoko;Ethnoreligion;Middle Africa;75;
Kotoko-Kuseri;Chad;CD;3800;11.95236;15.12144;Mser;Islam;Middle Africa;75;
Kaba-Lai;Chad;CD;57000;9.38373;16.2821;Kabalai;Christianity;Middle Africa;75;
Gadang;Chad;CD;6800;10.42499;16.997;Gadang (Chad);Islam;Middle Africa;10;
Kwang;Chad;CD;53500;10.11808;16.51288;Kwang;Christianity;Middle Africa;10;
Gidar;Chad;CD;37500;9.81995;14.17444;Gidar;Ethnoreligion;Middle Africa;75;
Marfa;Chad;CD;21500;13.1568;20.78818;Marfa;Islam;Middle Africa;0;
Tornasi Kelo;Sudan;SU;4900;10.555477;34.278561;Berta;Islam;Northern Africa;0;
Sinyar;Chad;CD;30000;12.012234;22.462716;Sinyar;Islam;Middle Africa;10;
Kibet;Chad;CD;87000;11.69135;20.692844;Kibet;Islam;Middle Africa;0;
Mangbetu;Uganda;UG;107000;2.60513;30.8783;Mangbetu;Ethnoreligion;Eastern Africa;10;
Yauma;Zambia;ZA;15000;-17.44979;23.2507;Yauma;Ethnoreligion;Eastern Africa;10;
Korana;South Africa;SF;18500;-30.42065;19.77108;Khoekhoe;Ethnoreligion;Southern Africa;10;
Sungor;Sudan;SU;26000;13.453089;22.444943;Assangori;Islam;Northern Africa;0;
Fongoro;Chad;CD;3300;11.31789;22.56115;Fur;Islam;Middle Africa;0;
Bakwe;Angola;AO;28000;-6.1791;14.3625;Bakwé;Ethnoreligion;Middle Africa;10;
Foma;Congo, Democratic Republic of the;CG;28000;0.88032;24.32023;Foma;Christianity;Middle Africa;10;
Jaya;Chad;CD;7000;12.3707;17.94151;Jaya;Islam;Middle Africa;10;
Rumaya;Nigeria;NI;13000;10.414;8.682;Mala (Nigeria);Christianity;Western Africa;75;
Okodia;Nigeria;NI;11500;5.29237;6.44113;Okodia;Christianity;Western Africa;75;
Oruma;Nigeria;NI;10500;4.918;6.414;Oruma;Christianity;Western Africa;75;
Defaka;Nigeria;NI;2300;4.5442;7.4612;Nkoroo;Ethnoreligion;Western Africa;75;
Okpe-idesa;Nigeria;NI;10500;7.2026;6.0054;Idesa;Ethnoreligion;Western Africa;75;
Kiballo;Nigeria;NI;1800;10.43572;8.20774;Vono;Ethnoreligion;Western Africa;75;
Kaivi;Nigeria;NI;4400;10.4209;8.6708;Kaivi;Christianity;Western Africa;75;
Jarawa;Nigeria;NI;107000;10.0169;9.5333;Bankal;Ethnoreligion;Western Africa;10;
Lombi;Congo, Democratic Republic of the;CG;33000;0.26796;27.34196;Lombi;Christianity;Middle Africa;10;
Ngam;Central African Republic;CT;33500;7.9727;18.6959;Ngam;Ethnoreligion;Middle Africa;10;
Mvuba;Congo, Democratic Republic of the;CG;10500;0.7719;29.5689;Mvuba;Ethnoreligion;Middle Africa;75;
Mangbutu;Congo, Democratic Republic of the;CG;43000;2.9468;29.6368;Mangbutu;Ethnoreligion;Middle Africa;10;
Sara Mbai;Nigeria;NI;16500;11.8267;13.1739;Mbay;Christianity;Western Africa;75;
Sara Kaba;Central African Republic;CT;26000;10.737;21.8388;Sara Kaba;Ethnoreligion;Middle Africa;10;
Kaba Dunjo;Central African Republic;CT;6200;8.99175;19.94459;Kaba Naa, Sara;Ethnoreligion;Middle Africa;75;
Kara;Central African Republic;CT;7500;9.99526;22.99468;Kara (Central African Republic);Islam;Middle Africa;10;
Laka;Central African Republic;CT;3200;7.4543;15.9712;Laka;Christianity;Middle Africa;10;
Sara Mbai;Cameroon;CM;6500;7.546307;15.446781;Mbay;Christianity;Middle Africa;75;
Masakin;Sudan;SU;123000;10.583;29.94036;Dagik;Ethnoreligion;Northern Africa;10;
Central Teke;Congo;CF;128000;-2.5457;14.7606;Teke-Nzikou;Christianity;Middle Africa;10;
Lango;South Sudan;OD;45500;4.0776;33.1024;Lango (South Sudan);Islam;Northern Africa;75;
Mbamba;Congo;CF;31000;-2.75341;13.61701;Ombamba;Christianity;Middle Africa;10;
Ngombe;Central African Republic;CT;19000;3.9049;15.2938;Ngombe (Central African Republic);Christianity;Middle Africa;75;
Lalia;Congo, Democratic Republic of the;CG;148000;-0.961;22.9738;Lalia;Christianity;Middle Africa;10;
Dongotono;South Sudan;OD;9700;4.43426;33.24287;Dongotono;Ethnoreligion;Northern Africa;10;
Kitimi;Nigeria;NI;4500;10.51129;8.10378;Tumi;Ethnoreligion;Western Africa;10;
Kirr;Nigeria;NI;6500;10.152;9.874;Kir-Balar;Islam;Western Africa;10;
Kujarge;Chad;CD;3500;11.74732;22.19559;Kujarge;Islam;Middle Africa;0;
Kanga;Sudan;SU;21000;11.0278;29.3469;Kanga;Islam;Northern Africa;0;
Tingal;Sudan;SU;8000;12.17974;31.12441;Tegali;Islam;Northern Africa;0;
Keiga Jirru;Sudan;SU;5700;11.42;29.6641;Tese;Islam;Northern Africa;10;
Yulu;Central African Republic;CT;6200;8.8914;22.8074;Yulu;Christianity;Middle Africa;10;
Nusan;South Africa;SF;500;-25.624769;20.411198;Taa;Ethnoreligion;Southern Africa;10;
Ngile;Sudan;SU;117000;10.907756;29.835037;Ngile;Islam;Northern Africa;0;
Koyo;Congo;CF;1900;-0.69688;15.75083;Koyo;Christianity;Middle Africa;10;
Mpade;Chad;CD;6200;12.735;14.6795;Mpade;Islam;Middle Africa;10;
Warnang;Sudan;SU;6200;10.59398;31.15736;Warnang;Islam;Northern Africa;0;
Tuburi;Chad;CD;290000;9.84088;14.92284;Tupuri;Ethnoreligion;Middle Africa;10;
Lomwe;Malawi;MI;4935000;-14.88695;35.729487;Lomwe;Ethnoreligion;Eastern Africa;10;
Kpala;Congo, Democratic Republic of the;CG;10500;4.51093;20.31083;Kpala;Ethnoreligion;Middle Africa;75;
South Central Teke;Congo;CF;16500;-2.4133;16.0172;Teke-Wuumu;Christianity;Middle Africa;10;
Pana;Chad;CD;2600;7.55294;15.70647;Pana (Central African Republic);Ethnoreligion;Middle Africa;75;
Jaku;Nigeria;NI;23000;10.2635;10.3203;Labir;Ethnoreligion;Western Africa;75;
Mfinu;Congo, Democratic Republic of the;CG;18500;-4.3426;16.383;Mfinu;Christianity;Middle Africa;75;
Western Teke;Congo;CF;155000;-3.6873;13.3529;Teke-Tsaayi;Christianity;Middle Africa;10;
Ma;Congo, Democratic Republic of the;CG;21500;3.7883;27.947;Ma (Democratic Republic of the Congo);Ethnoreligion;Middle Africa;10;
Kaonde;Congo, Democratic Republic of the;CG;91500;-11.64984;26.0022;Kaonde;Christianity;Middle Africa;10;
Ega;Cote d’Ivoire;IV;4000;5.545;-5.497;Ega;Christianity;Western Africa;75;
Moi;Congo;CF;6200;-1.72413;16.45557;Moi (Congo);Christianity;Middle Africa;75;
Moingi;Congo, Democratic Republic of the;CG;9300;1.20615;23.50345;Moingi;Christianity;Middle Africa;10;
Sarwa;Chad;CD;4800;10.59874;17.03098;Sarua;Ethnoreligion;Middle Africa;10;
Tulishi;Sudan;SU;3000;11.406132;29.119229;Tulishi;Islam;Northern Africa;75;
Togole;Sudan;SU;103000;12.10458;31.271961;Tegali;Islam;Northern Africa;10;
Kwadia;Cote d’Ivoire;IV;1900;5.49671;-6.31915;Kodia;Christianity;Western Africa;75;
Musgu;Chad;CD;74500;10.86982;15.31018;Musgu;Islam;Middle Africa;10;
Miltu;Chad;CD;850;10.23467;17.41261;Miltu;Ethnoreligion;Middle Africa;75;
Mire;Chad;CD;7700;9.4114;16.2953;Mulgi;Ethnoreligion;Middle Africa;75;
Sara Majingai-Ngama;Chad;CD;586000;8.9172;17.551;Sar;Ethnoreligion;Middle Africa;75;
Tobanga;Chad;CD;77000;9.7591;16.2657;Tobanga;Ethnoreligion;Middle Africa;10;
Kaba Demi;Chad;CD;128000;9.1211;18.5031;Kaba Démé, Sara;Ethnoreligion;Middle Africa;10;
Nguete;Chad;CD;33000;9.2687;15.24;Ngete;Ethnoreligion;Middle Africa;10;
Ngama;Chad;CD;133000;8.421113;18.769587;Ngam;Christianity;Middle Africa;75;
Ndam;Chad;CD;22000;9.8122;17.1086;Ndam;Ethnoreligion;Middle Africa;10;
Peve;Chad;CD;77000;9.17253;14.58661;Pévé;Ethnoreligion;Middle Africa;75;
Nzakmbay;Chad;CD;45000;7.70061;15.79235;Nzakambay;Ethnoreligion;Middle Africa;75;
Shibne;Chad;CD;23500;9.65897;16.67839;Soumraye;Ethnoreligion;Middle Africa;10;
Mesme;Chad;CD;38500;9.28888;15.7018;Mesme;Christianity;Middle Africa;75;
Tumak;Chad;CD;80500;9.43747;17.42159;Tumak;Ethnoreligion;Middle Africa;10;
Nielim;Chad;CD;16500;9.70362;17.81346;Niellim;Ethnoreligion;Middle Africa;10;
Mbala;Congo, Democratic Republic of the;CG;1030000;-4.4874;18.2592;Mbala;Christianity;Middle Africa;10;
Makoma;Zambia;ZA;64000;-14.6384;22.2867;Simaa;Ethnoreligion;Eastern Africa;10;
Lobala;Congo, Democratic Republic of the;CG;139000;2.04881;18.36666;Lobala;Ethnoreligion;Middle Africa;10;
Luba-Katanga;Congo, Democratic Republic of the;CG;4375000;-8.9194;26.3926;Luba-Katanga;Christianity;Middle Africa;75;
Mbowe;Zambia;ZA;14000;-14.154;23.3371;Mbowe;Ethnoreligion;Eastern Africa;10;
Kaonde;Zambia;ZA;489000;-13.4627;25.8426;Kaonde;Ethnoreligion;Eastern Africa;75;
Imilangu;Zambia;ZA;31000;-16.2665;22.6829;Simaa;Ethnoreligion;Eastern Africa;10;
Ambo;Angola;AO;918000;-17.3071;15.8477;Oshiwambo;Christianity;Middle Africa;10;
Mbosi;Congo;CF;222000;-1.23019;15.53223;Mbosi;Ethnoreligion;Middle Africa;10;
Simaa;Zambia;ZA;56000;-15.8376;22.4375;Simaa;Ethnoreligion;Eastern Africa;75;
Mwenyi;Zambia;ZA;30000;-14.8288;22.555;Simaa;Ethnoreligion;Eastern Africa;10;
Mpuon;Congo, Democratic Republic of the;CG;852000;-4.9618;19.5802;Mbuun;Christianity;Middle Africa;10;
Northwest Samo;Burkina Faso;UV;309000;13.070909;-3.071079;Samo, Matya;Ethnoreligion;Western Africa;75;
Shatt;Sudan;SU;37500;10.8138;29.7834;Shatt;Islam;Northern Africa;75;
Otoro Nuba;Sudan;SU;60000;11.119913;30.50933;Otoro;Islam;Northern Africa;75;
Miya;Nigeria;NI;69500;10.896;9.828;Vune mi;Ethnoreligion;Western Africa;10;
Chokobo;Nigeria;NI;9900;10.373869;8.812474;Hausa;Islam;Western Africa;10;
Logorif;Sudan;SU;8200;11.17389;29.80533;Logorik;Islam;Northern Africa;0;
Iwaak;Philippines;RP;3400;16.3543;120.8872;I-Wak;Ethnoreligion;South-Eastern Asia;75;
Ibanag;Philippines;RP;614000;17.42014;121.89093;Ibanag;Ethnoreligion;South-Eastern Asia;10;
Inlaod Itneg;Philippines;RP;14500;17.6878;120.6556;Itneg, Inlaud;Christianity;South-Eastern Asia;75;
Chavacano;Philippines;RP;815000;7.11655;122.16942;Chavacano;Christianity;South-Eastern Asia;10;
Western Subanon;Philippines;RP;144000;7.986499;122.664068;Subanon, Western;Ethnoreligion;South-Eastern Asia;75;
Oki-No-Erabu;Japan;JA;18000;27.37384;128.6187;Oki-No-Erabu;Ethnoreligion;Eastern Asia;0;
Ghadames;Tunisia;TS;3400;30.271425;9.579091;Ghadamès;Islam;Northern Africa;0;
Eastern Tawbuid;Philippines;RP;1600;12.89681;121.17652;Bangon;Ethnoreligion;South-Eastern Asia;75;
Paranan;Philippines;RP;17500;17.04111;122.37028;Paranan;Ethnoreligion;South-Eastern Asia;75;
Halang Doan;Laos;LA;2300;15.03;107.4704;Halang Doan;Ethnoreligion;South-Eastern Asia;0;
Insinai;Philippines;RP;10500;16.3707;121.0524;Isinay;Christianity;South-Eastern Asia;75;
Cinamiguin Manobo;Philippines;RP;40500;9.1793;124.72128;Manobo, Kinamiging;Christianity;South-Eastern Asia;75;
Marino;Vanuatu;NH;2500;-14.9876;168.1039;Marino;Christianity;Melanesia;75;
Vinmavis;Vanuatu;NH;1100;-16.22534;167.42689;Neve’ei;Christianity;Melanesia;75;
Uripiv;Vanuatu;NH;12500;-16.07216;167.3945;Uripiv-Wala-Rano-Atchin;Christianity;Melanesia;75;
Nokuku;Vanuatu;NH;450;-14.89743;166.60265;Tanokuku;Christianity;Melanesia;75;
Moruas;Vanuatu;NH;400;-15.34978;166.89055;Morouas;Ethnoreligion;Melanesia;75;
Teqel;Vanuatu;NH;550;-13.5043;167.33244;Lehali;Christianity;Melanesia;75;
Malo;Vanuatu;NH;7100;-15.68351;167.16031;Malo;Christianity;Melanesia;75;
Bieri;Vanuatu;NH;475;-16.78672;168.23249;Bieria;Christianity;Melanesia;75;
Motalava;Vanuatu;NH;3900;-13.65347;167.67252;Mwotlap;Christianity;Melanesia;75;
Sakau;Vanuatu;NH;7100;-15.07565;167.0508;N’kep;Christianity;Melanesia;75;
Valpay;Vanuatu;NH;800;-14.712;166.60553;Tavanlav;Christianity;Melanesia;75;
Central Raga;Vanuatu;NH;14000;-15.85593;168.18897;Apma;Christianity;Melanesia;75;
Vatrata;Vanuatu;NH;1600;-13.817;167.394;Vera’a;Christianity;Melanesia;75;
Savo Islander;Solomon Islands;BP;4600;-9.115;159.83;Savosavo;Christianity;Melanesia;75;
Sa;Vanuatu;NH;4500;-15.95342;168.22772;Sa;Christianity;Melanesia;75;
Ari;Papua New Guinea;PP;225;-7.95526;142.40045;Ari;Christianity;Melanesia;75;
Dengalu;Papua New Guinea;PP;550;-7.19609;146.669556;Patep;Christianity;Melanesia;75;
Maralango;Papua New Guinea;PP;700;-6.963376;146.37012;Kodut, South;Christianity;Melanesia;75;
Lohiki;Papua New Guinea;PP;2000;-7.66067;145.66943;Akoye;Christianity;Melanesia;75;
Male;Papua New Guinea;PP;2000;-5.495666;145.754231;Soq;Christianity;Melanesia;75;
Wom;Papua New Guinea;PP;8700;-3.553866;142.870541;Wom (Papua New Guinea);Christianity;Melanesia;75;
Oganibi;Papua New Guinea;PP;1700;-6.203823;141.904075;Undetermined;Ethnoreligion;Melanesia;75;
Osima Kilmeri;Papua New Guinea;PP;850;-2.904576;141.220564;Kilmeri;Christianity;Melanesia;75;
Kware;Papua New Guinea;PP;1200;-6.66077;142.861786;Kwer;Ethnoreligion;Melanesia;75;
Ngala;Papua New Guinea;PP;375;-4.26628;142.50024;Gala;Ethnoreligion;Melanesia;75;
Mawae;Papua New Guinea;PP;3600;-7.970552;147.445434;Zia;Christianity;Melanesia;75;
Tai;Papua New Guinea;PP;2700;-5.29223;144.65989;Tay;Christianity;Melanesia;75;
Yega;Papua New Guinea;PP;1700;-9.0487;149.2277;Hunjara-Kaina Ke;Christianity;Melanesia;75;
West Angal Heneng;Papua New Guinea;PP;106000;-6.245623;143.462176;Angal Heneng;Christianity;Melanesia;75;
Yongom;Papua New Guinea;PP;13000;-6.46954;141.017567;Yongkom;Christianity;Melanesia;75;
Gimi;Papua New Guinea;PP;78500;-6.42097;145.21416;Gimi (PNG, Eastern Highlands Province);Christianity;Melanesia;75;
Kate;Papua New Guinea;PP;33000;-6.4795;147.75695;Kâte;Christianity;Melanesia;75;
Loko;Papua New Guinea;PP;12500;-6.02464;149.47823;Gimi (PNG, West New Britain Province);Christianity;Melanesia;75;
Tuam;Papua New Guinea;PP;6200;-5.79405;148.01357;Mutu;Christianity;Melanesia;75;
Gele;Papua New Guinea;PP;2000;-2.095747;147.087255;Kele (Papua New Guinea);Christianity;Melanesia;75;
Pasi;Papua New Guinea;PP;800;-3.95195;142.30702;Pasi;Christianity;Melanesia;75;
Wutung;Papua New Guinea;PP;1900;-2.64636;141.10425;Wutung;Christianity;Melanesia;75;
Yubanakor;Papua New Guinea;PP;12500;-3.6791;142.7294;Kwanga;Christianity;Melanesia;75;
Kayan;Papua New Guinea;PP;1100;-4.06543;144.75613;Kayan (Papua New Guinea);Christianity;Melanesia;75;
Maria;Papua New Guinea;PP;3200;-9.92982;148.30311;Maria (Papua New Guinea);Christianity;Melanesia;75;
Mayo;Papua New Guinea;PP;4300;-4.15721;142.57362;Yessan-Mayo;Christianity;Melanesia;75;
Pagi;Papua New Guinea;PP;3800;-2.9098;141.4215;Pagi;Christianity;Melanesia;75;
Kol;Papua New Guinea;PP;11000;-5.21042;151.58274;Kol (Papua New Guinea);Christianity;Melanesia;75;
Mari;Papua New Guinea;PP;1700;-5.970793;145.837583;Mari (PNG, Madang Province);Ethnoreligion;Melanesia;75;
Konai;Papua New Guinea;PP;1700;-5.663803;142.132173;Konai;Ethnoreligion;Melanesia;75;
Malas;Papua New Guinea;PP;1400;-4.76685;145.621;Manep;Christianity;Melanesia;75;
Mokerang;Papua New Guinea;PP;700;-2.01602;147.42308;Idio;Christianity;Melanesia;75;
Yis;Papua New Guinea;PP;1700;-3.57371;141.88034;Yis;Ethnoreligion;Melanesia;75;
Wanap;Papua New Guinea;PP;2100;-3.59639;142.49964;Wanap;Ethnoreligion;Melanesia;75;
Koro;Papua New Guinea;PP;1400;-2.03429;147.14267;Koro (Papua New Guinea);Christianity;Melanesia;75;
Likum;Papua New Guinea;PP;175;-2.16157;146.69477;Likum;Christianity;Melanesia;75;
Ninggera;Papua New Guinea;PP;1100;-2.77145;141.45416;Ningera;Ethnoreligion;Melanesia;75;
Pogaya;Papua New Guinea;PP;1100;-5.54487;142.25459;Bogaya;Ethnoreligion;Melanesia;75;
Sokorok;Papua New Guinea;PP;1100;-3.644899;142.4712;Siliput;Christianity;Melanesia;75;
Suganga;Papua New Guinea;PP;2500;-4.5071;141.19955;Suganga;Ethnoreligion;Melanesia;75;
Korak;Papua New Guinea;PP;1100;-4.5998;145.51352;Amako;Christianity;Melanesia;75;
Seta;Papua New Guinea;PP;550;-3.42155;141.74786;Seta;Ethnoreligion;Melanesia;10;
Ukuriguma;Papua New Guinea;PP;350;-4.94407;145.51442;Ukuriguma;Ethnoreligion;Melanesia;75;
Seti;Papua New Guinea;PP;350;-3.45521;141.82694;Seti;Ethnoreligion;Melanesia;75;
Yambes;Papua New Guinea;PP;2200;-3.546373;142.761638;Yambes;Ethnoreligion;Melanesia;75;
Chenapian;Papua New Guinea;PP;700;-4.25154;142.31714;Chenapian;Ethnoreligion;Melanesia;10;
Tuwari;Papua New Guinea;PP;425;-4.80315;142.09522;Tuwari;Ethnoreligion;Melanesia;75;
Pulabu;Papua New Guinea;PP;400;-5.59558;145.73801;Pulabu;Ethnoreligion;Melanesia;75;
Sandaun Yau;Papua New Guinea;PP;500;-3.521026;142.044142;Yau (PNG, Sandaun Province);Ethnoreligion;Melanesia;75;
Fiwaga;Papua New Guinea;PP;1100;-6.66342;143.64603;Fiwaga;Ethnoreligion;Melanesia;75;
Kamberataro;Papua New Guinea;PP;1500;-3.58169;141.0785;Dla;Christianity;Melanesia;75;
Gaktai;Papua New Guinea;PP;6600;-4.71826;152.21433;Mali;Christianity;Melanesia;75;
Sepik Plains;Papua New Guinea;PP;6100;-4.0722;143.2573;Mevembet;Christianity;Melanesia;75;
Tauya;Papua New Guinea;PP;1200;-5.74255;145.3657;Tauya;Ethnoreligion;Melanesia;75;
Rempin;Papua New Guinea;PP;3200;-5.02487;145.78187;Rempi;Christianity;Melanesia;75;
Yimas;Papua New Guinea;PP;1200;-4.679747;143.545906;Yimas;Christianity;Melanesia;75;
Suain;Papua New Guinea;PP;5700;-3.312306;142.804087;Ulau-Suain;Christianity;Melanesia;75;
Yerakai;Papua New Guinea;PP;1400;-4.28828;142.94708;Yerakai;Christianity;Melanesia;75;
Torricelli;Papua New Guinea;PP;1100;-3.45292;142.62226;Aro;Christianity;Melanesia;75;
Vanimo;Papua New Guinea;PP;5800;-2.68501;141.25826;Dumo;Christianity;Melanesia;75;
Konomala;Papua New Guinea;PP;2500;-4.16184;152.87049;Konomala;Christianity;Melanesia;75;
Pondoma;Papua New Guinea;PP;2400;-4.745477;145.012726;Anam;Christianity;Melanesia;75;
Dimir;Papua New Guinea;PP;7800;-4.8296;145.67561;Gavak;Christianity;Melanesia;75;
Wadaginamb;Papua New Guinea;PP;2000;-4.52754;144.97231;Wadaginam;Christianity;Melanesia;75;
Levei-Narehat;Papua New Guinea;PP;4500;-2.06626;146.74577;Khehek;Christianity;Melanesia;75;
Osum;Papua New Guinea;PP;2400;-4.82756;144.92425;Utarmbung;Christianity;Melanesia;75;
Dia;Papua New Guinea;PP;3700;-3.38837;142.24844;Dia;Christianity;Melanesia;75;
Romkun;Papua New Guinea;PP;1200;-4.58919;144.68912;Romkun;Christianity;Melanesia;75;
Sori-Harengan;Papua New Guinea;PP;2200;-1.98384;146.64176;Sori-Harengan;Christianity;Melanesia;75;
Laeko-Libuat;Papua New Guinea;PP;1500;-3.69618;142.23664;Laeko-Libuat;Christianity;Melanesia;75;
Yoidik;Papua New Guinea;PP;1600;-4.94044;145.75776;Yoidik;Christianity;Melanesia;75;
Mondropolon;Papua New Guinea;PP;1100;-2.01359;146.93094;Mondropolon;Christianity;Melanesia;75;
Daonda;Papua New Guinea;PP;550;-3.31443;141.2198;Daonda;Christianity;Melanesia;75;
Tumie;Papua New Guinea;PP;2400;-5.30721;151.82777;Tomoip;Christianity;Melanesia;75;
Kaningra;Papua New Guinea;PP;700;-4.49681;143.1918;Kaningra;Christianity;Melanesia;75;
Simog;Papua New Guinea;PP;800;-3.33662;141.25383;Auwe;Christianity;Melanesia;75;
Elkei;Papua New Guinea;PP;3600;-3.455313;142.146189;Elkei;Christianity;Melanesia;75;
Sisi-Bipi;Papua New Guinea;PP;3600;-2.11115;146.39801;Bipi;Christianity;Melanesia;75;
Ningil;Papua New Guinea;PP;2100;-3.49733;142.25055;Ningil;Ethnoreligion;Melanesia;75;
Kairak;Papua New Guinea;PP;1500;-4.46941;151.98005;Kairak;Ethnoreligion;Melanesia;75;
Changriwa;Papua New Guinea;PP;1400;-4.28364;143.69565;Changriwa;Ethnoreligion;Melanesia;75;
Papi;Papua New Guinea;PP;150;-4.4725;142.01084;Baiyamo;Ethnoreligion;Melanesia;75;
Duranmin;Papua New Guinea;PP;300;-4.971;141.929;Asaba;Ethnoreligion;Melanesia;75;
Yelogu;Papua New Guinea;PP;800;-4.09907;142.80753;Yalaku;Ethnoreligion;Melanesia;75;
Pyu;Papua New Guinea;PP;400;-4.021526;141.034409;Pyu;Ethnoreligion;Melanesia;75;
Wogamusin;Papua New Guinea;PP;1700;-4.22936;142.40054;Wogamusin;Ethnoreligion;Melanesia;10;
Rouku;Papua New Guinea;PP;1500;-8.645437;141.43729;Wára;Ethnoreligion;Melanesia;75;
Ivori;Papua New Guinea;PP;2800;-7.40306;145.68228;Tainae;Ethnoreligion;Melanesia;75;
Yauan;Papua New Guinea;PP;1400;-3.504;142.5712;Bragat;Ethnoreligion;Melanesia;75;
Lembena;Papua New Guinea;PP;3800;-4.99504;143.89062;Lembena;Ethnoreligion;Melanesia;75;
Manem;Papua New Guinea;PP;1400;-2.99145;141.01991;Manem;Ethnoreligion;Melanesia;75;
Mebu;Papua New Guinea;PP;1200;-5.73869;146.3638;Ma (Papua New Guinea);Ethnoreligion;Melanesia;75;
Lower Morehead;Papua New Guinea;PP;600;-8.92289;141.42387;Kanja;Ethnoreligion;Melanesia;75;
Mekmek;Papua New Guinea;PP;3600;-4.47017;143.75002;Mekmek;Ethnoreligion;Melanesia;75;
Gende;Papua New Guinea;PP;24000;-5.67528;145.17732;Gende;Christianity;Melanesia;75;
Kairiru;Papua New Guinea;PP;12000;-3.34608;143.5576;Kairiru;Christianity;Melanesia;75;
Tavara;Papua New Guinea;PP;33500;-10.3115;150.64383;Tawala;Christianity;Melanesia;75;
Kuruti-Pare;Papua New Guinea;PP;6600;-2.01187;147.03608;Kurti;Christianity;Melanesia;75;
Wuvulu-Aua;Papua New Guinea;PP;3300;-1.73938;142.85072;Wuvulu-Aua;Christianity;Melanesia;75;
Tagula;Papua New Guinea;PP;5900;-11.52292;153.48807;Sudest;Christianity;Melanesia;75;
Mamusi;Papua New Guinea;PP;11000;-5.84776;151.03275;Mamusi;Christianity;Melanesia;75;
Tolai;Papua New Guinea;PP;171000;-4.30986;152.1136;Kuanua;Christianity;Melanesia;75;
Nimowa;Papua New Guinea;PP;3300;-11.22974;153.1584;Rifao;Christianity;Melanesia;75;
Tabar;Papua New Guinea;PP;8500;-2.7828;151.95641;Mandara;Christianity;Melanesia;75;
Siar;Papua New Guinea;PP;4600;-4.443619;153.035759;Siar-Lak;Christianity;Melanesia;75;
Kuni;Papua New Guinea;PP;12500;-8.621479;146.820891;Kuni;Christianity;Melanesia;75;
Gorova;Papua New Guinea;PP;175;-4.52947;144.59021;Waran;Christianity;Melanesia;75;
Waris;Papua New Guinea;PP;6600;-3.277;141.10645;Waris;Christianity;Melanesia;0;
Ganja;Papua New Guinea;PP;8700;-5.73674;144.96617;Kandawo;Christianity;Melanesia;75;
Tauade;Papua New Guinea;PP;31000;-8.3486;147.09377;Tauade;Christianity;Melanesia;75;
Fuyuge;Papua New Guinea;PP;28500;-8.6371;147.31162;Fuyug;Christianity;Melanesia;75;
Midsivindi;Papua New Guinea;PP;2500;-4.67614;144.89979;Inapang;Christianity;Melanesia;75;
Wiaki;Papua New Guinea;PP;1600;-3.554139;142.421421;Tok Pisin;Christianity;Melanesia;75;
Miyak;Papua New Guinea;PP;1200;-4.812387;143.912582;Kyenele;Ethnoreligion;Melanesia;75;
Finungwan;Papua New Guinea;PP;2800;-6.33005;146.62868;Finongan;Ethnoreligion;Melanesia;75;
Mongols;Papua New Guinea;PP;700;-4.30038;143.96513;Tok Pisin;Ethnoreligion;Melanesia;75;
Kosorong;Papua New Guinea;PP;4600;-6.56688;147.511;Borong;Ethnoreligion;Melanesia;75;
Waia;Papua New Guinea;PP;6600;-8.09387;143.30513;Tabo;Ethnoreligion;Melanesia;10;
Waibuk;Papua New Guinea;PP;3000;-5.128196;144.312245;Haruai;Ethnoreligion;Melanesia;75;
Yaul;Papua New Guinea;PP;2500;-4.39912;143.99318;Tok Pisin;Ethnoreligion;Melanesia;10;
Nagatman;Papua New Guinea;PP;1600;-3.745;141.474;Yale;Ethnoreligion;Melanesia;10;
Onabasulu;Papua New Guinea;PP;1600;-6.30876;142.77582;Onobasulu;Ethnoreligion;Melanesia;75;
Karawa;Papua New Guinea;PP;1400;-3.69933;142.01835;Pouye;Ethnoreligion;Melanesia;75;
Kwomtari;Papua New Guinea;PP;1500;-3.50718;141.48797;Kwomtari;Ethnoreligion;Melanesia;75;
Kamura;Papua New Guinea;PP;2000;-7.28798;142.63931;Kamula;Ethnoreligion;Melanesia;75;
Pila;Papua New Guinea;PP;4500;-4.42116;145.27607;Miani;Christianity;Melanesia;75;
Mugil;Papua New Guinea;PP;7700;-4.838;145.779;Bargam;Christianity;Melanesia;75;
Sulka;Papua New Guinea;PP;6900;-5.03471;151.89079;Sulka;Christianity;Melanesia;75;
Sengseng;Papua New Guinea;PP;3800;-6.16474;149.7841;Sengseng;Christianity;Melanesia;75;
Musan;Papua New Guinea;PP;400;-4.05312;141.4197;Siawi;Ethnoreligion;Melanesia;75;
Manambu;Papua New Guinea;PP;4300;-4.262189;142.754264;Manambu;Christianity;Melanesia;75;
Kamasau;Papua New Guinea;PP;2000;-3.8503;143.84222;Kamasau;Christianity;Melanesia;75;
Tangu;Papua New Guinea;PP;8400;-4.4621;144.91557;Tanggu;Christianity;Melanesia;75;
Pitilu;Papua New Guinea;PP;2500;-1.964345;147.237717;Leipon;Christianity;Melanesia;75;
Ulingan;Papua New Guinea;PP;4800;-4.52416;145.39391;Mauwake;Christianity;Melanesia;75;
Ninigo;Papua New Guinea;PP;2800;-1.544;145.062;Seimat;Christianity;Melanesia;75;
Owiniga;Papua New Guinea;PP;800;-4.47476;141.6973;Owiniga;Ethnoreligion;Melanesia;75;
Pay;Papua New Guinea;PP;2800;-4.35889;145.03981;Mala (Bogia district);Ethnoreligion;Melanesia;10;
Sisano;Papua New Guinea;PP;14000;-3.01976;142.04893;Essono;Christianity;Melanesia;75;
Daga;Papua New Guinea;PP;16500;-9.9747;149.26296;Daga;Christianity;Melanesia;75;
Onjob;Papua New Guinea;PP;350;-9.335;149.152;Onjob;Christianity;Melanesia;75;
Nenaya;Papua New Guinea;PP;1500;-5.91639;146.85898;Mato;Christianity;Melanesia;75;
Doromu;Papua New Guinea;PP;2700;-9.56687;147.9855;Doromu-Koki;Christianity;Melanesia;75;
Kukuya;Papua New Guinea;PP;4500;-9.618151;150.439009;Minaveha;Christianity;Melanesia;75;
Gizra;Papua New Guinea;PP;2400;-9.183;142.80391;Gizrra;Christianity;Melanesia;75;
Sileibi;Papua New Guinea;PP;950;-4.98243;145.22499;Sirva;Christianity;Melanesia;75;
Silopi;Papua New Guinea;PP;375;-5.12302;145.58617;Silopi;Christianity;Melanesia;75;
Watiwa;Papua New Guinea;PP;1100;-5.82002;145.65507;Watiwa;Christianity;Melanesia;75;
Murupi;Papua New Guinea;PP;1100;-5.0245;145.60578;Murupi;Christianity;Melanesia;75;
Saruga;Papua New Guinea;PP;425;-5.08824;145.57798;Saruga;Christianity;Melanesia;75;
Samosa;Papua New Guinea;PP;175;-5.01391;145.53729;Samosa;Christianity;Melanesia;75;
Rapting;Papua New Guinea;PP;1200;-4.99351;145.67105;Rapting;Christianity;Melanesia;75;
Wamas;Papua New Guinea;PP;550;-4.97757;145.54112;Wamas;Christianity;Melanesia;75;
Nake;Papua New Guinea;PP;600;-5.09087;145.65515;Nake;Christianity;Melanesia;75;
Sausi;Papua New Guinea;PP;3000;-5.6873;145.49195;Wia;Christianity;Melanesia;75;
Rerau;Papua New Guinea;PP;1200;-5.51361;145.7158;Rerau;Christianity;Melanesia;75;
Dumun;Papua New Guinea;PP;90;-5.55315;146.08223;Dumun;Christianity;Melanesia;75;
Ganglau;Papua New Guinea;PP;950;-5.539;146.111;Ganglau;Christianity;Melanesia;75;
Forak;Papua New Guinea;PP;550;-5.69079;146.54121;Forak;Christianity;Melanesia;75;
Lemio;Papua New Guinea;PP;550;-5.61407;146.44079;Lemio;Christianity;Melanesia;75;
Guiarak;Papua New Guinea;PP;475;-5.70374;146.4531;Guya;Christianity;Melanesia;75;
Matepi;Papua New Guinea;PP;550;-5.13857;145.61732;Matepi;Christianity;Melanesia;75;
Danaru;Papua New Guinea;PP;350;-5.53634;145.45672;Danaru;Christianity;Melanesia;75;
Isabi;Papua New Guinea;PP;1000;-5.83809;145.46204;Isabi;Christianity;Melanesia;75;
Gal;Papua New Guinea;PP;700;-5.18;145.648;Gal;Christianity;Melanesia;75;
Kinalakna;Papua New Guinea;PP;700;-6.05862;147.44249;Kinalakna;Christianity;Melanesia;75;
Mosimo;Papua New Guinea;PP;100;-4.95226;145.6054;Mosimo;Christianity;Melanesia;75;
Kare;Papua New Guinea;PP;1400;-5.07674;145.49889;Kare (Papua New Guinea);Christianity;Melanesia;75;
Moere;Papua New Guinea;PP;100;-4.62246;145.45828;Moere;Christianity;Melanesia;75;
Uriginau;Papua New Guinea;PP;4900;-5.58982;145.50708;Kobuka;Christianity;Melanesia;75;
Yaben;Papua New Guinea;PP;2500;-4.90868;145.36113;Yaben;Christianity;Melanesia;75;
Nuk;Papua New Guinea;PP;1600;-6.40741;146.8751;Nuk;Christianity;Melanesia;75;
Nomu;Papua New Guinea;PP;3100;-6.10429;147.49999;Nomu;Christianity;Melanesia;75;
Parawen;Papua New Guinea;PP;1500;-5.0112;145.4177;Parawen;Christianity;Melanesia;75;
Waisara;Papua New Guinea;PP;1200;-6.70452;145.81705;Owenia;Christianity;Melanesia;75;
Sialum;Papua New Guinea;PP;850;-6.07688;147.57361;Sialum;Christianity;Melanesia;75;
Sinsauru;Papua New Guinea;PP;1100;-5.64336;145.59921;Kou;Christianity;Melanesia;75;
Vanambre;Papua New Guinea;PP;1200;-4.78822;145.41873;Mokati;Christianity;Melanesia;75;
Kesawai;Papua New Guinea;PP;1600;-5.76797;145.5796;Koromu;Christianity;Melanesia;75;
Musak;Papua New Guinea;PP;1200;-5.37407;145.19695;Aisi;Christianity;Melanesia;75;
Degenan;Papua New Guinea;PP;1600;-5.70892;146.57176;Degenang;Christianity;Melanesia;75;
Piu;Papua New Guinea;PP;225;-6.96694;146.4547;Piu;Christianity;Melanesia;75;
Musom;Papua New Guinea;PP;425;-6.53817;146.93016;Musom;Christianity;Melanesia;75;
Sepa;Papua New Guinea;PP;1500;-4.270605;144.963572;Sepa (Papua New Guinea);Christianity;Melanesia;75;
Sirak;Papua New Guinea;PP;550;-6.43306;146.81512;Nafi;Christianity;Melanesia;75;
Nauna;Papua New Guinea;PP;225;-2.21213;148.20067;Neherneh;Christianity;Melanesia;75;
Mwatebu;Papua New Guinea;PP;275;-10.0271;151.06551;Mwatebu;Christianity;Melanesia;75;
Siboma;Papua New Guinea;PP;375;-7.52806;147.29775;Numbami;Christianity;Melanesia;75;
Vehes;Papua New Guinea;PP;375;-6.92151;146.89473;Vehes;Christianity;Melanesia;75;
Sirasira;Papua New Guinea;PP;1500;-6.321243;146.477923;Sarasira;Christianity;Melanesia;75;
Matukar;Papua New Guinea;PP;850;-4.9078;145.77862;Matukar Panau;Christianity;Melanesia;75;
Wogeo;Papua New Guinea;PP;3300;-3.20238;144.08925;Wogeo;Christianity;Melanesia;75;
Yalu;Papua New Guinea;PP;2700;-6.65252;146.91898;Aribwaung;Christianity;Melanesia;75;
Terepu;Papua New Guinea;PP;550;-3.68721;143.83467;Terebu;Christianity;Melanesia;75;
Mindiri;Papua New Guinea;PP;350;-5.54613;146.13772;Mindiri;Christianity;Melanesia;75;
Doga;Papua New Guinea;PP;425;-9.63698;149.84148;Doga;Christianity;Melanesia;75;
Magori;Papua New Guinea;PP;850;-10.23207;149.26034;Magori;Christianity;Melanesia;75;
Kis;Papua New Guinea;PP;500;-3.83909;143.95983;Kis;Christianity;Melanesia;75;
Sera;Papua New Guinea;PP;1500;-2.9854;141.9508;Sera;Christianity;Melanesia;75;
Karore;Papua New Guinea;PP;1100;-6.15563;149.90664;Karore;Christianity;Melanesia;75;
Kaiep;Papua New Guinea;PP;850;-3.70524;143.88443;Kaiep;Christianity;Melanesia;75;
Elu;Papua New Guinea;PP;750;-1.99841;147.10086;Elu;Christianity;Melanesia;75;
Sinagen;Papua New Guinea;PP;700;-3.437194;142.403384;Sinagen;Christianity;Melanesia;75;
Pai;Papua New Guinea;PP;750;-4.43974;142.24694;Pefiyahe;Christianity;Melanesia;75;
Valman;Papua New Guinea;PP;3500;-3.24963;142.49904;Walman;Christianity;Melanesia;75;
Kibiri;Papua New Guinea;PP;2000;-7.45276;144.29554;Kibiri;Christianity;Melanesia;75;
Lilau;Papua New Guinea;PP;1600;-4.35479;144.98971;Lilau;Christianity;Melanesia;75;
Igana;Papua New Guinea;PP;425;-4.70942;144.84075;Igana;Christianity;Melanesia;75;
Elepi;Papua New Guinea;PP;700;-3.7505;143.93014;Elepi;Christianity;Melanesia;75;
Nawaru;Papua New Guinea;PP;550;-9.37935;148.23654;Nawaru;Christianity;Melanesia;75;
Urimo;Papua New Guinea;PP;1600;-3.854956;143.695777;Urimo;Christianity;Melanesia;75;
Ontenu;Papua New Guinea;PP;7900;-6.379;145.796;Ontenu;Christianity;Melanesia;75;
Minanibai;Papua New Guinea;PP;1100;-7.61717;144.01087;Minanibai;Christianity;Melanesia;75;
Guriaso;Papua New Guinea;PP;350;-3.5718;141.59654;Muno;Christianity;Melanesia;75;
Yabio;Papua New Guinea;PP;400;-4.58133;142.11163;Yawiyo;Christianity;Melanesia;75;
Eitiep;Papua New Guinea;PP;1000;-3.519929;142.596194;Eitiep;Christianity;Melanesia;75;
Murik;Papua New Guinea;PP;2100;-3.86959;144.16627;Murik (Papua New Guinea);Christianity;Melanesia;75;
Walio;Papua New Guinea;PP;475;-4.41234;142.23075;Walio;Christianity;Melanesia;75;
Imonda;Papua New Guinea;PP;700;-3.31228;141.1713;Imonda;Christianity;Melanesia;75;
Kominimung;Papua New Guinea;PP;700;-4.68537;144.78262;Kominimung;Christianity;Melanesia;75;
Kove;Papua New Guinea;PP;18500;-5.58623;149.62968;Kove;Christianity;Melanesia;75;
Mehek;Papua New Guinea;PP;17500;-3.70927;142.49818;Mehek;Christianity;Melanesia;75;
Kamano;Papua New Guinea;PP;137000;-6.25829;145.72827;Kamano;Christianity;Melanesia;75;
Usan;Papua New Guinea;PP;3800;-4.84265;145.36225;Usan;Christianity;Melanesia;75;
Salt;Papua New Guinea;PP;23000;-6.26519;145.02097;Yui;Christianity;Melanesia;75;
Mape;Papua New Guinea;PP;19000;-6.59318;147.6816;Mape;Christianity;Melanesia;75;
Tani;Papua New Guinea;PP;6200;-4.55066;145.23912;Maiani;Christianity;Melanesia;75;
Uri Vehees;Papua New Guinea;PP;6900;-6.41993;146.60839;Uri;Christianity;Melanesia;75;
Chimbu;Papua New Guinea;PP;216000;-5.944437;144.796429;Kuman (Papua New Guinea);Christianity;Melanesia;75;
Waskia;Papua New Guinea;PP;36000;-4.56219;145.962064;Waskia;Christianity;Melanesia;75;
Mataru;Papua New Guinea;PP;1700;-5.178309;145.769864;Wagi;Christianity;Melanesia;75;
Dogoro;Papua New Guinea;PP;600;-9.13688;148.76599;Doghoro;Christianity;Melanesia;75;
East Kewa;Papua New Guinea;PP;97500;-6.32989;143.93088;Kewapi, East;Christianity;Melanesia;75;
Usurufa;Papua New Guinea;PP;3500;-6.38898;145.63291;Usarufa;Christianity;Melanesia;75;
Saep;Papua New Guinea;PP;1100;-5.64812;146.07781;Saep;Christianity;Melanesia;75;
Laewomba;Papua New Guinea;PP;15000;-6.67364;146.66168;Wampar;Christianity;Melanesia;75;
Guwet;Papua New Guinea;PP;1400;-6.4717;146.8955;Duwet;Christianity;Melanesia;75;
Patep;Papua New Guinea;PP;3300;-6.928862;146.629967;Patep;Christianity;Melanesia;75;
Lele;Papua New Guinea;PP;4500;-2.04783;147.20745;Lele (Papua New Guinea);Christianity;Melanesia;75;
Omo;Papua New Guinea;PP;17500;-2.70951;150.89272;Tigak;Christianity;Melanesia;75;
Yabem;Papua New Guinea;PP;7900;-6.67052;147.80997;Yabem;Christianity;Melanesia;75;
Mangga Buang;Papua New Guinea;PP;2500;-6.99891;146.68468;Buang, Mangga;Christianity;Melanesia;75;
Kela;Papua New Guinea;PP;3600;-7.47103;147.1729;Kala;Christianity;Melanesia;75;
Madak;Papua New Guinea;PP;9500;-3.34342;151.96672;Madak;Christianity;Melanesia;75;
Central Buang;Papua New Guinea;PP;18500;-6.86672;146.77413;Buang, Central;Christianity;Melanesia;75;
Nalik;Papua New Guinea;PP;15500;-2.94411;151.33183;Nalik;Christianity;Melanesia;75;
Kandas;Papua New Guinea;PP;2200;-4.3652;152.7808;Kandas;Christianity;Melanesia;75;
Muniwara;Papua New Guinea;PP;3100;-3.78596;143.68068;Juwar;Christianity;Melanesia;75;
Kombio;Papua New Guinea;PP;6100;-3.48467;142.69357;Kombio;Christianity;Melanesia;75;
Koita;Papua New Guinea;PP;5800;-9.36877;147.07916;Koita;Christianity;Melanesia;75;
Olo;Papua New Guinea;PP;28000;-3.420941;142.07073;Olo;Christianity;Melanesia;75;
Urim;Papua New Guinea;PP;7700;-3.58018;142.65316;Urim;Christianity;Melanesia;75;
Urat;Papua New Guinea;PP;13000;-3.60065;142.79038;Urat;Christianity;Melanesia;75;
Sepen;Papua New Guinea;PP;1400;-4.22789;144.80885;Akukem;Christianity;Melanesia;75;
Sau Enga;Papua New Guinea;PP;36000;-5.644999;143.869947;Enga;Christianity;Melanesia;75;
Girawa;Papua New Guinea;PP;14000;-5.35342;145.42332;Girawa;Christianity;Melanesia;75;
Ngalum;Papua New Guinea;PP;29000;-4.67682;141.03032;Ngalum;Christianity;Melanesia;75;
South Mendi;Papua New Guinea;PP;58500;-6.171111;143.595861;Angal Enen;Christianity;Melanesia;75;
West Kewa;Papua New Guinea;PP;97500;-6.32097;143.72984;Kewapi, West;Christianity;Melanesia;75;
Sua;Papua New Guinea;PP;23500;-6.167;145.1;Chuave;Christianity;Melanesia;75;
South Kewa;Papua New Guinea;PP;21500;-6.55011;143.91778;Pole;Christianity;Melanesia;75;
Keyagana;Papua New Guinea;PP;42500;-6.47599;145.46423;Keyagana;Christianity;Melanesia;75;
Narak;Papua New Guinea;PP;13500;-5.5591;144.75421;Narak;Christianity;Melanesia;75;
Tairora;Papua New Guinea;PP;12000;-6.51563;145.95929;Tairora, North;Christianity;Melanesia;75;
Telefol;Papua New Guinea;PP;15000;-5.07444;141.73053;Telefol;Christianity;Melanesia;75;
Rawa;Papua New Guinea;PP;29000;-5.83155;145.93659;Rawa;Christianity;Melanesia;75;
Dom;Papua New Guinea;PP;25500;-6.05429;144.945729;Dom;Christianity;Melanesia;75;
Karam;Papua New Guinea;PP;42000;-5.25216;144.58514;Kalam;Christianity;Melanesia;75;
Ninggerum;Papua New Guinea;PP;11000;-5.269474;141.221982;Ninggerum;Christianity;Melanesia;75;
Timbe;Papua New Guinea;PP;31000;-6.06875;147.05718;Timbe;Christianity;Melanesia;75;
Omwunra-Tugura;Papua New Guinea;PP;14000;-6.545994;145.97187;Tairora, South;Christianity;Melanesia;75;
Nabak;Papua New Guinea;PP;44000;-6.42709;146.96615;Nabak;Christianity;Melanesia;75;
Kobon;Papua New Guinea;PP;18000;-5.16446;144.45995;Kobon;Christianity;Melanesia;75;
Selepet;Papua New Guinea;PP;20500;-6.03532;147.23425;Selepet;Christianity;Melanesia;75;
Komba;Papua New Guinea;PP;33000;-6.16163;147.27997;Komba;Christianity;Melanesia;75;
Ewage-Notu;Papua New Guinea;PP;41000;-8.680496;148.42043;Ewage-Notu;Christianity;Melanesia;75;
Orokaiva;Papua New Guinea;PP;83000;-8.761935;148.237724;Orokaiva;Christianity;Melanesia;75;
Tembogia;Papua New Guinea;PP;89000;-5.8626;144.08649;Bo-Ung;Christianity;Melanesia;75;
Sinagoro;Papua New Guinea;PP;31000;-9.79791;147.86105;Sinaugoro;Christianity;Melanesia;75;
Keopara;Papua New Guinea;PP;21000;-10.112012;148.087146;Keapara;Christianity;Melanesia;75;
Maleu;Papua New Guinea;PP;14000;-5.61613;148.44535;Maleu-Kilenge;Christianity;Melanesia;75;
Lavongai;Papua New Guinea;PP;36000;-2.52188;150.19803;Tungag;Christianity;Melanesia;75;
Muyuw;Papua New Guinea;PP;15000;-9.195;152.73124;Muyuw;Christianity;Melanesia;75;
Lindrou;Papua New Guinea;PP;10500;-2.1143;146.62734;Nyindrou;Christianity;Melanesia;75;
West Nakanai;Papua New Guinea;PP;45000;-5.59931;150.88772;Nakanai;Christianity;Melanesia;75;
Molima;Papua New Guinea;PP;12000;-9.545746;150.629245;Molima;Christianity;Melanesia;75;
Dobu;Papua New Guinea;PP;14000;-9.63239;150.82504;Dobu;Christianity;Melanesia;75;
Lihir;Papua New Guinea;PP;27000;-3.18895;152.60632;Lihir;Christianity;Melanesia;75;
Duau;Papua New Guinea;PP;10500;-10.18696;151.21773;Duau;Christianity;Melanesia;75;
Titan;Papua New Guinea;PP;11000;-2.194733;146.879669;Titan;Christianity;Melanesia;75;
Kiriwina;Papua New Guinea;PP;43500;-8.72574;151.0724;Kilivila;Christianity;Melanesia;75;
Motu;Papua New Guinea;PP;68000;-9.67492;147.42357;Motu;Christianity;Melanesia;75;
Moewehafen;Papua New Guinea;PP;10500;-6.23575;149.57082;Aiklep;Christianity;Melanesia;75;
Suau;Papua New Guinea;PP;12500;-10.67067;150.255246;Suau;Christianity;Melanesia;75;
Takia;Papua New Guinea;PP;46000;-4.662102;145.894503;Takia;Christianity;Melanesia;75;
Seim;Papua New Guinea;PP;11500;-3.67233;142.68288;Mende (Papua New Guinea);Christianity;Melanesia;75;
Kwasengen;Papua New Guinea;PP;20000;-3.90364;142.84869;Hanga Hundi;Christianity;Melanesia;75;
Namie;Papua New Guinea;PP;11000;-3.887632;141.795884;Namia;Christianity;Melanesia;75;
Daribi;Papua New Guinea;PP;29000;-6.65765;144.51071;Dadibi;Christianity;Melanesia;75;
Hiri Motu;Papua New Guinea;PP;12500;-9.3403;147.0472;Motu, Hiri;Christianity;Melanesia;75;
Weli;Papua New Guinea;PP;15500;-7.71834;146.91368;Amam;Christianity;Melanesia;75;
Mailu;Papua New Guinea;PP;21500;-10.293692;149.336914;Magi;Christianity;Melanesia;75;
Southern Kiwai;Papua New Guinea;PP;26500;-8.64889;143.24381;Kiwai, Southern;Christianity;Melanesia;75;
Mawan;Papua New Guinea;PP;950;-5.2219;145.58867;Tok Pisin;Christianity;Melanesia;75;
Tench;Papua New Guinea;PP;350;-1.649462;150.673731;Tok Pisin;Christianity;Melanesia;75;
Mandi;Papua New Guinea;PP;550;-3.63409;143.75606;Tok Pisin;Christianity;Melanesia;75;
Panim;Papua New Guinea;PP;850;-5.21388;145.75242;Tok Pisin;Christianity;Melanesia;75;
Paynamar;Papua New Guinea;PP;600;-4.94303;144.8791;Tok Pisin;Christianity;Melanesia;75;
Monumbo;Papua New Guinea;PP;850;-4.2717;144.95019;Tok Pisin;Christianity;Melanesia;75;
Faita;Papua New Guinea;PP;175;-5.59947;145.29785;Tok Pisin;Christianity;Melanesia;75;
Yarawata;Papua New Guinea;PP;350;-4.93943;145.45448;Tok Pisin;Christianity;Melanesia;75;
Kopar;Papua New Guinea;PP;800;-3.98259;144.46567;Tok Pisin;Christianity;Melanesia;75;
Yapunda;Papua New Guinea;PP;250;-3.460329;142.461966;Tok Pisin;Christianity;Melanesia;75;
Puari;Papua New Guinea;PP;1200;-2.90121;141.71469;Tok Pisin;Christianity;Melanesia;75;
Usu;Papua New Guinea;PP;550;-5.32246;145.4704;Tok Pisin;Christianity;Melanesia;75;
Krisa;Papua New Guinea;PP;850;-2.80084;141.30335;Tok Pisin;Christianity;Melanesia;75;
Sonia;Papua New Guinea;PP;1100;-6.42736;142.58885;Tok Pisin;Christianity;Melanesia;75;
Mountain Koiari;Papua New Guinea;PP;6900;-9.06973;147.38403;Koiali, Mountain;Christianity;Melanesia;75;
Maiwa;Papua New Guinea;PP;3500;-9.69836;149.27394;Maiwa (Papua New Guinea);Christianity;Melanesia;75;
Tomu;Papua New Guinea;PP;1100;-6.620169;142.429648;Odoodee;Christianity;Melanesia;75;
Kire-Puire;Papua New Guinea;PP;4900;-4.25927;144.71096;Kire;Christianity;Melanesia;75;
Gwedena;Papua New Guinea;PP;7200;-9.89671;149.65773;Umanakaina;Christianity;Melanesia;75;
Gawanga;Papua New Guinea;PP;1000;-3.754114;142.562672;Kwanga;Christianity;Melanesia;75;
Kawacha;Papua New Guinea;PP;100;-6.96411;146.20897;Yagwoia;Christianity;Melanesia;75;
Sona;Papua New Guinea;PP;5600;-10.269839;149.696435;Kanasi;Christianity;Melanesia;75;
Wasi;Papua New Guinea;PP;3600;-5.58045;151.05018;Pele-Ata;Christianity;Melanesia;75;
Iwam;Papua New Guinea;PP;7500;-4.27346;141.81705;Iwam;Christianity;Melanesia;75;
Pawaia;Papua New Guinea;PP;4600;-6.88021;145.08142;Pawaia;Christianity;Melanesia;75;
Kasua;Papua New Guinea;PP;1900;-6.64861;142.99338;Kasua;Christianity;Melanesia;75;
Karkar;Papua New Guinea;PP;3100;-3.74954;141.09822;Karkar-Yuri;Christianity;Melanesia;75;
Kamasa;Papua New Guinea;PP;90;-6.96411;146.20897;Menya;Christianity;Melanesia;75;
Etoro;Papua New Guinea;PP;3600;-6.11618;142.65007;Edolo;Christianity;Melanesia;75;
Yareba;Papua New Guinea;PP;2600;-9.50651;148.6047;Yareba;Christianity;Melanesia;75;
Rossel Islanders;Papua New Guinea;PP;9400;-11.37963;154.12664;Yélî Dnye;Christianity;Melanesia;75;
Pinai;Papua New Guinea;PP;1700;-5.12624;144.13744;Pinai-Hagahai;Christianity;Melanesia;75;
Turaka;Papua New Guinea;PP;125;-9.83576;149.56671;Daga;Christianity;Melanesia;75;
Were;Papua New Guinea;PP;1100;-8.42194;142.44711;Kiunum;Christianity;Melanesia;75;
Wabuda Kiwai;Papua New Guinea;PP;5600;-8.41651;143.50149;Waboda;Christianity;Melanesia;75;
Tobo;Papua New Guinea;PP;8000;-6.36263;147.37562;Tobo;Christianity;Melanesia;75;
Kerewo;Papua New Guinea;PP;9000;-7.551;144.3085;Kerewo;Christianity;Melanesia;75;
Gaikunti;Papua New Guinea;PP;2600;-4.01718;143.13858;Gaikundi;Christianity;Melanesia;75;
Podopa;Papua New Guinea;PP;9400;-6.86321;144.45842;Folopa;Christianity;Melanesia;75;
Sumariup;Papua New Guinea;PP;225;-4.728754;143.262489;Alamblak;Christianity;Melanesia;75;
Pa;Papua New Guinea;PP;5900;-6.31307;141.903239;Pa;Christianity;Melanesia;75;
Hewa;Papua New Guinea;PP;6600;-5.03635;142.55148;Hewa;Christianity;Melanesia;75;
Kenele;Papua New Guinea;PP;1400;-4.612495;143.845487;Kyenele;Christianity;Melanesia;75;
Kurada;Papua New Guinea;PP;3100;-10.09588;151.00206;’Auhelawa;Christianity;Melanesia;75;
Nali-Yiru;Papua New Guinea;PP;5400;-2.185769;147.203871;Nali;Christianity;Melanesia;75;
Mukawa;Papua New Guinea;PP;5300;-9.67147;149.9994;Are;Christianity;Melanesia;75;
Wedau;Papua New Guinea;PP;4800;-10.12464;150.17188;Wedau;Christianity;Melanesia;75;
Ubir;Papua New Guinea;PP;5600;-9.59044;149.39621;Ubir;Christianity;Melanesia;75;
Paiwa;Papua New Guinea;PP;5300;-9.73317;149.85373;Gapapaiwa;Christianity;Melanesia;75;
Mok;Papua New Guinea;PP;2100;-5.71155;149.15759;Mouk-Aria;Christianity;Melanesia;75;
Taupota;Papua New Guinea;PP;2700;-10.2275;150.37277;Taupota;Christianity;Melanesia;75;
Sursurunga;Papua New Guinea;PP;8400;-3.99078;152.76834;Sursurunga;Christianity;Melanesia;75;
Maisin;Papua New Guinea;PP;3500;-9.22853;148.73057;Maisin;Christianity;Melanesia;75;
Tiang;Papua New Guinea;PP;3500;-2.95505;150.93502;Tiang;Christianity;Melanesia;75;
Meramera;Papua New Guinea;PP;5300;-4.97468;151.52804;Meramera;Christianity;Melanesia;75;
Lou;Papua New Guinea;PP;2700;-2.38659;147.34554;Lou;Christianity;Melanesia;75;
Hula;Papua New Guinea;PP;8900;-9.99427;147.70512;Vula’a;Christianity;Melanesia;75;
Moromiranga;Papua New Guinea;PP;1100;-5.436624;147.136853;Arop-Lokep;Christianity;Melanesia;75;
Mbula;Papua New Guinea;PP;8000;-5.66965;148.04113;Mbula;Christianity;Melanesia;75;
Masegi;Papua New Guinea;PP;6300;-5.89752;150.67987;Mangseng;Christianity;Melanesia;75;
Tami;Papua New Guinea;PP;3500;-6.70017;147.73151;Tami;Christianity;Melanesia;75;
Hotei;Papua New Guinea;PP;4500;-7.061723;146.923071;Malei;Christianity;Melanesia;75;
Label;Papua New Guinea;PP;550;-4.46971;152.67791;Label;Christianity;Melanesia;75;
Ziya;Papua New Guinea;PP;6100;-7.95814;147.57935;Zia;Christianity;Melanesia;75;
Migabac;Papua New Guinea;PP;4300;-6.33237;147.71314;Migabac;Christianity;Melanesia;75;
Momole;Papua New Guinea;PP;1400;-6.3409;147.79047;Kâte;Christianity;Melanesia;75;
Suroi;Papua New Guinea;PP;2600;-5.52893;145.9938;Siroi;Christianity;Melanesia;75;
Suena;Papua New Guinea;PP;6600;-7.76339;147.53436;Suena;Christianity;Melanesia;75;
Sakam;Papua New Guinea;PP;2700;-6.18726;146.70211;Kutong;Christianity;Melanesia;75;
Yagomi;Papua New Guinea;PP;550;-5.7457;146.6036;Muratayak;Christianity;Melanesia;75;
Ngaing;Papua New Guinea;PP;4500;-5.6513;146.34303;Ngaing;Christianity;Melanesia;75;
Saki;Papua New Guinea;PP;9400;-4.50212;145.09554;Maia;Christianity;Melanesia;75;
Morafa;Papua New Guinea;PP;2600;-5.68263;146.50794;Asaro’o;Christianity;Melanesia;75;
Songum;Papua New Guinea;PP;1700;-5.546;145.805;Sam;Christianity;Melanesia;75;
Nankina;Papua New Guinea;PP;6900;-5.80804;146.46444;Nankina;Christianity;Melanesia;75;
Nek;Papua New Guinea;PP;3200;-6.37697;146.84135;Nek;Christianity;Melanesia;75;
Kovai;Papua New Guinea;PP;9900;-5.61712;147.86159;Kovai;Christianity;Melanesia;75;
Mawak;Papua New Guinea;PP;60;-4.61817;145.28314;Miani;Christianity;Melanesia;75;
Gira;Papua New Guinea;PP;800;-5.63017;146.4068;Madi;Christianity;Melanesia;75;
Mianmin;Papua New Guinea;PP;7700;-4.70881;141.52283;Mian;Christianity;Melanesia;75;
Kowaki;Papua New Guinea;PP;60;-4.63032;145.41193;Mauwake;Christianity;Melanesia;75;
Kenati;Papua New Guinea;PP;2800;-6.74765;145.8806;Aziana;Christianity;Melanesia;75;
Nete;Papua New Guinea;PP;3300;-5.02368;143.0286;Nete;Christianity;Melanesia;75;
Kambaira;Papua New Guinea;PP;600;-6.26656;146.08346;Gadsup;Christianity;Melanesia;75;
Tifal;Papua New Guinea;PP;7300;-5.03899;141.2934;Tifal;Christianity;Melanesia;75;
Mamaa;Papua New Guinea;PP;750;-6.35558;146.57572;Finongan;Christianity;Melanesia;75;
Yabiyufa;Papua New Guinea;PP;5600;-6.1868;145.35873;Yaweyuha;Christianity;Melanesia;75;
Sumau;Papua New Guinea;PP;5200;-5.48556;145.47407;Sumau;Christianity;Melanesia;75;
Medebur;Papua New Guinea;PP;1100;-4.49918;145.42468;Medebur;Christianity;Melanesia;75;
Lenkau;Papua New Guinea;PP;850;-2.33367;147.74163;Lenkau;Christianity;Melanesia;75;
Zenag;Papua New Guinea;PP;6900;-6.9373;146.604434;Zenag;Christianity;Melanesia;75;
Onank;Papua New Guinea;PP;1500;-6.712556;146.430511;Kodut, North;Christianity;Melanesia;75;
Sewa Bay;Papua New Guinea;PP;6700;-10.02772;150.95608;Sewa Bay;Christianity;Melanesia;75;
Lavatbura-Lamusong;Papua New Guinea;PP;5700;-3.21903;151.72789;Lavatbura-Lamusong;Christianity;Melanesia;75;
Sukurum;Papua New Guinea;PP;2800;-6.381172;146.410542;Sukurum;Christianity;Melanesia;75;
Kaliai;Papua New Guinea;PP;5400;-5.55033;149.14807;Lusi;Christianity;Melanesia;75;
Gorakor;Papua New Guinea;PP;7800;-6.829724;146.612479;Gorakor;Christianity;Melanesia;75;
Penchal;Papua New Guinea;PP;1900;-2.29891;147.81018;Penchal;Christianity;Melanesia;75;
Malasanga;Papua New Guinea;PP;2000;-5.9401;147.05778;Pano;Christianity;Melanesia;75;
Pak-Tong;Papua New Guinea;PP;3700;-2.05269;147.76651;Pak-Tong;Christianity;Melanesia;75;
Tumleo;Papua New Guinea;PP;1600;-3.14955;142.34587;Tumleo;Christianity;Melanesia;75;
Sihan;Papua New Guinea;PP;1200;-5.28029;145.57365;Sihan (Papua New Guinea);Christianity;Melanesia;75;
Utu;Papua New Guinea;PP;2000;-5.16422;145.54353;Utu;Christianity;Melanesia;75;
Urapmin;Papua New Guinea;PP;1500;-5.08704;141.54009;Urapmin;Christianity;Melanesia;75;
Jilim;Papua New Guinea;PP;1400;-5.55252;145.737628;Jilim;Christianity;Melanesia;75;
Yangulam;Papua New Guinea;PP;850;-5.52697;145.85762;Dubuporo;Christianity;Melanesia;75;
Ufim;Papua New Guinea;PP;2100;-6.05128;146.24488;Ufim;Christianity;Melanesia;75;
Gumalu;Papua New Guinea;PP;1200;-5.22189;145.61809;Gumalu;Christianity;Melanesia;75;
Som;Papua New Guinea;PP;600;-6.088;146.646;Tayatuk;Christianity;Melanesia;75;
Munit;Papua New Guinea;PP;1900;-5.24329;145.54813;Munit;Christianity;Melanesia;75;
Yekora;Papua New Guinea;PP;2200;-7.812;147.545;Yekora;Christianity;Melanesia;75;
Mitang;Papua New Guinea;PP;1200;-3.55223;142.354945;Nabi;Christianity;Melanesia;75;
Tonda;Papua New Guinea;PP;1400;-8.521057;141.113272;Blafe;Christianity;Melanesia;75;
Watam;Papua New Guinea;PP;1200;-4.02591;144.58253;Marangis;Christianity;Melanesia;75;
Ipiko;Papua New Guinea;PP;700;-7.37424;144.8632;Ipiko;Christianity;Melanesia;75;
Morigi Islanders;Papua New Guinea;PP;2800;-7.62961;143.87996;Morigi;Christianity;Melanesia;75;
Sengo;Papua New Guinea;PP;1100;-4.02247;142.95637;Sengo;Christianity;Melanesia;75;
Yil;Papua New Guinea;PP;5300;-3.46501;142.17773;Yil;Christianity;Melanesia;75;
Mapena;Papua New Guinea;PP;1200;-9.77803;149.49456;Mapena;Christianity;Melanesia;75;
Gobasi;Papua New Guinea;PP;3100;-6.48678;142.20124;Gebusi;Christianity;Melanesia;75;
Rawo;Papua New Guinea;PP;1400;-2.84201;141.603;Rawo;Christianity;Melanesia;75;
Morawa;Papua New Guinea;PP;3200;-10.13213;148.67103;Morawa;Christianity;Melanesia;75;
Moikodi;Papua New Guinea;PP;2000;-9.60232;148.31167;Moikodi;Christianity;Melanesia;75;
Koguman;Papua New Guinea;PP;1500;-4.79614;145.2836;Kovol;Christianity;Melanesia;75;
Domu;Papua New Guinea;PP;2100;-10.15101;148.45002;Domu;Christianity;Melanesia;75;
Hinihon;Papua New Guinea;PP;3200;-4.69874;145.28827;Pamosu;Christianity;Melanesia;75;
Gaina;Papua New Guinea;PP;3300;-9.14409;148.59048;Gaina;Christianity;Melanesia;75;
Ginuman;Papua New Guinea;PP;3100;-10.02977;149.69988;Ginuman;Christianity;Melanesia;75;
Ikobi-Mena;Papua New Guinea;PP;1400;-7.18734;143.312197;Ikobi;Christianity;Melanesia;75;
Igom;Papua New Guinea;PP;3800;-4.4153;144.81601;Kanggape;Christianity;Melanesia;75;
Kapriman;Papua New Guinea;PP;3600;-4.51011;143.24107;Kapriman;Christianity;Melanesia;75;
Koiwat;Papua New Guinea;PP;1900;-4.03417;143.61954;Koiwat;Christianity;Melanesia;75;
Humene;Papua New Guinea;PP;2000;-9.70693;147.56221;Humene;Christianity;Melanesia;75;
Garus;Papua New Guinea;PP;5800;-4.9222;145.68321;Garus;Christianity;Melanesia;75;
Gnau;Papua New Guinea;PP;2800;-3.604204;142.238406;Gnau;Christianity;Melanesia;75;
Ere;Papua New Guinea;PP;3800;-2.15569;147.08286;Ere;Christianity;Melanesia;75;
Loniu;Papua New Guinea;PP;1700;-2.06124;147.34952;Loniu;Christianity;Melanesia;75;
Lugitama;Papua New Guinea;PP;1900;-3.79935;142.29906;Pahi;Christianity;Melanesia;75;
Isebe;Papua New Guinea;PP;3200;-5.20719;145.69081;Isebe;Christianity;Melanesia;75;
